window,pullback,target,stop,trades,win,mean,ci_lo,ci_hi,total
6M,0.0,0.01,0.005,93,0.3118279569892473,-0.0016590150416353209,-0.0027188748629646364,-0.0005551385510010018,-0.15428839887208484
1Y,0.0,0.01,0.005,181,0.35911602209944754,-0.000867359065056161,-0.0016877550212362935,-3.4380542866660105e-05,-0.15699199077516515
prior year,0.0,0.01,0.005,178,0.398876404494382,-0.0003643195792718087,-0.0013637611906175766,0.0007076553068002477,-0.06484888511038195
6M,0.0,0.01,0.01,93,0.3978494623655914,-0.0016433503195558267,-0.0028954618770002,-0.00036779516220551803,-0.15283157971869188
1Y,0.0,0.01,0.01,181,0.430939226519337,-0.0008867656382096996,-0.0018330790667319987,9.005691619934479e-05,-0.16050458051595562
prior year,0.0,0.01,0.01,178,0.5,-0.00042285239751090406,-0.0015973696097063739,0.0007744400541833693,-0.07526772675694092
6M,0.0,0.01,,93,0.40860215053763443,-0.0019939368556305534,-0.003493575757473952,-0.0005724106897539708,-0.18543612757364147
1Y,0.0,0.01,,181,0.44751381215469616,-0.0010690038433590926,-0.00216491625305053,6.541232711651029e-05,-0.19348969564799579
prior year,0.0,0.01,,178,0.5280898876404494,-0.0003788269391381485,-0.0016292479240427639,0.0008859268148589781,-0.06743119516659044
6M,0.0,0.015,0.005,93,0.3118279569892473,-0.001172520548873981,-0.0024324381860484196,0.00017903192478928295,-0.10904441104528023
1Y,0.0,0.015,0.005,181,0.35911602209944754,-0.0005525203213354298,-0.0014775528293834489,0.0004043984442270686,-0.10000617816171278
prior year,0.0,0.015,0.005,178,0.39325842696629215,-0.00015547530017509398,-0.0012542240626806673,0.0010010301641959142,-0.027674603431166726
6M,0.0,0.015,0.01,93,0.3978494623655914,-0.001237898649560557,-0.0026205846224140006,0.00021456472577427134,-0.11512457440913179
1Y,0.0,0.015,0.01,181,0.430939226519337,-0.0005787103770117077,-0.0016064114490656719,0.0005051112822067309,-0.10474657823911909
prior year,0.0,0.015,0.01,178,0.4887640449438202,-0.0002896166163994676,-0.0015835681126691323,0.001015136397865601,-0.05155175771910523
6M,0.0,0.015,,93,0.40860215053763443,-0.0015347217447750688,-0.003158305638837932,7.565689355498862e-05,-0.1427291222640814
1Y,0.0,0.015,,181,0.44751381215469616,-0.0007448042014259404,-0.0018975330370192233,0.00042955168670431464,-0.13480956045809522
prior year,0.0,0.015,,178,0.5168539325842697,-0.00025670478563546436,-0.0016119288176715595,0.0010995623457538965,-0.04569345184311265
6M,0.0,0.02,0.005,93,0.3118279569892473,-0.0009773683356487479,-0.002306821393519714,0.00047466176810070633,-0.09089525521533355
1Y,0.0,0.02,0.005,181,0.35911602209944754,-0.00037226226108378783,-0.0013548885610288987,0.0006440660179250763,-0.0673794692561656
prior year,0.0,0.02,0.005,178,0.39325842696629215,-9.736324170960961e-05,-0.0012370170870072677,0.0010929047573150345,-0.01733065702431051
6M,0.0,0.02,0.01,93,0.3978494623655914,-0.0010427464363353238,-0.0024905247105796707,0.0004995887879558091,-0.09697541857918511
1Y,0.0,0.02,0.01,181,0.430939226519337,-0.00043299350602419597,-0.0015077055091145897,0.0007117430151927036,-0.07837182459037947
prior year,0.0,0.02,0.01,178,0.4887640449438202,-0.00020341467029353318,-0.0015016617770635804,0.0011686400520289223,-0.03620781131224891
6M,0.0,0.02,,93,0.40860215053763443,-0.001364378408505906,-0.002991770603212801,0.0002717103320313159,-0.12688719199104925
1Y,0.0,0.02,,181,0.44751381215469616,-0.0006475297544737084,-0.0018081262962161295,0.0005521027383198813,-0.11720288555974122
prior year,0.0,0.02,,178,0.5168539325842697,-0.00017050283952952993,-0.0015590546518137501,0.0012245103494255103,-0.03034950543625633
6M,0.0,0.03,0.005,93,0.3118279569892473,-0.000900048834276486,-0.0022899609827720584,0.0006565270276995804,-0.08370454158771319
1Y,0.0,0.03,0.005,181,0.35911602209944754,-0.000275282657350787,-0.0013028159336483558,0.0007925901345747791,-0.049826160980492445
prior year,0.0,0.03,0.005,178,0.39325842696629215,-0.0001240905124740371,-0.00125589215773764,0.0010681155929049108,-0.0220881112203786
6M,0.0,0.03,0.01,93,0.3978494623655914,-0.0011192534430399777,-0.002616538266556138,0.0005374821482774292,-0.10409057020271792
1Y,0.0,0.03,0.01,181,0.430939226519337,-0.00041505183185557736,-0.0015231223823925196,0.0008233825226931929,-0.0751243815658595
prior year,0.0,0.03,0.01,178,0.4887640449438202,-0.00024220812192778826,-0.001563957081282794,0.001125783724728341,-0.04311304570314631
6M,0.0,0.03,,93,0.40860215053763443,-0.00144088541521056,-0.003127824192060607,0.0003137385280804502,-0.13400234361458208
1Y,0.0,0.03,,181,0.44751381215469616,-0.0006295880803050899,-0.0018352902744180055,0.0006222344048911839,-0.11395544253522126
prior year,0.0,0.03,,178,0.5168539325842697,-0.000209296291163785,-0.0016022807017539446,0.0012053689830991185,-0.03725473982715373
6M,0.005,0.01,0.005,60,0.35,-0.001588919659517784,-0.00286073986017188,-0.0002723496153405553,-0.09533517957106703
1Y,0.005,0.01,0.005,109,0.3211009174311927,-0.0017855960309355898,-0.0027560091290204604,-0.0007999635423326224,-0.1946299673719793
prior year,0.005,0.01,0.005,114,0.35964912280701755,-0.0006428460157657752,-0.001788798182987756,0.0005564124025121179,-0.07328444579729837
6M,0.005,0.01,0.01,60,0.45,-0.001480866465623426,-0.003115440861488742,8.425710461451433e-05,-0.08885198793740556
1Y,0.005,0.01,0.01,109,0.4036697247706422,-0.0018381697247516742,-0.0030738814553059857,-0.0006039441999352494,-0.20036049999793248
prior year,0.005,0.01,0.01,114,0.4649122807017544,-0.0006127546209900663,-0.0019958184946409154,0.00076757083039741,-0.06985402679286756
6M,0.005,0.01,,60,0.45,-0.002037292510424421,-0.004075251318067995,-0.00010614283785285402,-0.12223755062546526
1Y,0.005,0.01,,109,0.42201834862385323,-0.0020209039735772606,-0.003553729539352326,-0.0005410622358108118,-0.2202785331199214
prior year,0.005,0.01,,114,0.49122807017543857,-0.0003683226535306464,-0.0018683731896054895,0.0011179251853544812,-0.04198878250249369
6M,0.005,0.015,0.005,60,0.3333333333333333,-0.0013877105386751977,-0.002791852580202648,2.428364005867961e-05,-0.08326263232051186
1Y,0.005,0.015,0.005,109,0.3119266055045872,-0.0015481730091483974,-0.002620602088111301,-0.00041409048506902356,-0.16875085799717532
prior year,0.005,0.015,0.005,114,0.3508771929824561,-0.000402041570629438,-0.0016883296203335652,0.0009453197608525213,-0.04583273905175594
6M,0.005,0.015,0.01,60,0.43333333333333335,-0.0011963240114475058,-0.002958074150038039,0.00046232257167139906,-0.07177944068685035
1Y,0.005,0.015,0.01,109,0.3944954128440367,-0.0015428643893807324,-0.0028686391414302864,-0.00018297563458128592,-0.16817221844249983
prior year,0.005,0.015,0.01,114,0.4473684210526316,-0.0005700496901133186,-0.0020694848443407344,0.0009575607964472586,-0.06498566467291832
6M,0.005,0.015,,60,0.43333333333333335,-0.0017527500562485008,-0.003949340865613981,0.00022395811990599885,-0.10516500337491005
1Y,0.005,0.015,,109,0.41284403669724773,-0.0017446616390038962,-0.0033541083307153108,-0.00014984172068518138,-0.1901681186514247
prior year,0.005,0.015,,114,0.47368421052631576,-0.0003820659017628442,-0.0019481027145172576,0.0012240695173005127,-0.04355551280096424
6M,0.005,0.02,0.005,60,0.3333333333333333,-0.0013846166487582144,-0.0028055695462888205,8.709036490897007e-05,-0.08307699892549286
1Y,0.005,0.02,0.005,109,0.3119266055045872,-0.0014243291643205962,-0.002568063323388292,-0.00021613725204359184,-0.155251878910945
prior year,0.005,0.02,0.005,114,0.3508771929824561,-0.00027681297532935925,-0.0016065447393335114,0.0011281368342167574,-0.031556679187546954
6M,0.005,0.02,0.01,60,0.43333333333333335,-0.00110989678819719,-0.0029320630452421125,0.0006568342051096139,-0.0665938072918314
1Y,0.005,0.02,0.01,109,0.3944954128440367,-0.001406711964784729,-0.002771287897714061,1.3731717477663818e-05,-0.15333160416153546
prior year,0.005,0.02,0.01,114,0.4473684210526316,-0.0004009614456904317,-0.001935157312631493,0.0012163542897688814,-0.04570960480870921
6M,0.005,0.02,,60,0.43333333333333335,-0.0016663228329981848,-0.0038886458683650214,0.00037484107330607936,-0.09997936997989108
1Y,0.005,0.02,,109,0.41284403669724773,-0.0015626376547748639,-0.0032145476620114026,8.419636889697273e-05,-0.17032750437046015
prior year,0.005,0.02,,114,0.47368421052631576,-0.00021297765733995733,-0.0018432622314113725,0.0014632403728677677,-0.024279452936755135
6M,0.005,0.03,0.005,60,0.3333333333333333,-0.0013510027474685357,-0.002798192666988772,0.00013003485917090172,-0.08106016484811214
1Y,0.005,0.03,0.005,109,0.3119266055045872,-0.0012903624576591592,-0.0025161643975428884,5.0512337966292634e-05,-0.14064950788484837
prior year,0.005,0.03,0.005,114,0.3508771929824561,-0.00031577665838153075,-0.0016470012930203425,0.0011206902556675084,-0.03599853905549451
6M,0.005,0.03,0.01,60,0.43333333333333335,-0.0013546347962661131,-0.003110061750700664,0.0003645236269039936,-0.08127808777596679
1Y,0.005,0.03,0.01,109,0.3944954128440367,-0.0014259664926326143,-0.0028511621548884055,9.581922278660111e-05,-0.15543034769695496
prior year,0.005,0.03,0.01,114,0.4473684210526316,-0.0004587653058902286,-0.0019976502510294612,0.00117625460672169,-0.05229924487148606
6M,0.005,0.03,,60,0.43333333333333335,-0.001911060841067108,-0.003980754958744076,-2.2990490518238754e-05,-0.11466365046402648
1Y,0.005,0.03,,109,0.41284403669724773,-0.001659282609416658,-0.0033017405365500384,-3.673857200770788e-05,-0.18086180442641572
prior year,0.005,0.03,,114,0.47368421052631576,-0.00027078151753975427,-0.001919210250725017,0.0014423913398913075,-0.030869092999531986
6M,0.01,0.01,0.005,30,0.3,-0.001786901518134098,-0.0037546316011087036,0.0003367112693903972,-0.05360704554402294
1Y,0.01,0.01,0.005,61,0.29508196721311475,-0.0019617210206856186,-0.003366504128978045,-0.00048619608896489507,-0.11966498226182273
prior year,0.01,0.01,0.005,63,0.4126984126984127,-0.00040592624329933004,-0.0019200795122103296,0.0010946092370534386,-0.025573353327857793
6M,0.01,0.01,0.01,30,0.36666666666666664,-0.002380417018651941,-0.005036743035011178,0.0002228486843627458,-0.07141251055955822
1Y,0.01,0.01,0.01,61,0.3770491803278688,-0.0022979361038275637,-0.00417806413062039,-0.0004428194445362864,-0.14017410233348138
prior year,0.01,0.01,0.01,63,0.49206349206349204,-0.0008144841651603878,-0.0026489755457508968,0.0009305206018213995,-0.05131250240510443
6M,0.01,0.01,,30,0.4,-0.0026705288743524252,-0.005966785288215864,0.000698739873733621,-0.08011586623057276
1Y,0.01,0.01,,61,0.4262295081967213,-0.0021679274367842403,-0.00437975044396614,1.538979303880551e-05,-0.13224357364383865
prior year,0.01,0.01,,63,0.5238095238095238,-0.0005404292239782724,-0.0024539686675450574,0.0012963561052178852,-0.03404704111063116
6M,0.01,0.015,0.005,30,0.3,-0.0016340762311859984,-0.003753429893848826,0.0006561807084804066,-0.04902228693557995
1Y,0.01,0.015,0.005,61,0.29508196721311475,-0.0016406594041537697,-0.003198287404352752,4.354044202513759e-05,-0.10008022365337996
prior year,0.01,0.015,0.005,63,0.3968253968253968,-0.00012853599700237363,-0.0017842134754132053,0.0015266308479011603,-0.008097767811149539
6M,0.01,0.015,0.01,30,0.36666666666666664,-0.0022275917317038413,-0.004945434427809472,0.0004863785761505806,-0.06682775195111523
1Y,0.01,0.015,0.01,61,0.3770491803278688,-0.0020000655723110055,-0.0039801494984759754,-1.9784744616279994e-05,-0.12200399991097133
prior year,0.01,0.015,0.01,63,0.4603174603174603,-0.0007751891569586716,-0.002767680584889349,0.0010834827134646192,-0.04883691688839631
6M,0.01,0.015,,30,0.4,-0.0025177035874043257,-0.005879287536525013,0.0008888742156064752,-0.07553110762212978
1Y,0.01,0.015,,61,0.4262295081967213,-0.001953257789813977,-0.0042167875872467534,0.0002861856544814838,-0.1191487251786526
prior year,0.01,0.015,,63,0.49206349206349204,-0.0005325346239409673,-0.0025791769683209723,0.0014047003629941168,-0.03354968130828094
6M,0.01,0.02,0.005,30,0.3,-0.001300742897852661,-0.003708225605059915,0.0012721551067868895,-0.03902228693557983
1Y,0.01,0.02,0.005,61,0.29508196721311475,-0.0013929107311528887,-0.0031233124582663047,0.00047508860242353524,-0.0849675546003262
prior year,0.01,0.02,0.005,63,0.3968253968253968,-2.3588635517374902e-05,-0.0017723352079500375,0.0017298731391049479,-0.0014860840375946188
6M,0.01,0.02,0.01,30,0.36666666666666664,-0.0018942583983705037,-0.004804796763765849,0.0010188652234163157,-0.05682775195111511
1Y,0.01,0.02,0.01,61,0.3770491803278688,-0.0016703496861953681,-0.0037548042680715845,0.00045786544082088116,-0.10189133085791746
prior year,0.01,0.02,0.01,63,0.4603174603174603,-0.0007397396689792294,-0.0027385852343407182,0.0012038187542919255,-0.046603599145691454
6M,0.01,0.02,,30,0.4,-0.002184370254070989,-0.0056922529568121435,0.001372213295442163,-0.06553110762212966
1Y,0.01,0.02,,61,0.4262295081967213,-0.0016235419036983395,-0.004005409334500088,0.0006889153633611729,-0.09903605612559871
prior year,0.01,0.02,,63,0.49206349206349204,-0.0004970851359615252,-0.002571206327617074,0.001497800621943411,-0.031316363565576086
6M,0.01,0.03,0.005,30,0.3,-0.0011512453116731206,-0.003694043584720404,0.0015692480262403977,-0.03453735935019362
1Y,0.01,0.03,0.005,61,0.29508196721311475,-0.001099406278058546,-0.0030370024644256113,0.0010258336149754253,-0.06706378296157131
prior year,0.01,0.03,0.005,63,0.3968253968253968,-0.00017200633182009697,-0.0018433552953404347,0.001565801039126359,-0.01083639890466611
6M,0.01,0.03,0.01,30,0.36666666666666664,-0.0022216229872294027,-0.00512713966262656,0.0007931106829315342,-0.06664868961688208
1Y,0.01,0.03,0.01,61,0.3770491803278688,-0.001665902781313893,-0.003910908856717883,0.0007000661522193929,-0.10162006966014747
prior year,0.01,0.03,0.01,63,0.4603174603174603,-0.0008881573652819516,-0.0028542809464187414,0.0010198119809480858,-0.05595391401276295
6M,0.01,0.03,,30,0.4,-0.0025117348429298876,-0.00580024620844784,0.0007825638686601406,-0.07535204528789663
1Y,0.01,0.03,,61,0.4262295081967213,-0.0016190949988168645,-0.004004868039735536,0.0008034711151850126,-0.09876479492782873
prior year,0.01,0.03,,63,0.49206349206349204,-0.0006455028322642474,-0.0026679414935222644,0.0013371400153791772,-0.04066667843264758
