session,side,break_time,entry_time,entry,exit_time,exit,reason,ret,prev_level,ret_net,window
2026-04-16,BUY,2026-04-16 09:15:00+05:30,2026-04-16 11:15:00+05:30,915.4035241699218,2026-04-16 14:15:00+05:30,906.2494889282225,stop,-0.010000000000000009,924.6500244140624,-0.01100000000000001,6M
2026-04-27,SELL,2026-04-27 10:15:00+05:30,2026-04-27 11:15:00+05:30,921.7999877929688,2026-04-27 15:15:00+05:30,924.0,time,-0.0023866481190768507,909.7999877929688,-0.0033866481190768507,6M
2026-04-28,BUY,2026-04-28 09:15:00+05:30,2026-04-28 11:15:00+05:30,919.6605120849609,2026-04-28 15:15:00+05:30,923.6500244140624,time,0.004338027214038753,928.9500122070312,0.0033380272140387532,6M
2026-05-05,SELL,2026-05-05 09:15:00+05:30,2026-05-05 12:15:00+05:30,951.9754876708985,2026-05-05 15:15:00+05:30,960.0,time,-0.008429326629758371,942.5499877929688,-0.009429326629758372,6M
2026-05-07,BUY,2026-05-07 09:15:00+05:30,2026-05-07 10:15:00+05:30,973.8630120849609,2026-05-07 15:15:00+05:30,973.0,time,-0.0008861740041993249,983.7000122070312,-0.001886174004199325,6M
2026-05-14,BUY,2026-05-14 09:15:00+05:30,2026-05-14 10:15:00+05:30,892.5,2026-05-14 12:15:00+05:30,910.35,target,0.020000000000000018,907.3499755859376,0.019000000000000017,6M
2026-05-14,SELL,2026-05-14 09:15:00+05:30,2026-05-14 11:15:00+05:30,899.3040246582032,2026-05-14 11:15:00+05:30,908.2970649047852,stop,-0.010000000000000009,890.4000244140625,-0.01100000000000001,6M
2026-05-18,SELL,2026-05-18 09:15:00+05:30,2026-05-18 12:15:00+05:30,916.928475341797,2026-05-18 15:15:00+05:30,922.5,time,-0.00607629145351396,907.8499755859376,-0.00707629145351396,6M
2026-05-21,BUY,2026-05-21 09:15:00+05:30,2026-05-21 10:15:00+05:30,916.9875,2026-05-21 10:15:00+05:30,907.8176249999999,stop,-0.010000000000000009,926.25,-0.01100000000000001,6M
2026-05-26,BUY,2026-05-26 09:15:00+05:30,2026-05-26 13:15:00+05:30,934.56,2026-05-26 15:15:00+05:30,932.0,time,-0.0027392569765450903,944.0,-0.0037392569765450903,6M
2026-05-29,BUY,2026-05-29 09:15:00+05:30,2026-05-29 11:15:00+05:30,926.5410241699218,2026-05-29 12:15:00+05:30,917.2756139282226,stop,-0.010000000000000009,935.9000244140624,-0.01100000000000001,6M
2026-06-23,BUY,2026-06-23 10:15:00+05:30,2026-06-23 14:15:00+05:30,963.2205120849609,2026-06-23 15:15:00+05:30,962.0999755859376,time,-0.001163322920312182,972.9500122070312,-0.002163322920312182,6M
2026-06-24,SELL,2026-06-24 09:15:00+05:30,2026-06-24 10:15:00+05:30,970.3070123291016,2026-06-24 10:15:00+05:30,980.0100824523926,stop,-0.010000000000000009,960.7000122070312,-0.01100000000000001,6M
2026-06-25,BUY,2026-06-25 09:15:00+05:30,2026-06-25 13:15:00+05:30,983.9114758300782,2026-06-25 15:15:00+05:30,980.4000244140624,time,-0.0035688692552887646,993.8499755859376,-0.004568869255288765,6M
2026-06-29,SELL,2026-06-29 09:15:00+05:30,2026-06-29 10:15:00+05:30,988.7395123291016,2026-06-29 15:15:00+05:30,982.0499877929688,time,0.006765709727099667,978.9500122070312,0.005765709727099667,6M
2026-07-02,BUY,2026-07-02 10:15:00+05:30,2026-07-02 12:15:00+05:30,1014.9479516601563,2026-07-02 15:15:00+05:30,1020.0,time,0.004977642776242908,1025.199951171875,0.003977642776242908,6M
2026-07-07,SELL,2026-07-07 09:15:00+05:30,2026-07-07 10:15:00+05:30,1035.0480493164061,2026-07-07 14:15:00+05:30,1045.3985298095702,stop,-0.010000000000000009,1024.800048828125,-0.01100000000000001,6M
2026-07-08,SELL,2026-07-08 09:15:00+05:30,2026-07-08 12:15:00+05:30,1034.4419506835939,2026-07-08 13:15:00+05:30,1013.753111669922,target,0.020000000000000018,1024.199951171875,0.019000000000000017,6M
2026-07-13,SELL,2026-07-13 09:15:00+05:30,2026-07-13 10:15:00+05:30,1016.4000244140624,2026-07-13 14:15:00+05:30,1026.564024658203,stop,-0.010000000000000009,1004.5999755859376,-0.01100000000000001,6M
2026-07-30,SELL,2026-07-30 09:15:00+05:30,2026-07-30 15:15:00+05:30,1058.985,2026-07-30 15:15:00+05:30,1057.0,time,0.0018744363706756362,1048.5,0.0008744363706756362,6M
2026-08-05,BUY,2026-08-05 09:15:00+05:30,2026-08-05 12:15:00+05:30,1147.508975830078,2026-08-05 15:15:00+05:30,1158.800048828125,time,0.00983963806459931,1159.0999755859375,0.008839638064599309,6M
2026-08-06,SELL,2026-08-06 09:15:00+05:30,2026-08-06 10:15:00+05:30,1156.6519506835937,2026-08-06 15:15:00+05:30,1144.800048828125,time,0.010246731394404351,1145.199951171875,0.00924673139440435,6M
2026-08-10,SELL,2026-08-10 09:15:00+05:30,2026-08-10 11:15:00+05:30,1085.4469506835937,2026-08-10 13:15:00+05:30,1096.3014201904298,stop,-0.010000000000000009,1074.699951171875,-0.01100000000000001,6M
2026-08-17,SELL,2026-08-17 09:15:00+05:30,2026-08-17 12:15:00+05:30,1096.2540246582032,2026-08-17 15:15:00+05:30,1089.300048828125,time,0.006343398221271168,1085.4000244140625,0.005343398221271168,6M
2026-08-27,BUY,2026-08-27 09:15:00+05:30,2026-08-27 14:15:00+05:30,1084.05,2026-08-27 15:15:00+05:30,1083.0,time,-0.0009685900096858546,1095.0,-0.0019685900096858546,6M
2026-09-02,SELL,2026-09-02 09:15:00+05:30,2026-09-02 13:15:00+05:30,1057.47,2026-09-02 15:15:00+05:30,1055.9000244140625,time,0.0014846526009603123,1047.0,0.00048465260096031224,6M
2026-09-09,BUY,2026-09-09 11:15:00+05:30,2026-09-09 12:15:00+05:30,1046.9000244140625,2026-09-09 15:15:00+05:30,1039.300048828125,time,-0.00725950464103875,1058.9000244140625,-0.00825950464103875,6M
2026-09-15,BUY,2026-09-15 09:15:00+05:30,2026-09-15 10:15:00+05:30,1019.5,2026-09-15 13:15:00+05:30,1009.305,stop,-0.010000000000000009,1035.0,-0.01100000000000001,6M
2026-10-07,BUY,2026-10-07 09:15:00+05:30,2026-10-07 10:15:00+05:30,957.6500244140624,2026-10-07 11:15:00+05:30,977.5499877929688,target_gap,0.02077999568901201,973.25,0.01977999568901201,6M
2026-10-07,SELL,2026-10-07 09:15:00+05:30,2026-10-07 10:15:00+05:30,966.6204876708985,2026-10-07 10:15:00+05:30,976.2866925476075,stop,-0.010000000000000009,957.0499877929688,-0.01100000000000001,6M
2025-10-14,BUY,2025-10-14 09:15:00+05:30,2025-10-14 10:15:00+05:30,1026.300048828125,2025-10-14 11:15:00+05:30,1016.0370483398438,stop,-0.010000000000000009,1039.949951171875,-0.01100000000000001,1Y
2025-10-17,SELL,2025-10-17 09:15:00+05:30,2025-10-17 10:15:00+05:30,1070.700975341797,2025-10-17 15:15:00+05:30,1070.0,time,0.0006546882443748681,1060.0999755859375,-0.00034531175562513197,1Y
2025-10-31,BUY,2025-10-31 09:15:00+05:30,2025-10-31 10:15:00+05:30,1056.1320483398438,2025-10-31 14:15:00+05:30,1045.5707278564453,stop,-0.010000000000000009,1066.800048828125,-0.01100000000000001,1Y
2025-11-07,SELL,2025-11-07 09:15:00+05:30,2025-11-07 11:15:00+05:30,1049.5919506835937,2025-11-07 11:15:00+05:30,1060.0878701904296,stop,-0.010000000000000009,1039.199951171875,-0.01100000000000001,1Y
2025-11-13,BUY,2025-11-13 09:15:00+05:30,2025-11-13 13:15:00+05:30,1008.1169879150391,2025-11-13 15:15:00+05:30,1006.7000122070312,time,-0.0014055667397673277,1018.2999877929688,-0.0024055667397673277,1Y
2025-11-14,SELL,2025-11-14 09:15:00+05:30,2025-11-14 13:15:00+05:30,1014.04,2025-11-14 15:15:00+05:30,1017.0,time,-0.0029190170013018157,1004.0,-0.003919017001301816,1Y
2025-11-26,SELL,2025-11-26 09:15:00+05:30,2025-11-26 10:15:00+05:30,1000.0,2025-11-26 11:15:00+05:30,1010.0,stop,-0.010000000000000009,984.5999755859376,-0.01100000000000001,1Y
2025-12-02,SELL,2025-12-02 09:15:00+05:30,2025-12-02 10:15:00+05:30,1029.19,2025-12-02 15:15:00+05:30,1025.5,time,0.0035853438140673877,1019.0,0.0025853438140673876,1Y
2025-12-11,SELL,2025-12-11 09:15:00+05:30,2025-12-11 10:15:00+05:30,1017.3729876708984,2025-12-11 15:15:00+05:30,1008.0,time,0.009212931525100054,1007.2999877929688,0.008212931525100053,1Y
2025-12-17,BUY,2025-12-17 09:15:00+05:30,2025-12-17 11:15:00+05:30,1000.4939758300783,2025-12-17 15:15:00+05:30,1000.0999755859376,time,-0.00039380571363634154,1010.5999755859376,-0.0013938057136363416,1Y
2025-12-18,SELL,2025-12-18 09:15:00+05:30,2025-12-18 11:15:00+05:30,1005.2529876708984,2025-12-18 15:15:00+05:30,1001.0,time,0.004230763522277359,995.2999877929688,0.0032307635222773587,1Y
2025-12-24,BUY,2025-12-24 09:15:00+05:30,2025-12-24 15:15:00+05:30,1007.8199999999999,2025-12-24 15:15:00+05:30,1011.7000122070312,time,0.0038499059425605164,1018.0,0.0028499059425605164,1Y
2026-01-02,SELL,2026-01-02 09:15:00+05:30,2026-01-02 10:15:00+05:30,986.1500244140624,2026-01-02 15:15:00+05:30,990.4500122070312,time,-0.004360378934760822,969.2999877929688,-0.005360378934760822,1Y
2026-01-05,BUY,2026-01-05 09:15:00+05:30,2026-01-05 10:15:00+05:30,982.7999877929688,2026-01-05 15:15:00+05:30,977.8499755859376,time,-0.005036642519855139,993.4500122070312,-0.006036642519855139,1Y
2026-01-08,BUY,2026-01-08 10:15:00+05:30,2026-01-08 11:15:00+05:30,966.24,2026-01-08 15:15:00+05:30,970.0999755859376,time,0.003994841432705787,976.0,0.002994841432705787,1Y
2026-01-09,BUY,2026-01-09 09:15:00+05:30,2026-01-09 11:15:00+05:30,968.4675,2026-01-09 13:15:00+05:30,958.782825,stop,-0.010000000000000009,978.25,-0.01100000000000001,1Y
2026-01-13,SELL,2026-01-13 12:15:00+05:30,2026-01-13 14:15:00+05:30,949.500975341797,2026-01-13 15:15:00+05:30,949.0,time,0.0005276196178910508,940.0999755859376,-0.0004723803821089492,1Y
2026-01-16,SELL,2026-01-16 09:15:00+05:30,2026-01-16 10:15:00+05:30,954.2000122070312,2026-01-16 15:15:00+05:30,951.0,time,0.003353607384294355,943.2000122070312,0.0023536073842943548,1Y
2026-01-19,BUY,2026-01-19 09:15:00+05:30,2026-01-19 11:15:00+05:30,950.25,2026-01-19 12:15:00+05:30,969.255,target,0.020000000000000018,962.9500122070312,0.019000000000000017,1Y
2026-01-20,BUY,2026-01-20 09:15:00+05:30,2026-01-20 10:15:00+05:30,945.0499877929688,2026-01-20 14:15:00+05:30,935.599487915039,stop,-0.010000000000000009,972.6500244140624,-0.01100000000000001,1Y
2026-01-21,SELL,2026-01-21 09:15:00+05:30,2026-01-21 11:15:00+05:30,937.3304876708985,2026-01-21 12:15:00+05:30,946.7037925476075,stop,-0.010000000000000009,928.0499877929688,-0.01100000000000001,1Y
2026-01-23,BUY,2026-01-23 09:15:00+05:30,2026-01-23 11:15:00+05:30,936.7875,2026-01-23 13:15:00+05:30,927.419625,stop,-0.010000000000000009,946.25,-0.01100000000000001,1Y
2026-02-04,BUY,2026-02-04 10:15:00+05:30,2026-02-04 12:15:00+05:30,962.6760241699218,2026-02-04 15:15:00+05:30,963.9500122070312,time,0.0013233819115916479,972.4000244140624,0.00032338191159164784,1Y
2026-02-25,BUY,2026-02-25 09:15:00+05:30,2026-02-25 12:15:00+05:30,1017.6704516601562,2026-02-25 15:15:00+05:30,1021.0499877929688,time,0.0033208551228931515,1027.949951171875,0.0023208551228931515,1Y
2026-03-05,BUY,2026-03-05 10:15:00+05:30,2026-03-05 11:15:00+05:30,956.2905120849609,2026-03-05 14:15:00+05:30,946.7276069641114,stop,-0.009999999999999898,965.9500122070312,-0.010999999999999899,1Y
2026-03-16,BUY,2026-03-16 09:15:00+05:30,2026-03-16 10:15:00+05:30,859.6664758300781,2026-03-16 14:15:00+05:30,876.8598053466797,target,0.020000000000000018,868.3499755859375,0.019000000000000017,1Y
2026-03-18,BUY,2026-03-18 09:15:00+05:30,2026-03-18 10:15:00+05:30,860.8499755859375,2026-03-18 13:15:00+05:30,878.0669750976563,target,0.020000000000000018,881.0499877929688,0.019000000000000017,1Y
2026-03-18,SELL,2026-03-18 09:15:00+05:30,2026-03-18 11:15:00+05:30,868.1454876708984,2026-03-18 13:15:00+05:30,876.8269425476075,stop,-0.010000000000000009,859.5499877929688,-0.01100000000000001,1Y
2026-04-01,BUY,2026-04-01 09:15:00+05:30,2026-04-01 13:15:00+05:30,825.9075,2026-04-01 14:15:00+05:30,817.648425,stop,-0.010000000000000009,834.25,-0.01100000000000001,1Y
2026-04-02,SELL,2026-04-02 09:15:00+05:30,2026-04-02 14:15:00+05:30,823.5540246582032,2026-04-02 15:15:00+05:30,826.8499755859375,time,-0.004002106515237136,815.4000244140625,-0.005002106515237136,1Y
2026-04-06,BUY,2026-04-06 09:15:00+05:30,2026-04-06 10:15:00+05:30,821.749487915039,2026-04-06 12:15:00+05:30,838.1844776733399,target,0.020000000000000018,830.0499877929688,0.019000000000000017,1Y
2026-04-16,BUY,2026-04-16 09:15:00+05:30,2026-04-16 11:15:00+05:30,915.4035241699218,2026-04-16 14:15:00+05:30,906.2494889282225,stop,-0.010000000000000009,924.6500244140624,-0.01100000000000001,1Y
2026-04-27,SELL,2026-04-27 10:15:00+05:30,2026-04-27 11:15:00+05:30,921.7999877929688,2026-04-27 15:15:00+05:30,924.0,time,-0.0023866481190768507,909.7999877929688,-0.0033866481190768507,1Y
2026-04-28,BUY,2026-04-28 09:15:00+05:30,2026-04-28 11:15:00+05:30,919.6605120849609,2026-04-28 15:15:00+05:30,923.6500244140624,time,0.004338027214038753,928.9500122070312,0.0033380272140387532,1Y
2026-05-05,SELL,2026-05-05 09:15:00+05:30,2026-05-05 12:15:00+05:30,951.9754876708985,2026-05-05 15:15:00+05:30,960.0,time,-0.008429326629758371,942.5499877929688,-0.009429326629758372,1Y
2026-05-07,BUY,2026-05-07 09:15:00+05:30,2026-05-07 10:15:00+05:30,973.8630120849609,2026-05-07 15:15:00+05:30,973.0,time,-0.0008861740041993249,983.7000122070312,-0.001886174004199325,1Y
2026-05-14,BUY,2026-05-14 09:15:00+05:30,2026-05-14 10:15:00+05:30,892.5,2026-05-14 12:15:00+05:30,910.35,target,0.020000000000000018,907.3499755859376,0.019000000000000017,1Y
2026-05-14,SELL,2026-05-14 09:15:00+05:30,2026-05-14 11:15:00+05:30,899.3040246582032,2026-05-14 11:15:00+05:30,908.2970649047852,stop,-0.010000000000000009,890.4000244140625,-0.01100000000000001,1Y
2026-05-18,SELL,2026-05-18 09:15:00+05:30,2026-05-18 12:15:00+05:30,916.928475341797,2026-05-18 15:15:00+05:30,922.5,time,-0.00607629145351396,907.8499755859376,-0.00707629145351396,1Y
2026-05-21,BUY,2026-05-21 09:15:00+05:30,2026-05-21 10:15:00+05:30,916.9875,2026-05-21 10:15:00+05:30,907.8176249999999,stop,-0.010000000000000009,926.25,-0.01100000000000001,1Y
2026-05-26,BUY,2026-05-26 09:15:00+05:30,2026-05-26 13:15:00+05:30,934.56,2026-05-26 15:15:00+05:30,932.0,time,-0.0027392569765450903,944.0,-0.0037392569765450903,1Y
2026-05-29,BUY,2026-05-29 09:15:00+05:30,2026-05-29 11:15:00+05:30,926.5410241699218,2026-05-29 12:15:00+05:30,917.2756139282226,stop,-0.010000000000000009,935.9000244140624,-0.01100000000000001,1Y
2026-06-23,BUY,2026-06-23 10:15:00+05:30,2026-06-23 14:15:00+05:30,963.2205120849609,2026-06-23 15:15:00+05:30,962.0999755859376,time,-0.001163322920312182,972.9500122070312,-0.002163322920312182,1Y
2026-06-24,SELL,2026-06-24 09:15:00+05:30,2026-06-24 10:15:00+05:30,970.3070123291016,2026-06-24 10:15:00+05:30,980.0100824523926,stop,-0.010000000000000009,960.7000122070312,-0.01100000000000001,1Y
2026-06-25,BUY,2026-06-25 09:15:00+05:30,2026-06-25 13:15:00+05:30,983.9114758300782,2026-06-25 15:15:00+05:30,980.4000244140624,time,-0.0035688692552887646,993.8499755859376,-0.004568869255288765,1Y
2026-06-29,SELL,2026-06-29 09:15:00+05:30,2026-06-29 10:15:00+05:30,988.7395123291016,2026-06-29 15:15:00+05:30,982.0499877929688,time,0.006765709727099667,978.9500122070312,0.005765709727099667,1Y
2026-07-02,BUY,2026-07-02 10:15:00+05:30,2026-07-02 12:15:00+05:30,1014.9479516601563,2026-07-02 15:15:00+05:30,1020.0,time,0.004977642776242908,1025.199951171875,0.003977642776242908,1Y
2026-07-07,SELL,2026-07-07 09:15:00+05:30,2026-07-07 10:15:00+05:30,1035.0480493164061,2026-07-07 14:15:00+05:30,1045.3985298095702,stop,-0.010000000000000009,1024.800048828125,-0.01100000000000001,1Y
2026-07-08,SELL,2026-07-08 09:15:00+05:30,2026-07-08 12:15:00+05:30,1034.4419506835939,2026-07-08 13:15:00+05:30,1013.753111669922,target,0.020000000000000018,1024.199951171875,0.019000000000000017,1Y
2026-07-13,SELL,2026-07-13 09:15:00+05:30,2026-07-13 10:15:00+05:30,1016.4000244140624,2026-07-13 14:15:00+05:30,1026.564024658203,stop,-0.010000000000000009,1004.5999755859376,-0.01100000000000001,1Y
2026-07-30,SELL,2026-07-30 09:15:00+05:30,2026-07-30 15:15:00+05:30,1058.985,2026-07-30 15:15:00+05:30,1057.0,time,0.0018744363706756362,1048.5,0.0008744363706756362,1Y
2026-08-05,BUY,2026-08-05 09:15:00+05:30,2026-08-05 12:15:00+05:30,1147.508975830078,2026-08-05 15:15:00+05:30,1158.800048828125,time,0.00983963806459931,1159.0999755859375,0.008839638064599309,1Y
2026-08-06,SELL,2026-08-06 09:15:00+05:30,2026-08-06 10:15:00+05:30,1156.6519506835937,2026-08-06 15:15:00+05:30,1144.800048828125,time,0.010246731394404351,1145.199951171875,0.00924673139440435,1Y
2026-08-10,SELL,2026-08-10 09:15:00+05:30,2026-08-10 11:15:00+05:30,1085.4469506835937,2026-08-10 13:15:00+05:30,1096.3014201904298,stop,-0.010000000000000009,1074.699951171875,-0.01100000000000001,1Y
2026-08-17,SELL,2026-08-17 09:15:00+05:30,2026-08-17 12:15:00+05:30,1096.2540246582032,2026-08-17 15:15:00+05:30,1089.300048828125,time,0.006343398221271168,1085.4000244140625,0.005343398221271168,1Y
2026-08-27,BUY,2026-08-27 09:15:00+05:30,2026-08-27 14:15:00+05:30,1084.05,2026-08-27 15:15:00+05:30,1083.0,time,-0.0009685900096858546,1095.0,-0.0019685900096858546,1Y
2026-09-02,SELL,2026-09-02 09:15:00+05:30,2026-09-02 13:15:00+05:30,1057.47,2026-09-02 15:15:00+05:30,1055.9000244140625,time,0.0014846526009603123,1047.0,0.00048465260096031224,1Y
2026-09-09,BUY,2026-09-09 11:15:00+05:30,2026-09-09 12:15:00+05:30,1046.9000244140625,2026-09-09 15:15:00+05:30,1039.300048828125,time,-0.00725950464103875,1058.9000244140625,-0.00825950464103875,1Y
2026-09-15,BUY,2026-09-15 09:15:00+05:30,2026-09-15 10:15:00+05:30,1019.5,2026-09-15 13:15:00+05:30,1009.305,stop,-0.010000000000000009,1035.0,-0.01100000000000001,1Y
2026-10-07,BUY,2026-10-07 09:15:00+05:30,2026-10-07 10:15:00+05:30,957.6500244140624,2026-10-07 11:15:00+05:30,977.5499877929688,target_gap,0.02077999568901201,973.25,0.01977999568901201,1Y
2026-10-07,SELL,2026-10-07 09:15:00+05:30,2026-10-07 10:15:00+05:30,966.6204876708985,2026-10-07 10:15:00+05:30,976.2866925476075,stop,-0.010000000000000009,957.0499877929688,-0.01100000000000001,1Y
2024-10-21,BUY,2024-10-21 09:15:00+05:30,2024-10-21 10:15:00+05:30,3409.97509765625,2024-10-21 11:15:00+05:30,3375.8753466796875,stop,-0.010000000000000009,3469.0,-0.01100000000000001,prior year
2024-10-23,SELL,2024-10-23 09:15:00+05:30,2024-10-23 10:15:00+05:30,3503.199951171875,2024-10-23 11:15:00+05:30,3538.231950683594,stop,-0.010000000000000009,3322.5,-0.01100000000000001,prior year
2024-10-24,BUY,2024-10-24 09:15:00+05:30,2024-10-24 10:15:00+05:30,3513.9059033203125,2024-10-24 15:15:00+05:30,3518.52490234375,time,0.001314491380965288,3549.39990234375,0.00031449138096528804,prior year
2024-10-28,SELL,2024-10-28 09:15:00+05:30,2024-10-28 10:15:00+05:30,3481.6214013671874,2024-10-28 10:15:00+05:30,3516.4376153808594,stop,-0.010000000000000009,3447.14990234375,-0.01100000000000001,prior year
2024-10-29,SELL,2024-10-29 09:15:00+05:30,2024-10-29 12:15:00+05:30,3471.875,2024-10-29 13:15:00+05:30,3506.59375,stop,-0.010000000000000009,3437.5,-0.01100000000000001,prior year
2024-11-05,BUY,2024-11-05 13:15:00+05:30,2024-11-05 15:15:00+05:30,3443.3684033203126,2024-11-05 15:15:00+05:30,3465.175048828125,time,0.0063329400033946825,3478.14990234375,0.0053329400033946825,prior year
2024-11-05,SELL,2024-11-05 11:15:00+05:30,2024-11-05 13:15:00+05:30,3410.214450683594,2024-11-05 13:15:00+05:30,3444.31659519043,stop,-0.010000000000000009,3376.449951171875,-0.01100000000000001,prior year
2024-11-06,BUY,2024-11-06 09:15:00+05:30,2024-11-06 10:15:00+05:30,3460.800048828125,2024-11-06 15:15:00+05:30,3503.10009765625,time,0.012222621426062563,3507.47509765625,0.011222621426062562,prior year
2024-11-13,SELL,2024-11-13 09:15:00+05:30,2024-11-13 10:15:00+05:30,3340.575,2024-11-13 14:15:00+05:30,3273.7634999999996,target,0.02000000000000013,3307.5,0.019000000000000128,prior year
2024-11-18,BUY,2024-11-18 09:15:00+05:30,2024-11-18 11:15:00+05:30,3284.993298339844,2024-11-18 15:15:00+05:30,3283.5,time,-0.0004545818527540435,3318.175048828125,-0.0014545818527540435,prior year
2024-12-02,BUY,2024-12-02 09:15:00+05:30,2024-12-02 10:15:00+05:30,3254.0,2024-12-02 13:15:00+05:30,3319.08,target,0.020000000000000018,3304.449951171875,0.019000000000000017,prior year
2024-12-02,SELL,2024-12-02 09:15:00+05:30,2024-12-02 11:15:00+05:30,3289.2164013671877,2024-12-02 13:15:00+05:30,3322.1085653808595,stop,-0.010000000000000009,3256.64990234375,-0.01100000000000001,prior year
2024-12-05,BUY,2024-12-05 09:15:00+05:30,2024-12-05 10:15:00+05:30,3348.377951660156,2024-12-05 13:15:00+05:30,3415.3455106933593,target,0.020000000000000018,3382.199951171875,0.019000000000000017,prior year
2024-12-10,BUY,2024-12-10 09:15:00+05:30,2024-12-10 12:15:00+05:30,3427.875,2024-12-10 15:15:00+05:30,3464.5,time,0.010684461947999768,3462.5,0.009684461947999767,prior year
2024-12-13,SELL,2024-12-13 09:15:00+05:30,2024-12-13 12:15:00+05:30,3573.50625,2024-12-13 15:15:00+05:30,3592.39990234375,time,-0.005287146858565128,3538.125,-0.006287146858565128,prior year
2024-12-17,BUY,2024-12-17 11:15:00+05:30,2024-12-17 12:15:00+05:30,3587.1907983398437,2024-12-17 15:15:00+05:30,3576.39990234375,time,-0.003008174530634844,3623.425048828125,-0.004008174530634844,prior year
2024-12-17,SELL,2024-12-17 09:15:00+05:30,2024-12-17 10:15:00+05:30,3613.830549316406,2024-12-17 15:15:00+05:30,3576.39990234375,time,0.010357609871812223,3578.050048828125,0.009357609871812222,prior year
2024-12-20,BUY,2024-12-20 09:15:00+05:30,2024-12-20 10:15:00+05:30,3462.324951171875,2024-12-20 12:15:00+05:30,3427.7017016601562,stop,-0.010000000000000009,3506.800048828125,-0.01100000000000001,prior year
2024-12-30,BUY,2024-12-30 11:15:00+05:30,2024-12-30 13:15:00+05:30,3453.4665966796874,2024-12-30 15:15:00+05:30,3444.125,time,-0.002704991178622884,3488.35009765625,-0.003704991178622884,prior year
2025-01-06,BUY,2025-01-06 09:15:00+05:30,2025-01-06 11:15:00+05:30,3710.4209033203124,2025-01-06 11:15:00+05:30,3673.3166942871094,stop,-0.010000000000000009,3747.89990234375,-0.01100000000000001,prior year
2025-01-06,SELL,2025-01-06 11:15:00+05:30,2025-01-06 12:15:00+05:30,3717.305,2025-01-06 15:15:00+05:30,3673.449951171875,time,0.011797538493108495,3680.5,0.010797538493108494,prior year
2025-01-07,SELL,2025-01-07 09:15:00+05:30,2025-01-07 10:15:00+05:30,3695.009299316406,2025-01-07 15:15:00+05:30,3667.77490234375,time,0.0073705895618976225,3658.425048828125,0.0063705895618976225,prior year
2025-01-08,SELL,2025-01-08 09:15:00+05:30,2025-01-08 14:15:00+05:30,3688.3432006835938,2025-01-08 15:15:00+05:30,3679.125,time,0.0024992795361031828,3651.824951171875,0.0014992795361031827,prior year
2025-01-10,BUY,2025-01-10 11:15:00+05:30,2025-01-10 12:15:00+05:30,3640.8982983398437,2025-01-10 15:15:00+05:30,3645.0,time,0.0011265630962629114,3677.675048828125,0.00012656309626291138,prior year
2025-01-17,SELL,2025-01-17 09:15:00+05:30,2025-01-17 10:15:00+05:30,3634.939450683594,2025-01-17 15:15:00+05:30,3592.5,time,0.011675421629268823,3598.949951171875,0.010675421629268822,prior year
2025-01-21,BUY,2025-01-21 09:15:00+05:30,2025-01-21 10:15:00+05:30,3690.02490234375,2025-01-21 14:15:00+05:30,3653.1246533203125,stop,-0.010000000000000009,3734.35009765625,-0.01100000000000001,prior year
2025-01-22,SELL,2025-01-22 09:15:00+05:30,2025-01-22 14:15:00+05:30,3675.2385986328127,2025-01-22 15:15:00+05:30,3697.47509765625,time,-0.006050355215498016,3638.85009765625,-0.007050355215498016,prior year
2025-01-31,SELL,2025-01-31 09:15:00+05:30,2025-01-31 10:15:00+05:30,3972.8855493164065,2025-01-31 15:15:00+05:30,3942.550048828125,time,0.00763563412832291,3933.550048828125,0.00663563412832291,prior year
2025-02-04,BUY,2025-02-04 09:15:00+05:30,2025-02-04 10:15:00+05:30,4177.305,2025-02-04 15:15:00+05:30,4221.6748046875,time,0.010621633969149835,4219.5,0.009621633969149834,prior year
2025-02-06,BUY,2025-02-06 09:15:00+05:30,2025-02-06 11:15:00+05:30,4247.124653320312,2025-02-06 15:15:00+05:30,4253.64990234375,time,0.001536392160832012,4290.02490234375,0.0005363921608320119,prior year
2025-02-12,SELL,2025-02-12 09:15:00+05:30,2025-02-12 11:15:00+05:30,4110.498049316407,2025-02-12 15:15:00+05:30,4102.89990234375,time,0.0018484735624483273,4069.800048828125,0.0008484735624483273,prior year
2025-02-17,SELL,2025-02-17 09:15:00+05:30,2025-02-17 10:15:00+05:30,4198.375,2025-02-17 10:15:00+05:30,4240.35875,stop,-0.010000000000000009,4141.0,-0.01100000000000001,prior year
2025-02-28,SELL,2025-02-28 09:15:00+05:30,2025-02-28 12:15:00+05:30,4318.330947265625,2025-02-28 15:15:00+05:30,4263.22509765625,time,0.012760913946224473,4275.5751953125,0.011760913946224472,prior year
2025-03-03,SELL,2025-03-03 09:15:00+05:30,2025-03-03 12:15:00+05:30,4297.600302734375,2025-03-03 15:15:00+05:30,4322.5,time,-0.0057938606458545205,4255.0498046875,-0.0067938606458545206,prior year
2025-03-10,BUY,2025-03-10 09:15:00+05:30,2025-03-10 14:15:00+05:30,4192.65,2025-03-10 15:15:00+05:30,4170.0,time,-0.0054023111874350604,4235.0,-0.0064023111874350605,prior year
2025-03-13,BUY,2025-03-13 09:15:00+05:30,2025-03-13 11:15:00+05:30,4219.6275,2025-03-13 15:15:00+05:30,4210.22509765625,time,-0.002228254115736461,4262.25,-0.003228254115736461,prior year
2025-03-25,BUY,2025-03-25 09:15:00+05:30,2025-03-25 11:15:00+05:30,4510.44,2025-03-25 15:15:00+05:30,4533.625,time,0.005140296733799898,4556.0,0.004140296733799898,prior year
2025-03-27,SELL,2025-03-27 09:15:00+05:30,2025-03-27 10:15:00+05:30,4474.3,2025-03-27 14:15:00+05:30,4519.043000000001,stop,-0.010000000000000009,4430.0,-0.01100000000000001,prior year
2025-04-03,BUY,2025-04-03 09:15:00+05:30,2025-04-03 10:15:00+05:30,4331.893403320312,2025-04-03 10:15:00+05:30,4288.574469287109,stop,-0.009999999999999898,4375.64990234375,-0.010999999999999899,prior year
2025-04-03,SELL,2025-04-03 09:15:00+05:30,2025-04-03 10:15:00+05:30,4350.246552734375,2025-04-03 11:15:00+05:30,4247.5,target_gap,0.023618558509009735,4307.1748046875,0.022618558509009734,prior year
2025-04-09,SELL,2025-04-09 10:15:00+05:30,2025-04-09 15:15:00+05:30,4376.5825,2025-04-09 15:15:00+05:30,4367.89990234375,time,0.0019838761536542515,4333.25,0.0009838761536542515,prior year
2025-04-17,SELL,2025-04-17 09:15:00+05:30,2025-04-17 11:15:00+05:30,4526.82,2025-04-17 13:15:00+05:30,4572.0882,stop,-0.010000000000000009,4482.0,-0.01100000000000001,prior year
2025-04-23,SELL,2025-04-23 09:15:00+05:30,2025-04-23 14:15:00+05:30,4661.9075,2025-04-23 15:15:00+05:30,4652.5,time,0.0020179508066172636,4615.75,0.0010179508066172635,prior year
2025-04-29,BUY,2025-04-29 09:15:00+05:30,2025-04-29 10:15:00+05:30,4509.5,2025-04-29 15:15:00+05:30,4550.0,time,0.008981040026610598,4562.0,0.007981040026610597,prior year
2025-04-29,SELL,2025-04-29 09:15:00+05:30,2025-04-29 13:15:00+05:30,4545.505,2025-04-29 15:15:00+05:30,4550.0,time,-0.0009888890233318293,4500.5,-0.0019888890233318293,prior year
2025-05-07,SELL,2025-05-07 09:15:00+05:30,2025-05-07 10:15:00+05:30,4418.75,2025-05-07 11:15:00+05:30,4462.9375,stop,-0.010000000000000009,4375.0,-0.01100000000000001,prior year
2025-05-08,BUY,2025-05-08 09:15:00+05:30,2025-05-08 12:15:00+05:30,4453.7625,2025-05-08 15:15:00+05:30,4409.224875,stop,-0.010000000000000009,4498.75,-0.01100000000000001,prior year
2025-05-20,BUY,2025-05-20 09:15:00+05:30,2025-05-20 11:15:00+05:30,4591.125,2025-05-20 14:15:00+05:30,4545.21375,stop,-0.010000000000000009,4637.5,-0.01100000000000001,prior year
2025-05-21,SELL,2025-05-21 09:15:00+05:30,2025-05-21 10:15:00+05:30,4579.845,2025-05-21 10:15:00+05:30,4625.6434500000005,stop,-0.010000000000000009,4534.5,-0.01100000000000001,prior year
2025-06-20,SELL,2025-06-20 09:15:00+05:30,2025-06-20 10:15:00+05:30,902.94,2025-06-20 15:15:00+05:30,901.5,time,0.001594790351518438,894.0,0.000594790351518438,prior year
2025-06-27,BUY,2025-06-27 09:15:00+05:30,2025-06-27 10:15:00+05:30,940.0,2025-06-27 15:15:00+05:30,945.5,time,0.005851063829787284,953.5,0.004851063829787284,prior year
2025-07-22,BUY,2025-07-22 09:15:00+05:30,2025-07-22 10:15:00+05:30,941.3414758300783,2025-07-22 15:15:00+05:30,954.9500122070312,time,0.014456535408633675,950.8499755859376,0.013456535408633674,prior year
2025-07-29,SELL,2025-07-29 09:15:00+05:30,2025-07-29 12:15:00+05:30,887.8909753417969,2025-07-29 15:15:00+05:30,886.5499877929688,time,0.0015103065422101825,879.0999755859375,0.0005103065422101824,prior year
2025-07-31,SELL,2025-07-31 09:15:00+05:30,2025-07-31 12:15:00+05:30,883.8509753417969,2025-07-31 15:15:00+05:30,881.2000122070312,time,0.0029993327028241534,875.0999755859375,0.0019993327028241534,prior year
2025-08-01,BUY,2025-08-01 09:15:00+05:30,2025-08-01 14:15:00+05:30,878.8725,2025-08-01 15:15:00+05:30,876.0,time,-0.003268392172926071,887.75,-0.004268392172926071,prior year
2025-08-06,BUY,2025-08-06 09:15:00+05:30,2025-08-06 10:15:00+05:30,882.5999755859375,2025-08-06 15:15:00+05:30,876.9000244140625,time,-0.006458136561912964,893.5499877929688,-0.007458136561912964,prior year
2025-08-12,BUY,2025-08-12 09:15:00+05:30,2025-08-12 10:15:00+05:30,870.1500244140625,2025-08-12 10:15:00+05:30,861.4485241699218,stop,-0.010000000000000009,883.7000122070312,-0.01100000000000001,prior year
2025-08-13,SELL,2025-08-13 09:15:00+05:30,2025-08-13 13:15:00+05:30,860.3684753417969,2025-08-13 15:15:00+05:30,862.75,time,-0.002768028730082195,851.8499755859375,-0.003768028730082195,prior year
2025-08-21,SELL,2025-08-21 09:15:00+05:30,2025-08-21 11:15:00+05:30,894.9104876708984,2025-08-21 15:15:00+05:30,895.3499755859375,time,-0.0004910970662361791,886.0499877929688,-0.0014910970662361791,prior year
2025-08-28,SELL,2025-08-28 09:15:00+05:30,2025-08-28 11:15:00+05:30,882.5379876708985,2025-08-28 15:15:00+05:30,876.8499755859375,time,0.006445062042000238,873.7999877929688,0.005445062042000238,prior year
2025-09-03,SELL,2025-09-03 09:15:00+05:30,2025-09-03 12:15:00+05:30,895.2134753417969,2025-09-03 15:15:00+05:30,896.2999877929688,time,-0.00121369090289547,886.3499755859375,-0.00221369090289547,prior year
2025-10-03,SELL,2025-10-03 09:15:00+05:30,2025-10-03 11:15:00+05:30,987.78,2025-10-03 15:15:00+05:30,990.5,time,-0.002753649598088659,978.0,-0.003753649598088659,prior year
2025-10-09,SELL,2025-10-09 09:15:00+05:30,2025-10-09 10:15:00+05:30,1025.9075,2025-10-09 15:15:00+05:30,1025.0,time,0.0008845826743639762,1015.75,-0.00011541732563602383,prior year
