n,mean,median,win,pf,ci_lo,ci_hi,sum,worst,best,window,spec,rs_per_2L_total
30,-0.0018942583983705037,-0.0035629525478109705,0.36666666666666664,0.6273051987124606,-0.004804796763765849,0.0010188652234163157,-0.05682775195111511,-0.01100000000000001,0.01977999568901201,6M,primary,-11365.55039022302
61,-0.0016703496861953681,-0.0033866481190768507,0.3770491803278688,0.6585562131540545,-0.0037548042680715845,0.00045786544082088116,-0.10189133085791746,-0.01100000000000001,0.01977999568901201,1Y,primary,-20378.266171583484
63,-0.0007397396689792294,-0.0014910970662361791,0.4603174603174603,0.8221148253804154,-0.0027385852343407182,0.0012038187542919255,-0.046603599145691454,-0.01100000000000001,0.022618558509009734,prior year,primary,-9320.719829138285
61,-0.0016703496861953681,-0.0033866481190768507,0.3770491803278688,0.6585562131540545,-0.0037548042680715845,0.00045786544082088116,-0.10189133085791746,-0.01100000000000001,0.01977999568901201,1Y,conservative(primary),
61,-0.0016831365007693353,-0.0033866481190768507,0.3770491803278688,0.6559424021503378,-0.003772425363882323,0.00044670663514774034,-0.10267132654692945,-0.01100000000000001,0.019000000000000017,1Y,optimistic_intrabar,
61,-0.0016235419036983395,-0.0019685900096858546,0.4262295081967213,0.6718142407417866,-0.004005409334500088,0.0006889153633611729,-0.09903605612559871,-0.021295625426459464,0.01977999568901201,1Y,no_stop,
240,-0.0016117396630844882,-0.005273768950485146,0.3958333333333333,0.7072551560987923,-0.002996723938177863,-0.00026040615119578357,-0.3868175191402772,-0.01100000000000012,0.028897262340447427,1Y,enter_on_break(no pullback),
61,-0.0006703496861953673,-0.0023866481190768507,0.4098360655737705,0.8436848851231576,-0.0027548042680715836,0.001457865440820882,-0.04089133085791741,-0.010000000000000009,0.02077999568901201,1Y,cost 0%,
61,-0.002670349686195368,-0.004386648119076851,0.32786885245901637,0.5176887386458916,-0.0047548042680715845,-0.0005421345591791187,-0.16289133085791746,-0.012000000000000009,0.018779995689012008,1Y,cost 0.20%,
30,-0.0018942583983705037,-0.0035629525478109705,0.36666666666666664,0.6273051987124606,-0.004804796763765849,0.0010188652234163157,-0.05682775195111511,-0.01100000000000001,0.01977999568901201,6M,conservative(primary),
30,-0.0019202582546709035,-0.0035629525478109705,0.36666666666666664,0.62218973437786,-0.004814255585663082,0.0009825852807117711,-0.057607747640127105,-0.01100000000000001,0.019000000000000017,6M,optimistic_intrabar,
30,-0.002184370254070989,-0.0027749855196945164,0.4,0.5980858452756849,-0.0056922529568121435,0.001372213295442163,-0.06553110762212966,-0.021295625426459464,0.01977999568901201,6M,no_stop,
124,-0.0019066052780233554,-0.006285652296542431,0.3629032258064516,0.6616492358050398,-0.003716672765402363,-7.693133531751876e-06,-0.23641905447489608,-0.01100000000000012,0.028897262340447427,6M,enter_on_break(no pullback),
30,-0.0008942583983705029,-0.0025629525478109705,0.36666666666666664,0.7990099105091225,-0.0038047967637658484,0.0020188652234163166,-0.026827751951115086,-0.010000000000000009,0.02077999568901201,6M,cost 0%,
30,-0.0028942583983705026,-0.0045629525478109705,0.3,0.4955361993693092,-0.005804796763765848,1.8865223416315894e-05,-0.08682775195111508,-0.012000000000000009,0.018779995689012008,6M,cost 0.20%,
63,-0.0007397396689792294,-0.0014910970662361791,0.4603174603174603,0.8221148253804154,-0.0027385852343407182,0.0012038187542919255,-0.046603599145691454,-0.01100000000000001,0.022618558509009734,prior year,conservative(primary),
63,-0.0007971771056301773,-0.0014910970662361791,0.4603174603174603,0.8083028468198306,-0.0027744067682836594,0.0011560498627241815,-0.05022215765470117,-0.01100000000000001,0.019000000000000128,prior year,optimistic_intrabar,
63,-0.0004970851359615252,-0.00011541732563602383,0.49206349206349204,0.8765444213378144,-0.002571206327617074,0.001497800621943411,-0.031316363565576086,-0.020709273036693787,0.022618558509009734,prior year,no_stop,
229,-0.002711877899600227,-0.008794215365216407,0.3406113537117904,0.5515575202279581,-0.004068046234706158,-0.0013273524153506373,-0.6210200390084519,-0.01100000000000012,0.026968128445996054,prior year,enter_on_break(no pullback),
63,0.00026026033102077145,-0.0004910970662361791,0.47619047619047616,1.0716401849144468,-0.0017385852343407176,0.0022038187542919264,0.0163964008543086,-0.010000000000000009,0.023618558509009735,prior year,cost 0%,
63,-0.0017397396689792293,-0.002491097066236179,0.3492063492063492,0.6335211304813003,-0.0037385852343407183,0.00020381875429192602,-0.10960359914569145,-0.012000000000000009,0.021618558509009733,prior year,cost 0.20%,
