symbol,company,isin,subject,rec_date,ex_date,approval_ts,approval_desc,price_candidates,n_candidates,offer_price,status,entry_date,rec_pos,entry_pos,hold_days,entry_px,offer_premium,gap_to_offer_at_rec,ann_day_reaction,r_rec_close,r_cum_close,r_tp,tp_hit,nifty_ret,r_resid,r_tender_15,r_tender_30,r_tender_50,r_tender_100,ex_pos,cum_pos,nifty_cum,exB,period,turnover_cr,yr
SOBHA,Sobha Limited,INE671H01015,Buy Back Of Shares,2016-06-06,2016-06-03,2016-05-19 17:46:00,Buyback,,10,,ok,2016-05-20,2072.0,2061.0,11.0,300.0,,,-0.0226420460393207,0.0085000331924385,0.0358333598791795,0.0085000331924385,False,0.058240912293356,0.0751667950188543,,,,,2071,2070.0,0.0605507294700033,-0.0247173695908238,2016-2021,3.5386331294754028,2016
NATIONALUM,National Aluminium Company Limited,INE139A01026,Buy Back,2016-07-29,2016-07-28,2016-05-25 18:08:00,Buyback,,12,,ok,2016-05-26,2110.0,2065.0,45.0,42.4000015258789,,,0.0023641705654391,0.0990562912861212,0.1308959465001617,0.0990562912861212,False,0.070492537413678,0.0990562912861212,,,,,2109,2108.0,0.0676795039379745,0.0632164425621872,2016-2021,3.592561378530445,2016
MOIL,MOIL Limited,INE490G01020,Buy Back Of Shares,2016-08-08,2016-08-05,2016-06-08 08:30:00,Buyback,,13,,ok,2016-06-08,1389.0,1347.0,42.0,121.47499847412112,,,-0.0047113559363488,0.0148178327281798,0.012348445137051,0.0148178327281798,False,0.0529792295507709,0.0804084087670118,,,,,1388,1387.0,0.0336091056202705,-0.0212606604832195,2016-2021,2.929047410117798,2016
NMDC,NMDC Limited,INE584A01023,Buy Back,2016-08-19,2016-08-18,2016-06-08 08:21:00,Buyback,,17,,ok,2016-06-08,2080.0,2030.0,50.0,23.571701049804684,,,0.0060143921332818,0.1842389544810283,0.1260868824701888,0.1842389544810283,False,0.0476064565348495,0.1190216451739816,,,,,2079,2078.0,0.0424269173142319,0.0836599651559568,2016-2021,18.161144521953982,2016
MAYURUNIQ,Mayur Uniquoters Ltd,INE040D01012,Buy Back/Interim Dividend - Re 0.25 Per Share,2016-08-26,2016-08-25,2016-08-10 15:15:00,Buyback,,11,,ok,2016-08-11,962.0,952.0,10.0,455.9500122070313,,,0.0406251297741067,-0.0579197153785325,-0.0247835637813917,-0.0579197153785325,False,-0.0022812200725543,-0.0570420705725672,,,,,961,960.0,0.0067677369946814,-0.0315513007760732,2016-2021,1.3131232627001952,2016
BOSCHLTD,Bosch Limited,INE323A01026,Buy Back,2016-09-06,2016-09-02,2016-07-01 16:47:00,Buyback,,6,,ok,2016-07-04,2135.0,2092.0,43.0,22375.05078125,,,-0.0120846101419325,0.0931886335031277,0.0779015873073518,0.0931886335031277,False,0.0683694065411615,0.0191529851123333,,,,,2134,2133.0,0.0482576350708041,0.0296439522365477,2016-2021,36.84424648092774,2016
BEL,Bharat Electronics Limited,INE263A01016,Buy Back Of Share,2016-09-27,2016-09-26,2016-08-05 20:30:00,Buyback,,11,,ok,2016-08-08,2149.0,2116.0,33.0,37.57575607299805,,,0.0073522920136528,0.0442221129706308,0.0292486870317219,0.0442221129706308,False,-0.0005681345568628,0.027657475551313,,,,,2148,2147.0,0.0137981140354122,0.0154505729963096,2016-2021,32.87791204875452,2016
RSYSTEMS,R Systems International Limited,INE411H01024,Buy Back Of Shares,2016-09-30,2016-09-29,2016-09-14 15:32:00,Buyback,,8,,ok,2016-09-15,2152.0,2141.0,11.0,63.40000152587891,,,0.0119711618185569,-0.0970031379729771,-0.0244479453026169,-0.0970031379729771,False,-0.0150298730917206,-0.1001577372034682,,,,,2151,2150.0,0.0002974630966479,-0.0247454083992648,2016-2021,0.5737905325953293,2016
ECLERX,eClerx Services Limited,INE738I01010,Buy Back,2016-10-28,2016-10-27,2016-08-29 16:57:00,Buyback,,11,,ok,2016-08-30,2170.0,2131.0,39.0,562.3333129882812,,,0.0357636426642422,-0.1001187356354244,-0.0094546003159321,-0.1001187356354244,False,-0.0121620948527698,-0.1201839213167821,,,,,2169,2168.0,-0.0147637749108967,0.0053091745949646,2016-2021,2.6943446109677125,2016
AARTIIND,Aarti Industries Limited,INE769A01020,Buy Back,2016-11-02,2016-11-01,2016-10-17 18:47:00,Buyback,,8,,ok,2016-10-18,2172.0,2162.0,10.0,176.1708221435547,,,0.0002757456727531,0.0141378593623373,0.044138160429981,0.0141378593623373,False,-0.0188871020923524,-0.0053792500345761,,,,,2171,2170.0,-0.0045979313922646,0.0487360918222457,2016-2021,5.178695404240723,2016
AARTIDRUGS,Aarti Drugs Limited,INE767A01016,Buy Back,2016-11-02,2016-11-01,2016-10-17 17:42:00,Buyback,,6,,ok,2016-10-18,2172.0,2162.0,10.0,161.25,,,0.0049076317598133,0.015116317114735,0.0403102182533094,0.015116317114735,False,-0.0188871020923524,0.0006975200330545,,,,,2171,2170.0,-0.0045979313922646,0.0449081496455741,2016-2021,4.881728913134156,2016
LMW,LMW Limited,INE269B01029,Buy Back,2016-11-08,2016-11-07,2016-10-26 18:23:00,Buyback,,3,,ok,2016-10-27,2176.0,2169.0,7.0,4325.0,,,-0.0606096340289388,-0.0507282285450748,-0.0090864699681671,-0.0507282285450748,False,-0.0083224741374307,-0.1007281939978831,,,,,2175,2174.0,-0.0210672934621746,0.0119808234940074,2016-2021,10.103776786604003,2016
ALLCARGO,Allcargo Logistics Limited,INE418H01029,Buy Back,2016-11-18,2016-11-17,2016-11-07 20:00:00,Buyback,,9,,ok,2016-11-08,2183.0,2176.0,7.0,16.573074198679844,,,-0.0166492981718233,-0.1052910043602929,-0.0433862924296154,-0.1052910043602929,False,-0.0549478516264612,-0.0947088381424888,,,,,2182,2181.0,-0.0505585754055365,0.007172282975921,2016-2021,0.9445440082144048,2016
NAVNETEDUL,Navneet Education Limited,INE060A01024,Buy Back,2016-11-25,2016-11-24,2016-11-11 14:38:00,Buyback,,8,,ok,2016-11-15,2188.0,2180.0,8.0,105.8499984741211,,,0.028668595387308,0.0085026373131464,0.0222012813757841,0.0085026373131464,False,0.0007214213856034,0.0453471190191865,,,,,2187,2186.0,-0.0092681571465339,0.031469438522318,2016-2021,2.273633204576111,2016
VTL,Vardhman Textiles Limited,INE825A01012,Buy Back,2016-12-09,2016-12-08,2016-09-24 17:39:00,Buyback,,9,,ok,2016-09-26,2198.0,2148.0,50.0,218.2299957275391,,,0.0500407163159146,-0.0049028581295099,0.0191998623994731,-0.0049028581295099,False,-0.0528828580618228,0.0060028780357976,,,,,2197,2196.0,-0.0711906975088338,0.090390559908307,2016-2021,6.7666244170505525,2016
KPRMILL,K.P.R. Mill Limited,INE930H01015,Buy Back,2016-12-31,2016-12-29,2016-12-07 14:16:00,Buyback,,9,,ok,2016-12-08,2214.0,2197.0,17.0,120.37999725341795,,,0.0198238387613249,-0.0562385878008072,-0.0314004093687902,-0.0562385878008072,False,-0.0081667075992797,-0.0510049533405325,,,,,2212,2211.0,-0.025706727024311,-0.0056936823444792,2016-2021,2.8167247217376707,2016
BALRAMCHIN,Balrampur Chini Mills Limited,INE119A01028,Buy Back,2017-01-13,2017-01-12,2016-11-16 10:57:00,Buyback,,9,,ok,2016-11-17,2223.0,2182.0,41.0,113.90000152587888,,,-0.0420520612210202,0.2480244932292523,0.2309040956949917,0.2480244932292523,False,0.0396536372524147,0.361282027580655,,,,,2222,2221.0,0.0372156001019594,0.1936884955930322,2016-2021,16.73236922710434,2016
DHANUKA,Dhanuka Agritech Limited,INE435G01025,Buy Back,2017-01-13,2017-01-12,2016-11-10 13:19:00,Buyback,,10,,ok,2016-11-11,1362.0,1318.0,44.0,741.6500244140625,,,0.0931535210909673,0.0357311860017279,0.0600688141572469,0.0357311860017279,False,0.0125417122255768,0.0426751014247925,,,,,1361,1360.0,0.0101672538268013,0.0499015603304455,2016-2021,1.8501997369281005,2016
NLCINDIA,NLC India Limited,INE589A01014,Buy Back,2017-02-10,2017-02-09,2017-01-31 18:04:00,Buyback,,10,,ok,2017-02-01,2242.0,2235.0,7.0,95.5,,,-0.0124094827933084,0.0141361029658344,0.020942277808549,0.0141361029658344,False,0.0088510635818748,0.0010472319864516,,,,,2241,2240.0,0.0060402702610045,0.0149020075475445,2016-2021,2.9195092806317904,2017
GAEL,Gujarat Ambuja Exports Limited,INE036B01022,Buy Back,2017-02-10,2017-02-09,2016-12-13 17:05:00,Buyback,,8,,ok,2016-12-14,2242.0,2201.0,41.0,23.000000000000004,,,0.0098794578210441,0.2217392192484344,0.2347825359325352,0.2217392192484344,False,0.0746841831955276,0.1114130934136234,,,,,2241,2240.0,0.0716899700423532,0.163092565890182,2016-2021,1.0497326431982803,2016
WELENT,Welspun Enterprises Limited,INE625G01013,Buy Back,2017-02-14,2017-02-13,2016-12-22 17:56:00,Buyback,,14,,ok,2016-12-23,2244.0,2208.0,36.0,60.09999847412109,,,-0.0718147620693466,0.0615641445521317,0.0640599919246729,0.0615641445521317,False,0.1009986293945466,0.1156409372137563,,,,,2243,2242.0,0.1011551582115017,-0.0370951662868288,2016-2021,2.238553587457199,2016
JAGRAN,Jagran Prakashan Limited,INE199G01027,Buy Back,2017-02-24,2017-02-22,2017-01-05 14:43:00,Buyback,,20,,ok,2017-01-06,2252.0,2218.0,34.0,179.0,,,-0.010502972852568,0.0438547828912114,0.060614557964199,0.0438547828912114,False,0.0791989623830693,0.0058659207990117,,,,,2250,2249.0,0.0805514229384749,-0.0199368649742759,2016-2021,2.8253166759703063,2017
SKFINDIA,SKF India Limited,INE640A01023,Buy Back,2017-04-07,2017-04-06,2017-02-13 18:20:00,Buyback,,7,,ok,2017-02-14,2279.0,2244.0,35.0,634.461861293566,,,-0.0144434009418957,0.1132109517582662,0.1248707326567644,0.1132109517582662,False,0.0461767693344061,0.1484044240464583,,,,,2278,2277.0,0.0537800798927949,0.0710906527639694,2016-2021,1.02707691070235,2017
NATIONALUM,National Aluminium Company Limited,INE139A01026,Buy Back,2018-10-26,2018-10-25,2018-10-12 18:28:00,Outcome of Board Meeting,75.0;75.0,16,75.0,ok,2018-10-15,2664.0,2656.0,8.0,67.1500015258789,0.1202390353801079,0.1111111111111111,0.002987292257498,0.0052122385711188,0.0022339635553114,0.0052122385711188,False,-0.04589774078478,-0.0349962935730314,-0.0122114764418903,0.0105733406892509,0.0409530968641058,0.1169024873012429,2663,2662.0,-0.027372175980975,0.0296061395362865,2016-2021,76.04830682383204,2018
COCHINSHIP,Cochin Shipyard Limited,INE704P01017,Buy Back,2018-10-31,2018-10-30,2018-10-16 16:22:00,Outcome of Board Meeting,455.0;455.0,20,455.0,ok,2018-10-17,301.0,292.0,9.0,201.25,1.2642448714104355,1.351421188630491,0.0014930454623296,-0.0385092468946057,-0.0432297955350481,-0.0385092468946057,False,-0.0063570150868985,-0.0691926224206727,0.130316730371075,0.3298260831628228,0.5958385535518196,1.260869729524312,300,299.0,-0.0193436555924402,-0.0238861399426079,2016-2021,5.68520620826355,2018
OIL,Oil India Limited,INE274J01014,Buy Back,2018-12-03,2018-11-30,2018-11-12 19:44:00,Trading Window,2.0;2.0,15,,ok,2018-11-13,2261.0,2248.0,13.0,136.0,,,0.0238397563240411,-0.0740195447419101,-0.0102941338774313,-0.0740195447419101,False,0.0284668084101109,-0.1384803915616596,,,,,2260,2259.0,0.0260997113453815,-0.0363938452228129,2016-2021,13.696259122163314,2018
TRITURBINE,Triveni Turbine Limited,INE152M01016,Buy Back,2018-12-28,2018-12-27,2018-11-01 19:21:00,Outcome of Board Meeting,150.0;150.0,14,150.0,ok,2018-11-02,1764.0,1727.0,37.0,111.0,0.4814814814814814,0.3215859030837005,0.0962964416021765,0.022522359926965,0.0833333405776897,0.022522359926965,False,0.0290818147090874,-0.0400901460165223,0.0186260463560592,0.0773422387286406,0.1556304952254161,0.3513511364673547,1763,1762.0,0.0167582307756088,0.0665751098020808,2016-2021,0.30206620891433716,2018
DHANUKA,Dhanuka Agritech Limited,INE435G01025,Buy Back,2019-01-02,2019-01-01,2018-11-14 15:10:00,Buyback,550.0,17,550.0,ok,2018-11-15,1848.0,1816.0,32.0,432.00000000000006,0.319894369781637,0.2439217631851089,0.0367170285252378,0.0234953453848525,0.0758101903978172,0.0234953453848525,False,0.0165587990103666,-0.0329860321913488,0.0129340928337851,0.058854217858919,0.1200810512257644,0.2731481346428779,1847,1846.0,0.023156875945649,0.0526533144521681,2016-2021,0.7492280474273681,2018
TECHNOE,Techno Electric & Engineering Company Limited,INE285K01026,Buy Back,2019-01-03,2019-01-02,2018-12-13 14:57:00,Outcome of Board Meeting,410.0,9,410.0,ok,2018-12-14,2710.0,2697.0,13.0,257.25,0.7570173099465072,0.6952656177503405,0.102421355910778,-0.0598639320844176,0.0171039257497254,-0.0598639320844176,False,-0.0123271305595655,-0.063556929849679,0.0350436624194157,0.1336442546885103,0.2651117110473033,0.5937803519442859,2709,2708.0,-0.0011984873446658,0.0183024130943912,2016-2021,0.6814664167744445,2018
ONGC,Oil & Natural Gas Corporation Limited,INE213A01011,Buy Back,2019-01-04,2019-01-03,2018-12-20 14:55:00,Outcome of Board Meeting,159.0;159.0,14,159.0,ok,2018-12-21,2711.0,2702.0,9.0,148.99999999999997,0.0725126475548061,0.0912834820201295,0.0050591386945761,-0.0221477368108728,-0.0130871934530727,-0.0221477368108728,False,-0.0024781839896782,-0.0483221831449481,-0.0310067522720618,-0.0136913213991755,0.0093959197646733,0.0671140226742947,2710,2709.0,0.0035800632322857,-0.0166672566853585,2016-2021,200.9946561213447,2018
TATAINVEST,Tata Investment Corporation Limited,INE672A01018,Buy Back,2019-01-11,2019-01-10,2018-11-16 17:26:00,Outcome of Board Meeting,1000.0;1000.0;1000.0;1000.0,12,,ok,2018-11-19,2716.0,2679.0,37.0,86.99999999999999,,,0.0802754200906394,-0.0302297063254987,0.027586445986429,-0.0302297063254987,False,0.0029312116563999,-0.0382183465233607,,,,,2715,2714.0,0.0085242578246846,0.0190621881617443,2016-2021,5.437048435066223,2018
NMDC,NMDC Limited,INE584A01023,Buy Back,2019-01-18,2019-01-17,2018-09-04 17:40:00,Shareholders meeting,10.0;4.3;4.3;4.3;4.3;4.3,27,,ok,2018-09-05,2677.0,2587.0,90.0,28.695985794067383,,,-0.0092878990549484,-0.1901786650725051,-0.1669644260426137,-0.1901786650725051,False,-0.0496647620055721,-0.1772322733155593,,,,,2676,2675.0,-0.0511155298787132,-0.1158488961639004,2016-2021,48.178306412037124,2018
RSYSTEMS,R Systems International Limited,INE411H01024,Buy Back,2019-02-01,2019-01-31,2018-11-19 15:53:00,Shareholders meeting,,19,,ok,2018-11-20,2731.0,2680.0,51.0,48.1500015258789,,,-0.0020724963661609,0.0072689926999103,0.0882655902922113,0.0072689926999103,False,0.0222828204200733,-0.0041537729255759,,,,,2730,2729.0,-0.0004129418126862,0.0886785321048976,2016-2021,0.44426279476242064,2018
SHANTIGEAR,Shanthi Gears Limited,INE631A01022,Buy Back,2019-02-08,2019-02-07,2018-12-26 14:09:00,Buyback,140.0;140.0;5.0;140.0;140.0,14,140.0,ok,2018-12-27,2736.0,2705.0,31.0,131.39999389648435,0.0490820771940383,0.1695906730936296,-0.0153616563873811,-0.0541516945953006,0.002346278620162,-0.0541516945953006,False,0.0151950692642985,-0.0035800336219419,0.012895274845762,0.0293705833134658,0.0513376612704046,0.106255356162751,2735,2734.0,0.026220374751495,-0.023874096131333,2016-2021,0.8143258077059174,2018
HEGAM,HEG Advanced Materials Limited,INE545A01024,Buy Back,2019-02-09,2019-02-07,2018-11-21 18:10:00,Updates,,25,,ok,2018-11-22,2737.0,2682.0,55.0,325.9298464051236,,,0.00241392408972,-0.4912729601589106,-0.4208141695578087,-0.4912729601589106,False,0.0343933127211628,-0.4933256100063665,,,,,2735,2734.0,0.0508894193661386,-0.4717035889239473,2016-2021,37.37841562551684,2018
AJANTPHARM,Ajanta Pharma Limited,INE031B01015,Buy Back,2019-02-12,2019-02-11,2019-01-30 18:41:00,Outcome of Board Meeting,1300.0,11,1300.0,ok,2019-01-31,2738.0,2730.0,8.0,690.0,0.7876787378681929,0.9331812990994304,-0.0511551075400891,-0.0254105364377337,-0.0715941282694025,-0.0254105364377337,False,4.1565634074647306e-05,-0.0078744299865675,0.1259154533001052,0.2597053365867785,0.4380918476356759,0.8840581252579192,2737,2736.0,0.0104006954174022,-0.0819948236868048,2016-2021,32.7551038248172,2019
MONTECARLO,Monte Carlo Fashions Limited,INE950M01013,Buy Back,2019-02-22,2019-02-21,2018-11-13 18:00:00,Outcome of Board Meeting,550.0;550.0;550.0,11,550.0,ok,2018-11-14,1031.0,962.0,69.0,346.95001220703125,0.5689631126868684,0.5393227506033051,-0.0102694214970368,0.0298313953205,0.124225313509112,0.0298313953205,False,0.0203616188945452,0.0768121190440196,0.1530767356027753,0.2293413521615313,0.3310275075732056,0.5852428961023919,1030,1029.0,0.0150478327547469,0.109177480754365,2016-2021,0.9773518871788025,2018
TECHM,Tech Mahindra Limited,INE669C01028,Buy Back,2019-03-06,2019-03-05,2019-02-21 10:50:00,Outcome of Board Meeting,950.0,14,950.0,ok,2019-02-22,2752.0,2745.0,7.0,824.9000244140625,0.169374657128033,0.1535426071050096,0.0153866462600891,-0.0016366986160816,0.0083644815323764,-0.0016366986160816,False,0.0242177609461886,-0.057764577862444,-0.026351700355622,0.0050611771511999,0.0469450138269627,0.1516546055163696,2751,2750.0,0.0066578889024626,0.0017065926299137,2016-2021,322.02570918207306,2019
EXPLEOSOL,Expleo Solutions Limited,INE201K01015,Buy Back,2019-04-12,2019-04-11,2019-01-31 16:25:00,Outcome of Board Meeting,550.0;550.0;550.0;550.0,19,550.0,ok,2019-02-01,2334.0,2288.0,46.0,460.1000061035156,0.1759674698416256,0.0958358371955592,-0.016249820594993,0.0908498429792468,0.0886763968720947,0.0908498429792468,False,0.0688290681085903,-0.1185611875946435,-0.071468156815076,-0.0243751260355082,0.0384155816705817,0.1953923509358071,2333,2332.0,0.063399263726773,0.0252771331453216,2016-2021,0.1980029167941284,2019
BALRAMCHIN,Balrampur Chini Mills Limited,INE119A01028,Buy Back,2019-04-18,2019-04-16,2019-04-05 14:13:00,Outcome of Board Meeting,175.0,17,175.0,ok,2019-04-08,2780.0,2773.0,7.0,146.0,0.2727272727272727,0.1969904490624141,0.0618180770779388,0.001369875834668,-0.0414383069823034,0.001369875834668,False,0.0127795083534405,0.0095890621138732,0.0379452293997293,0.0663013966855854,0.1041096197333932,0.1986301773529133,2779,2778.0,0.0073979584967038,-0.0488362654790073,2016-2021,29.822104751542664,2019
QUICKHEAL,Quick Heal Technologies Limited,INE306L01010,Buy Back,2019-04-26,2019-04-25,2019-03-05 18:48:00,Outcome of Board Meeting,275.0,14,275.0,ok,2019-03-06,784.0,751.0,33.0,235.0,0.2591575443465554,0.2571428571428571,0.0760073126428495,-0.0691488571558669,0.0189362618844994,-0.0691488571558669,False,0.0634805383719352,-0.1791488964241487,-0.1267446321670615,-0.074340367909974,-0.0044680155671907,0.1702128652897672,783,782.0,0.0609020528928798,-0.0419657910083803,2016-2021,4.352036135240784,2019
ECLERX,eClerx Services Limited,INE738I01010,Buy Back,2019-05-10,2019-05-09,2019-03-14 14:56:00,Outcome of Board Meeting,1600.0;1600.0,21,,ok,2019-03-15,2793.0,2759.0,34.0,386.3333435058593,,,0.0521538060726118,-0.1411562201650696,-0.051164728466893,-0.1411562201650696,False,-0.0129475073014539,-0.1858068935116618,,,,,2792,2791.0,-0.0058983373691382,-0.0452663910977547,2016-2021,3.8845380694830323,2019
ASTERDM,Aster DM Quality Care Limited,INE914M01019,Buy Back,2020-01-24,2020-01-23,2020-01-09 14:22:00,Outcome of Board Meeting,210.0,18,210.0,ok,2020-01-10,468.0,458.0,10.0,166.3000030517578,0.3112707337081575,0.2781497023700345,0.0384015682696499,-0.0120264654421979,-0.0108238417393491,-0.0120264654421979,False,-0.0006975560361384,0.0258569708787341,0.0613951371186027,0.0969333033584716,0.1443175250116297,0.2627780791445253,467,466.0,-0.0122298982157783,0.0014060564764292,2016-2021,3.6749304115364074,2020
COFORGE,Coforge Limited,INE591G01017,Buy Back,2020-03-12,2020-03-11,2019-12-23 22:12:00,Outcome of Board Meeting,1725.0;1725.0;1725.0,23,,ok,2019-12-24,3000.0,2946.0,54.0,312.7999877929688,,,-0.0118775917390555,-0.0746359491695374,0.0675766633210552,-0.0746359491695374,False,-0.2148584643746224,-0.2979021025516314,,,,,2999,2998.0,-0.1443442155107825,0.2119208788318378,2016-2021,83.31495717379379,2019
CORALFINAC,Coral India Finance & Housing Limited,INE558D01013,Buy Back,2020-04-17,2020-04-16,2020-02-14 16:59:00,Outcome of Board Meeting,17.0;17.0,14,17.0,ok,2020-02-17,749.0,711.0,38.0,13.699999809265138,0.1929824561403508,0.2408759296845475,-0.0385964692308117,5.544290138104203e-08,0.0912409461253416,5.544290138104203e-08,False,-0.2307069559304863,-0.1240875529286439,-0.069343020217001,-0.014598487505358,0.0583942227768325,0.2408759984823092,748,747.0,-0.2590529521157814,0.350293898241123,2016-2021,0.03401847680197716,2020
MAYURUNIQ,Mayur Uniquoters Ltd,INE040D01012,Buy Back,2020-11-25,2020-11-24,2020-07-31 11:00:00,Shareholders meeting,3.0;5.0;5.0,16,,ok,2020-08-03,2010.0,1929.0,81.0,223.0,,,0.0152516431456823,0.1975333883842387,0.242825025358673,0.1975333883842387,False,0.1805796073844898,0.2878924161533505,,,,,2009,2008.0,0.1868275238639871,0.0559975014946858,2016-2021,1.841869830605774,2020
JMA,Jullundur Motor Agency (Delhi) Limited,INE412C01015,Buy Back,2020-12-24,2020-12-23,2020-09-05 14:07:40,Shareholders meeting,4.0;4.0;4.0;4.0,28,,ok,2020-09-07,1426.0,1350.0,76.0,28.700000762939453,,,-1.5153882348961645e-07,0.1814369440775931,0.1688111636898643,0.1814369440775931,False,0.2108489382692222,0.2301374699547813,,,,,1425,1424.0,0.1859304922756437,-0.0171193285857793,2016-2021,0.12413351133177758,2020
SUPRAJIT,Suprajit Engineering Limited,INE399C01030,Buy Back,2021-02-22,2021-02-18,2021-02-10 18:05:42,Outcome of Board Meeting,320.0,13,320.0,ok,2021-02-11,3237.0,3230.0,7.0,255.0,0.3434089172953765,0.2023295410048362,0.070528904485452,0.0467654591212765,0.0127451461919176,0.0467654591212765,False,-0.0327944228203594,0.1197226649488105,0.140547820307239,0.1613729756656674,0.1891398494769056,0.2585570340050007,3235,3234.0,0.002346265241955,0.0103988809499626,2016-2021,4.26705270894577,2021
NIITLTD,NIIT Limited,INE161A01038,Buy Back,2021-02-24,2021-02-23,2020-12-24 19:30:39,Outcome of Board Meeting,240.0;240.0,25,,ok,2020-12-28,3239.0,3198.0,41.0,49.902383756034574,,,0.0789474570892931,-0.049258752923559,-0.0423243713083859,-0.049258752923559,False,0.0799238668135231,-0.2965089438333113,,,,,3238,3237.0,0.0578453412840642,-0.1001697125924502,2016-2021,6.719358850945945,2020
SMARTLINK,Smartlink Holdings Limited,INE178C01020,Buy Back,2021-03-01,2021-02-26,2020-11-03 14:00:36,Outcome of Board Meeting,95.0,17,95.0,ok,2020-11-04,3242.0,3162.0,80.0,71.5999984741211,0.3620071684587813,0.0555555555555555,0.0265233202483836,0.256983247116195,0.3093575221409743,0.3268156707340788,True,0.2395809551738255,0.1689943659412704,0.192667558510144,0.2163407510790178,0.247905007837516,0.3268156497337615,3241,3240.0,0.2677792844921693,0.0415782376488049,2016-2021,0.08730964737483977,2020
SOTL,Savita Oil Technologies Limited,INE035D01012,Buy Back,2021-03-05,2021-03-04,2021-02-19 13:07:03,Outcome of Board Meeting,1400.0;1400.0;1390.0,9,,ok,2021-02-22,3246.0,3237.0,9.0,229.97999572753903,,,0.1102636656184474,-0.1144013255452056,-0.0649187816861055,-0.1144013255452056,False,0.0178798565363382,-0.1223149993641492,,,,,3245,3244.0,0.0388328602027812,-0.1037516418888867,2016-2021,5.521346202002716,2021
BHARATRAS,Bharat Rasayan Limited,INE838B01013,Buy Back,2021-03-05,2021-03-04,2021-01-07 18:01:19,Buyback,,15,,ok,2021-01-08,3246.0,3207.0,39.0,2531.237548828125,,,0.067267028312709,-0.0168642488993301,0.0221040207673564,-0.0168642488993301,False,0.0411820808430187,-0.0539704173599991,,,,,3245,3244.0,0.0626147595793618,-0.0405107388120054,2016-2021,4.969342144707031,2021
QUICKHEAL,Quick Heal Technologies Limited,INE306L01010,Buy Back,2021-05-03,2021-04-30,2021-03-10 15:13:57,Outcome of Board Meeting,245.0,16,245.0,ok,2021-03-12,1281.0,1249.0,32.0,210.0,0.3380665856531388,0.328633449616784,0.1469141598772645,-0.1219048502145185,-0.0680952610153274,-0.1219048502145185,False,-0.0263988503408949,0.0588095929550038,0.0749881422044409,0.0911666914538777,0.1127380904531274,0.166666587951251,1280,1279.0,-0.0090513109896357,-0.0590439500256917,2016-2021,17.77856521739067,2021
INFOBEAN,InfoBeans Technologies Limited,INE344S01016,Buy Back,2021-05-07,2021-05-06,2021-04-26 11:08:57,Outcome of Board Meeting,232.0;232.0,10,,ok,2021-04-27,934.0,926.0,8.0,54.07500076293945,,,0.2053497312521273,-0.0656494728584893,-0.0674988400061767,-0.0656494728584893,False,0.0116085448561762,0.4801201852391403,,,,,933,932.0,-0.0024022436135608,-0.0650965963926158,2016-2021,1.2880144600474548,2021
WELSPUNLIV,Welspun Living Limited,INE192B01031,Buy Back,2021-05-26,2021-05-24,2021-05-14 15:35:44,Record Date,120.0,16,120.0,ok,2021-05-17,3298.0,3291.0,7.0,104.0,0.3150684931506848,0.28962918929999,0.1397259567482591,-0.1039259163850609,-0.0514422651814254,-0.1039259163850609,False,0.0253498621125707,-0.0967034010588803,-0.0588573967992884,-0.0210113925396967,0.0294499464730924,0.1556032940050651,3296,3295.0,0.0168965270376759,-0.0683387922191014,2016-2021,39.21078815654751,2021
STARCEMENT,Star Cement Limited,INE460H01021,Buy Back,2021-08-26,2021-08-25,2021-08-13 13:30:21,Outcome of Board Meeting,150.0,12,150.0,ok,2021-08-16,1034.0,1027.0,7.0,117.00000000000004,0.3799448409499304,0.3850415122178094,0.0763570174628005,-0.074358959190968,-0.0068376187270148,-0.074358959190968,False,0.0044586960669468,-0.0782051659984169,-0.0241667010587031,0.0298717638810106,0.1019230504672958,0.2820512669330086,1033,1032.0,0.0037160320847819,-0.0105536508117968,2016-2021,14.842577937485848,2021
GANDHITUBE,Gandhi Special Tubes Limited,INE524B01027,Buy Back,2021-08-31,2021-08-30,2021-06-15 11:20:41,Copy of Newspaper Publication,550.0,25,550.0,ok,2021-06-16,3365.0,3313.0,52.0,410.00000000000006,0.6228976391424641,0.1886751361353045,0.2097964511808414,0.1504217030550076,0.2206604364973374,0.3414634146341462,True,0.086547969149703,0.1322716041099931,0.167552514667282,0.2028334252245709,0.2498746393009567,0.3674776744919201,3364,3363.0,0.0594670336023768,0.1611934028949606,2016-2021,1.7671225072793582,2021
GOLDIAM,Goldiam International Limited,INE025B01017,Buy Back,2021-10-27,2021-10-26,2021-07-21 11:52:45,Outcome of Board Meeting,675.0;675.0,29,,ok,2021-07-22,3404.0,3338.0,66.0,90.00000000000001,,,0.0330579074203036,0.8358526131185462,0.5849116926285511,0.8358526131185462,False,0.1508399836655871,0.4587717287528954,,,,,3403,3402.0,0.1454337299454011,0.43947796268315,2016-2021,9.474065733057289,2021
FDC,FDC Limited,INE258B01022,Buy Back,2022-02-19,2022-02-17,2021-11-11 16:49:04,Outcome of Board Meeting,450.0;450.0;450.0;450.0,14,450.0,ok,2021-11-12,3484.0,3415.0,69.0,315.00000000000006,0.3903908805384597,0.5806111018806845,-0.0267263903556977,-0.0961904547281976,-0.0042857354566501,-0.0961904547281976,False,-0.0495007448799215,-0.1722222032444531,-0.0821031625714336,0.0080158781015859,0.1281745989989453,0.4285714012423438,3482,3481.0,-0.0431178015080582,0.0388320660514081,2022-2026,6.756558747261963,2021
GULFOILLUB,Gulf Oil Lubricants India Limited,INE635Q01029,Buy Back,2022-02-21,2022-02-18,2022-02-09 19:18:10,Buyback,600.0;600.0,10,600.0,ok,2022-02-10,1862.0,1855.0,7.0,490.0,0.2590494499407321,0.2699756259865971,0.0282237373759619,-0.0358162157537786,0.0515306103497359,-0.0358162157537786,False,-0.0226742376884457,-0.1063265641418793,-0.0567040937759643,-0.0070816234100493,0.0590816704111707,0.2244899049642208,1861,1860.0,-0.0171107902591413,0.0686414006088772,2022-2026,5.712923100557556,2022
SARDAEN,Sarda Energy & Minerals Limited,INE385C01013,Buy Back,2022-05-06,2022-05-05,2022-04-23 17:49:28,Outcome of Board Meeting,1500.0;750.0,10,,ok,2022-04-25,3064.0,3056.0,8.0,130.8950042724609,,,-0.0009159297528599,-0.1028370741712114,-0.0643263863955186,-0.1028370741712114,False,-0.0320101948960546,-0.3226791256819776,,,,,3063,3062.0,-0.0163000139854951,-0.0480263724100235,2022-2026,8.37722350811348,2022
INDIAMART,Indiamart Intermesh Limited,INE933S01016,Buy Back,2022-05-11,2022-05-10,2022-04-28 16:08:09,Outcome of Board Meeting,6250.0;2.0,12,6250.0,ok,2022-04-29,705.0,698.0,7.0,2369.5000000000005,1.5829648824735845,1.8938200889442736,-0.0207463611645685,-0.0885103418672937,-0.0691706701891639,-0.0885103418672937,False,-0.0546965878856247,-0.0853028685602241,0.1731456242592155,0.431594117078655,0.7761921075045743,1.6376870835693729,704,703.0,-0.0468176462164247,-0.0223530239727391,2022-2026,99.08952400766846,2022
MATRIMONY,Matrimony.Com Limited,INE866R01028,Buy Back,2022-07-04,2022-07-01,2022-05-12 16:25:20,Outcome of Board Meeting,5.0,15,,ok,2022-05-13,1181.0,1145.0,36.0,750.0,,,0.0614960362260923,0.0520666413358881,0.0822000217240781,0.0520666413358881,False,0.0033708472821043,0.037133248282309,,,,,1180,1179.0,-0.0001204139219285,0.0823204356460066,2022-2026,2.5776782481060794,2022
GRANULES,Granules India Limited,INE101D01012,Buy Back,2022-08-23,2022-08-22,2022-08-09 17:20:54,Outcome of Board Meeting,400.0;400.0;400.0,8,400.0,ok,2022-08-10,3608.0,3600.0,8.0,321.0,0.2734797587624846,0.3065491032975431,0.0219675668668872,-0.0462618200350258,-0.0260125179753721,-0.0462618200350258,False,0.0024380159397767,-0.0202492550814707,0.0197039977528299,0.0596572505871306,0.1129282543661984,0.2461057638138679,3607,3606.0,0.012757479790131,-0.0387699977655032,2022-2026,51.56165883105499,2022
SIS,SIS LIMITED,INE285J01010,Buy Back,2022-08-30,2022-08-29,2022-06-29 11:45:15,Outcome of Board Meeting,550.0;550.0;550.0;550.0;550.0;550.0;550.0;550.0;550.0;550.0;5.0;550.0;550.0;550.0,10,550.0,ok,2022-06-30,1248.0,1207.0,41.0,457.3999938964843,0.2008733624454148,0.216275951244762,-0.0013100993934774,-0.0113685570709021,0.0032794236795143,-0.0113685570709021,False,0.1254131449913658,-0.0832968598640022,-0.0404350335825415,0.0024267926989192,0.0595758944075337,0.2024486486790699,1247,1246.0,0.1127137016603032,-0.1094342779807888,2022-2026,5.037538606017151,2022
QUICKHEAL,Quick Heal Technologies Limited,INE306L01010,Buy Back,2022-09-14,2022-09-13,2022-05-05 19:20:22,Outcome of Board Meeting,4.5;4.5;4.5;4.5;245.0;300.0,9,245.0,ok,2022-05-06,1622.0,1532.0,90.0,175.0,0.3710128941466106,0.1910549520408908,-0.0207051270483954,0.2006885502243032,0.2897041535667224,0.2006885502243032,False,0.097037093457232,0.2059419753691806,0.2395635856043214,0.2731851958394626,0.3180140094863177,0.4300860436034546,1621,1620.0,0.0929301308172747,0.1967740227494476,2022-2026,1.5142332891457368,2022
CARERATING,CARE Ratings Limited,INE752H01013,Buy Back,2022-09-14,2022-09-13,2022-07-20 15:21:51,Outcome of Board Meeting,515.0;515.0;515.0;515.0,12,515.0,ok,2022-07-21,2397.0,2361.0,36.0,460.0499877929688,0.1237181185190097,-0.0168002825468696,0.003818424394326,0.1609341435970537,0.1284643531555664,0.1194435684492611,True,0.0842203519971094,0.1136147306571497,0.1177870393535245,0.1219593480498992,0.1275224263117325,0.1414301219663152,2396,2395.0,0.0801613712154287,0.0483029819401377,2022-2026,15.083457307262268,2022
SHYAMCENT,Shyam Century Ferrous Limited,INE979R01011,Buy Back,2022-09-27,2022-09-26,2022-08-06 12:46:42,Closure of trading window,28.0;28.0,14,28.0,ok,2022-08-08,1769.0,1736.0,33.0,21.0,0.3625304642106204,0.1889596988154676,0.0218978166624661,0.1372605322131002,0.171064492552823,0.1372605322131002,False,-0.0295404437229593,0.0793110043414948,0.1202378946684914,0.161164784995488,0.2157339720981503,0.3521569398548061,1768,1767.0,-0.0112838160357282,0.1823483085885513,2022-2026,1.5990617644940948,2022
SPAL,S. P. Apparels Limited,INE212I01016,Buy Back,2022-10-07,2022-10-06,2022-08-11 14:33:39,Outcome of Board Meeting,585.0;585.0;585.0;585.0;585.0;585.0;585.0;585.0;585.0;585.0;585.0;585.0;585.0;585.0;585.0,6,585.0,ok,2022-08-12,1519.0,1482.0,37.0,411.0,0.4306676662560589,0.3689013493503901,0.0051358246268773,0.0397810361101966,0.08807785587767,0.0397810361101966,False,-0.0216689310202238,-0.08345498245689,-0.0074330855843273,0.0685888112882353,0.1699513404516524,0.4233576633601947,1518,1517.0,-0.0239488082098974,0.1120266640875674,2022-2026,3.048459177901001,2022
TANLA,Tanla Platforms Limited,INE483C01032,Buy Back,2022-10-25,2022-10-21,2022-09-08 15:02:12,Outcome of Board Meeting,1200.0,14,1200.0,ok,2022-09-09,3651.0,3620.0,31.0,870.0,0.5055517450327045,0.615182691006682,0.0915250130728044,-0.1460345204156283,-0.0597701754059607,-0.1460345204156283,False,-0.0099252245863531,-0.158218622082041,-0.0775892895684504,0.0030400429451404,0.110545819629928,0.379310261341897,3649,3648.0,-0.0151065501729061,-0.0446636252330545,2022-2026,46.88816489196991,2022
GARFIBRES,Garware Technical Fibres Limited,INE276A01018,Buy Back,2022-11-04,2022-11-03,2022-10-21 17:10:55,Outcome of Board Meeting,3750.0;3750.0,10,,ok,2022-10-24,3658.0,3650.0,8.0,700.0499877929686,,,0.0249784314329082,-0.002899665964559,-0.0015427269632374,-0.002899665964559,False,0.0217926703960633,-0.0242266874070775,,,,,3657,3656.0,0.0198581339974337,-0.0214008609606711,2022-2026,2.9800841759552004,2022
DHANUKA,Dhanuka Agritech Limited,INE435G01025,Buy Back,2022-11-18,2022-11-17,2022-11-01 13:00:34,Outcome of Board Meeting,850.0;850.0;850.0,9,850.0,ok,2022-11-02,2806.0,2795.0,11.0,734.9000244140626,0.1679032897178234,0.1986180226142067,0.0097554206090821,-0.035038703155081,0.0013607354094635,-0.035038703155081,False,0.0124317121530144,-0.0511634640713724,-0.0199959442321419,0.0111715756070884,0.0527282687260624,0.1566200015234971,2805,2804.0,0.0180724160356104,-0.0167116806261469,2022-2026,3.2710103256472776,2022
ORBTEXP,Orbit Exports Limited,INE231G01010,Buy Back,2022-11-18,2022-11-18,2022-11-04 18:15:48,Outcome of Board Meeting,245.0;2451.0;245.0;245.0;245.0;245.0,5,245.0,ok,2022-11-07,2228.0,2220.0,8.0,190.8999938964845,0.298701340719024,0.4578994082168646,0.0119268670783885,-0.1196961284715476,-0.0662650334827678,-0.1196961284715476,False,0.0057600811344922,-0.1652697259815737,-0.0979700930814858,-0.030670460181398,0.0590623836853858,0.2833944933523453,2228,2227.0,0.0077515329135691,-0.0740165663963369,2022-2026,1.2492898791848754,2022
COSMOFIRST,COSMO FIRST LIMITED,INE757A01017,Buy Back,2022-12-14,2022-12-13,2022-12-01 14:11:00,Outcome of Board Meeting,1070.0;1070.0,9,1070.0,ok,2022-12-02,3685.0,3677.0,8.0,830.0,0.3328350974962129,0.4222104535414832,0.0338813472753793,-0.093554255089958,-0.0487951618079629,-0.093554255089958,False,-0.0019147752137055,-0.1067469522383788,-0.0473614173057331,0.0120241176269122,0.0912048308704398,0.2891566139792583,3684,3683.0,-0.0106412151682289,-0.038153946639734,2022-2026,9.3556491660849,2022
TRIVENI,Triveni Engineering & Industries Limited,INE256C01024,Buy Back,2022-12-23,2022-12-22,2022-11-05 18:20:13,Outcome of Board Meeting,350.0;350.0,12,350.0,ok,2022-11-07,3692.0,3659.0,33.0,166.52704249695435,1.2115628476448657,1.271527429102442,0.0522430675831562,-0.074736890188307,0.0284210692640785,-0.074736890188307,False,-0.0217548939176384,-0.0201754725671111,0.1481149282790383,0.3164053291251876,0.5407925302533869,1.101760533073885,3691,3690.0,-0.0002033298017969,0.0286243990658754,2022-2026,9.411602628441445,2022
TRITURBINE,Triveni Turbine Limited,INE152M01016,Buy Back,2022-12-23,2022-12-22,2022-07-27 16:21:06,Record Date,350.0,14,350.0,ok,2022-07-28,2750.0,2650.0,100.0,172.5,0.9790782466534632,0.3910969455859225,-0.0245972702435096,0.4702405156691938,0.6692136097475219,0.4702405156691938,False,0.051814643707772,0.6049343321076777,0.6709812458851392,0.7370281596626005,0.8250907113658823,1.0452470906240872,2749,2748.0,0.0749870067391904,0.5942266030083314,2022-2026,5.050352604959031,2022
ECLERX,eClerx Services Limited,INE738I01010,Buy Back,2022-12-27,2022-12-26,2022-11-10 18:13:19,Outcome of Board Meeting,1900.0;1900.0;1900.0;1900.0;1900.0;1900.0;1900.0;167.3;1900.0,14,1900.0,ok,2022-11-11,3694.0,3662.0,32.0,714.9500122070312,1.7860259804512078,1.8886354998099584,0.0483522658618786,-0.0800056130845239,-0.0432198696967103,-0.0800056130845239,False,-0.0118475204911183,-0.0109098905685607,0.2393558598672147,0.4896216103029902,0.8233092775506907,1.6575284456699424,3693,3692.0,-0.0295862308710356,-0.0136336388256746,2022-2026,4.256212591708374,2022
TIIL,Technocraft Industries (India) Limited,INE545H01011,Buy Back,2022-12-30,2022-12-29,2022-11-14 16:57:09,Outcome of Board Meeting,1000.0;1000.0;1000.0;1000.0;1000.0;1000.0;1000.0;1000.0;1000.0,13,1000.0,ok,2022-11-15,3697.0,3664.0,33.0,829.9999999999999,0.2410027490059063,0.1019283746556474,0.0300322309191496,0.093373521732667,0.0982529342642102,0.093373521732667,False,-0.016198072260975,0.0887952015633317,0.1061988174829919,0.1236024334026519,0.1468072546288654,0.2048193076943989,3696,3695.0,-0.0152635048231681,0.1135164390873784,2022-2026,0.9870791097488403,2022
TIPSMUSIC,Tips Music Limited,INE716B01029,Buy Back,2022-12-30,2022-12-30,2022-11-09 12:34:00,Outcome of Board Meeting,2600.0;2600.0;2600.0;2600.0;2600.0;2600.0;2600.0;2600.0;2600.0;1646.0;1646.0,8,,ok,2022-11-10,3697.0,3661.0,36.0,189.88999938964847,,,0.0136655662224518,-0.0706723495823301,-0.0394438825221079,-0.0706723495823301,False,0.0042767201296407,-0.1646742463407774,,,,,3697,3696.0,0.0090303407053922,-0.0484742232275001,2022-2026,4.577078005663299,2022
JAGRAN,Jagran Prakashan Limited,INE199G01027,Buy Back,2023-01-06,2023-01-06,2022-11-04 18:34:31,Outcome of Board Meeting,75.0;75.0;22.75;75.0;75.0;22.75;4.0;2.0;75.0;10.0;75.0;75.0;22.75;75.0;75.0;22.75;4.0;2.0;75.0;10.0;4.0,10,75.0,ok,2022-11-07,3702.0,3659.0,43.0,70.6500015258789,0.0302197370332262,-0.0488268680865565,-0.0295329502235981,0.1160651078669356,0.0672328894580827,0.0615711023378775,True,-0.0188625677238457,0.014861943170362,0.0218683233051739,0.0288747034399856,0.038216543619735,0.0615711440691082,3702,3701.0,-0.0115724164185756,0.0788053058766583,2022-2026,1.69161202930439,2022
VRLLOG,VRL Logistics Limited,INE366I01010,Buy Back,2023-02-10,2023-02-10,2023-01-30 14:44:54,Outcome of Board Meeting,700.0;700.0,10,700.0,ok,2023-01-31,1925.0,1917.0,8.0,261.5,1.662102937834669,1.772002839001931,-0.0055144986590419,-0.0343211804169916,-0.0235180907946908,-0.0343211804169916,False,0.011003734260929,0.1477055058094605,0.3770793443552613,0.606453182901062,0.9122849676287969,1.6768644294481327,1925,1924.0,0.0130957342684485,-0.0366138250631393,2022-2026,7.5672354623999025,2023
WELENT,Welspun Enterprises Limited,INE625G01013,Buy Back,2023-02-13,2023-02-13,2022-12-30 14:24:57,Outcome of Board Meeting,200.0;200.0,15,200.0,ok,2023-01-02,3727.0,3698.0,29.0,169.0,0.2037316120794143,0.4738393846558648,0.0171530779995807,-0.1582136505664212,-0.0605117864117885,-0.1582136505664212,False,-0.0234400339848455,-0.214043169748793,-0.1458380129973402,-0.0776328562458874,0.0133073527560496,0.2406578752608925,3727,3726.0,-0.0187360994747932,-0.0417756869369952,2022-2026,10.980626824028244,2023
HGS,Hinduja Global Solutions Limited,INE170I01016,Buy Back,2023-03-06,2023-03-06,2022-11-14 21:34:06,Press Release,1700.0;5.0;5.0,17,1700.0,ok,2022-11-15,3742.0,3664.0,78.0,1328.9999999999998,0.356256784254239,0.3942997744515071,0.060273659009012,-0.0775406721364363,0.0251650572349895,-0.0775406721364363,False,-0.0375990934929335,-0.1894387229656082,-0.1180951896036387,-0.0467516562416689,0.0483730549076237,0.2861848327808556,3742,3741.0,-0.0439620268035978,0.0691270840385873,2022-2026,4.318983239798584,2022
AJANTPHARM,Ajanta Pharma Limited,INE031B01015,Buy Back,2023-03-24,2023-03-24,2022-11-03 15:42:05,Outcome of Board Meeting,7.0;2.0;1425.0;1425.0;1425.0,11,1425.0,ok,2022-11-04,3755.0,3658.0,97.0,1285.9999999999998,0.0573177518085699,0.203242372074585,-0.0458170127307361,-0.0739128507843248,-0.0382550988111574,-0.0739128507843248,False,-0.0646955831410176,0.016013646981464,0.0307576946597532,0.0455017423380426,0.0651604725757615,0.114307298170059,3755,3754.0,-0.0574179701316766,0.0191628713205191,2022-2026,7.428669507427368,2022
SYMPHONY,Symphony Limited,INE225D01019,Buy Back,2023-03-29,2023-03-29,2023-02-08 13:56:10,Outcome of Board Meeting,2000.0,23,2000.0,ok,2023-02-09,2907.0,2874.0,33.0,1065.8499755859375,1.0720020720020722,0.9558946006314276,0.1042217831420808,-0.0406248927200944,0.0179198875796442,-0.0406248927200944,False,-0.0454216506870204,-0.0763241939150773,0.0665899240185288,0.2095040419521352,0.4000561991969433,0.8764365923089643,2907,2906.0,-0.052630992967704,0.0705508805473482,2022-2026,8.477542949730834,2023
GPIL,Godawari Power And Ispat limited,INE177H01013,Buy Back,2023-03-31,2023-03-31,2023-03-18 13:39:51,Outcome of Board Meeting,,18,,ok,2023-03-20,3759.0,3751.0,8.0,80.79837678620619,,,0.0178156934398465,-0.1149162656113964,-0.0665904958104871,-0.1149162656113964,False,0.0218590097264206,-0.0449010477546697,,,,,3759,3758.0,0.0054330499636643,-0.0720235457741514,2022-2026,2.125489784705679,2023
TEAMLEASE,Teamlease Services Limited,INE985S01024,Buy Back,2023-04-03,2023-04-03,2023-02-03 12:06:21,Outcome of Board Meeting,3050.0;3050.0,14,3050.0,ok,2023-02-06,1763.0,1725.0,38.0,2332.0,0.3563694360874092,0.3844128114036749,0.0370667294937174,-0.0552744006619854,-0.0396869849177208,-0.0552744006619854,False,-0.0206336667408794,-0.1301457975986277,-0.0644403945111492,0.0012650085763292,0.0888722126929673,0.3078902229845626,1763,1762.0,-0.0227896838812706,-0.0168973010364501,2022-2026,4.676337746905517,2023
EMAMILTD,Emami Limited,INE548C01024,Buy Back,2023-04-12,2023-04-12,2023-03-24 11:50:17,Outcome of Board Meeting,450.0;450.0,9,450.0,ok,2023-03-27,3765.0,3756.0,9.0,365.0,0.2359241759311108,0.2541806446762049,0.0024718896831261,-0.0169863133346649,-0.0132876839447648,-0.0169863133346649,False,0.0486704233501573,0.0732875199111366,0.0972259028145856,0.1211642857180343,0.1530821295892996,0.2328767392674628,3765,3764.0,0.0433659841148539,-0.0566536680596188,2022-2026,19.310670515256803,2023
AMRUTANJAN,Amrutanjan Health Care Limited,INE098F01015,Buy Back,2023-07-13,2023-07-13,2023-06-30 10:26:58,Outcome of Board Meeting,900.0;900.0;900.0,5,900.0,ok,2023-07-03,3379.0,3371.0,8.0,737.1500244140625,0.3475070625870315,0.2689460697920338,0.1036831632792791,-0.0378485525959058,-0.0063759742145995,-0.0378485525959058,False,0.0047198333068165,-0.1454926504049264,-0.090531008184966,-0.0355693659650058,0.0377128236616077,0.2209182977281421,3379,3378.0,0.0031957478440123,-0.0095717220586118,2022-2026,14.589339708155519,2023
GOLDIAM,Goldiam International Limited,INE025B01017,Buy Back,2023-07-21,2023-07-21,2023-05-20 13:13:05,Outcome of Board Meeting,150.0;150.0,15,150.0,ok,2023-05-22,3834.0,3791.0,43.0,100.5,0.3879250912385956,0.5797788817388365,-0.0700901572943988,-0.0552239488958206,-0.0402985267786548,-0.0552239488958206,False,0.0781133741133732,-0.0645522794669827,0.0190111504791139,0.1025745804252102,0.2139924870200058,0.4925372535069945,3834,3833.0,0.090898416791858,-0.1311969435705129,2022-2026,4.981491091157875,2023
ASHIANA,Ashiana Housing Limited,INE365D01013,Buy Back,2023-07-28,2023-07-28,2023-07-12 17:56:13,Outcome of Board Meeting,301.0,17,301.0,ok,2023-07-13,2978.0,2967.0,11.0,228.0,0.5314169184761457,0.4679346282380836,0.1600102657146214,-0.1006579723154491,-0.0668860077843511,-0.1006579723154491,False,0.0119657861695963,-0.0910088200447821,-0.029331201277864,0.0323464174890542,0.1145832425116115,0.3201753050680054,2978,2977.0,0.0126791779344537,-0.0795651857188048,2022-2026,2.892983562579117,2023
AARTIDRUGS,Aarti Drugs Limited,INE767A01016,Buy Back,2023-08-04,2023-08-04,2023-07-21 16:47:03,Outcome of Board Meeting,900.0;900.0;900.0;900.0,10,900.0,ok,2023-07-24,3844.0,3835.0,9.0,571.0,0.7605633382409003,0.5691744732890975,0.1169795776991251,0.0044658184972439,0.0462346970576972,0.0044658184972439,False,-0.0078968507809035,0.0401050836395364,0.1205166393452032,0.2009281950508699,0.3081436026584256,0.5761821216773151,3844,3843.0,-0.0147770461852438,0.0610117432429411,2022-2026,24.839103582348482,2023
CLEDUCATE,CL Educate Limited,INE201M01011,Buy Back,2023-08-14,2023-08-14,2023-08-02 16:25:55,Outcome of Board Meeting,,20,,ok,2023-08-03,1574.0,1567.0,7.0,77.0,,,-0.0109184134975115,-0.0071428967760754,0.0045454347288453,-0.0071428967760754,False,0.0027294058843714,-0.0474026172192065,,,,,1574,1573.0,0.002406935925723,0.0021384988031223,2022-2026,1.0563463389419938,2023
CONTROLPR,Control Print Limited,INE663B01015,Buy Back,2023-08-18,2023-08-18,2023-07-07 13:34:04,Updates,800.0;800.0;800.0;10.0;10.0;800.0,19,800.0,ok,2023-07-10,1767.0,1739.0,28.0,657.0,0.2671260488408877,0.0922992535943989,0.0406273333389706,0.123410288067695,0.1806238811357086,0.123410288067695,False,-0.0023636203471143,0.1903639136294215,0.1958743594554999,0.2013848052815785,0.2087320663830165,0.2271002191366118,1767,1766.0,0.0004830366547829,0.1801408444809256,2022-2026,3.6595429809655764,2023
KRBL,KRBL Limited,INE001B01026,Buy Back,2023-08-25,2023-08-25,2023-08-10 15:13:24,Outcome of Board Meeting,500.0;500.0,15,500.0,ok,2023-08-11,3858.0,3849.0,9.0,417.4500122070312,0.2526619257062299,0.2525049717200216,0.0458474810764342,-0.0414006951361572,-0.00898305677997,-0.0414006951361572,False,-0.0083640871031205,-0.0328761377164105,0.0021528422254488,0.0371818221673083,0.0838871287564544,0.2006503952293197,3858,3857.0,-0.0021412867223132,-0.0068417700576567,2022-2026,31.21948753136581,2023
FDC,FDC Limited,INE258B01022,Buy Back,2023-08-25,2023-08-25,2023-06-14 17:11:58,Updates,475.0;475.0;475.0;475.0,13,475.0,ok,2023-06-15,3858.0,3809.0,49.0,314.0,0.5617294411706069,0.2424797676353369,0.0323854430933676,0.2175157849775095,0.2272292911841711,0.2175157849775095,False,0.0309127832123279,0.1778661335994151,0.2280970230011845,0.2783279124029536,0.3453024316053128,0.5127387296112107,3858,3857.0,0.0373820572437737,0.1898472339403973,2022-2026,13.802602061728669,2023
INDIAMART,Indiamart Intermesh Limited,INE933S01016,Buy Back,2023-08-25,2023-08-25,2023-04-28 18:54:33,Updates,15.0;10.0;20.0;46.48;46.32;48.42;15.0;10.0;20.0;44.57;50.92;44.42;50.4,29,,ok,2023-05-02,1027.0,946.0,81.0,2675.0,,,0.0193388224438348,0.1312933070867779,0.1747669656864054,0.1312933070867779,False,0.0616140583798456,0.1058616026886716,,,,,1027,1026.0,0.0682759917374806,0.1064909739489248,2022-2026,61.89455693698731,2023
BSE,BSE Limited,INE118H01025,Buy Back,2023-09-14,2023-09-14,2023-07-06 13:52:40,Outcome of Board Meeting,816.0,19,816.0,ok,2023-07-07,1635.0,1587.0,48.0,235.9166717529297,2.5981478990744,0.9078793002348788,0.0402734762634517,0.8392630253687658,0.8638465894882461,0.8392630253687658,False,0.0398979296782886,1.122943169674472,1.3308654722915685,1.5387877749086645,1.81601751173146,2.5090918537884472,1635,1634.0,0.0381857451927594,0.8256608442954867,2022-2026,165.00719435771987,2023
SIYSIL,Siyaram Silk Mills Limited,INE076B01010,Buy Back,2023-09-18,2023-09-18,2023-07-10 19:20:39,Shareholders meeting,650.0;2.0,12,650.0,ok,2023-07-11,3874.0,3826.0,48.0,562.0,0.1636233949315686,0.086048454469507,0.006086920618066,0.0726406239088408,0.0999719054335002,0.0726406239088408,False,0.0356955655360464,0.0026546183776674,0.0269973793906279,0.0513401404035884,0.083797155087536,0.1649396917974046,3874,3873.0,0.0387331503863217,0.0612387550471784,2022-2026,5.007010735189819,2023
GNFC,Gujarat Narmada Valley Fertilizers and Chemicals Limited,INE113A01013,Buy Back,2023-11-24,2023-11-24,2023-08-28 14:50:26,Shareholders meeting,,25,,ok,2023-08-29,3919.0,3860.0,59.0,594.0,,,0.0454065512961268,0.2233058238962484,0.2460722746472465,0.2233058238962484,False,0.0233705732666344,0.3248728110315946,,,,,3919,3918.0,0.0237480179860789,0.2223242566611676,2022-2026,69.94356769947876,2023
SIS,SIS LIMITED,INE285J01010,Buy Back,2023-12-12,2023-12-12,2023-11-30 18:29:12,Outcome of Board Meeting,550.0;550.0,15,550.0,ok,2023-12-01,1565.0,1558.0,7.0,483.00000000000006,0.1364810127635927,0.209189826579512,-0.001963058410368,-0.0582815381952983,-0.0164596380750772,-0.0582815381952983,False,0.0315030164789709,-0.0582815381952983,-0.0287318499385507,0.0008178383181967,0.0402174226605267,0.138716383516352,1565,1564.0,0.0359780344631699,-0.0524376725382471,2022-2026,3.185075701119385,2023
SOMANYCERA,Somany Ceramics Limited,INE355A01010,Buy Back,2023-12-15,2023-12-15,2023-08-03 22:01:10,Shareholders meeting,850.0;850.0,22,850.0,ok,2023-08-04,3933.0,3844.0,89.0,740.7999877929688,0.1632680796495829,0.1522298846884828,0.0138224162888185,0.0002834968164873,0.0324195894755012,0.0002834968164873,False,0.099382609551929,-0.0584289860655611,-0.0267811574268288,0.0048666712119032,0.0470637760635461,0.1525565381926534,3933,3932.0,0.0853460684915714,-0.0529264790160701,2022-2026,9.280268297466126,2023
DHAMPURSUG,Dhampur Sugar Mills Limited,INE041A01016,Buy Back,2024-01-17,2024-01-17,2023-11-08 19:51:44,Shareholders meeting,,17,,ok,2023-11-09,3955.0,3909.0,46.0,262.5,,,-0.0054935435585126,0.0001904233576948,0.0104762502205784,0.0001904233576948,False,0.1122255572135406,-0.0567618452821471,,,,,3955,3954.0,0.1359607685253978,-0.1254845183048194,2022-2026,13.494791531954498,2023
CHAMBLFERT,Chambal Fertilizers & Chemicals Limited,INE085A01013,Buy Back,2024-01-18,2024-01-18,2024-01-08 12:50:27,Outcome of Board Meeting,450.0;450.0;450.0;450.0,14,450.0,ok,2024-01-09,3956.0,3949.0,7.0,384.0,0.2070815845892772,0.1761630758527712,0.0300428975004332,-0.0036458046817586,0.0024740270603438,-0.0036458046817586,False,-0.0038338447876219,-0.0477864165156507,-0.0148372017876557,0.0181120129403391,0.0620442992443324,0.1718750150043155,3956,3955.0,0.0012578230930517,0.001216203967292,2022-2026,160.2075067051152,2024
ORBTEXP,Orbit Exports Limited,INE231G01010,Buy Back,2024-02-13,2024-02-13,2024-02-01 19:21:05,Outcome of Board Meeting,250.0,13,250.0,ok,2024-02-02,2533.0,2526.0,7.0,200.0,0.2939958796530126,0.3480722788567814,0.0351967033869047,-0.0727500454686403,-0.0122499775910027,-0.0727500454686403,False,-0.0050586523761509,-0.2430000478798561,-0.1690500468066371,-0.0951000457334182,0.0034999556975403,0.2499999592749369,2533,2532.0,-0.0108791144560987,-0.0013708631349039,2022-2026,0.7188824841741944,2024
KSCL,Kaveri Seed Company Limited,INE455I01011,Buy Back,2024-02-23,2024-02-23,2024-01-05 13:29:17,Outcome of Board Meeting,725.0,19,725.0,ok,2024-01-08,3980.0,3948.0,32.0,666.0499877929686,0.1067013082263392,0.0847610181542952,0.0167150510308766,0.0034532032142573,0.0272502021746992,0.0885068888032996,True,0.0325244837423883,-0.0499211499947015,-0.0291569397371633,-0.0083927294796252,0.0192928841970925,0.0885069183888869,3980,3979.0,0.0327452804699484,-0.0054950782952492,2022-2026,12.477148700274963,2024
BAJAJ-AUTO,Bajaj Auto Limited,INE917I01010,Buy Back,2024-02-29,2024-02-29,2023-10-18 16:56:19,Outcome of Board Meeting,10000.0;10000.0,20,10000.0,ok,2023-10-19,3984.0,3895.0,89.0,5300.0,0.9450522732798444,0.2643263828924787,0.0308777017610621,0.4923301228700176,0.5450282569748275,0.4923301228700176,False,0.1201598830236849,0.750207388662983,0.7706951323129962,0.7911828759630095,0.8184998674963602,0.8867923463297374,3984,3983.0,0.118547099547505,0.4264811574273224,2022-2026,210.32464714440917,2023
DWARKESH,Dwarikesh Sugar Industries Limited,INE366A01033,Buy Back,2024-03-20,2024-03-20,2024-03-08 15:00:43,Record Date,,17,,ok,2024-03-11,3997.0,3990.0,7.0,84.30000305175781,,,0.0400986465624304,-0.0818505660945279,-0.0486358840068957,-0.0818505660945279,False,-0.0220999645190875,-0.1287069893295923,,,,,3997,3996.0,-0.0230694146401573,-0.0255664693667384,2022-2026,8.700424242815895,2024
GARFIBRES,Garware Technical Fibres Limited,INE276A01018,Buy Back,2024-03-26,2024-03-26,2023-11-06 15:07:52,Outcome of Board Meeting,38001.0;38001.0,16,,ok,2023-11-07,4000.0,3907.0,93.0,619.9999999999999,,,-0.0243902375918182,0.0777581862065373,0.1235162083525787,0.0777581862065373,False,0.1338712972626439,0.0501291877355469,,,,,4000,3999.0,0.1386145449531663,-0.0150983366005876,2022-2026,3.238872048756409,2023
TIPSMUSIC,Tips Music Limited,INE716B01029,Buy Back,2024-04-22,2024-04-22,2024-02-28 14:10:10,Outcome of Board Meeting,625.0;2600.0;140.0;625.0;10.0,13,625.0,ok,2024-02-29,4016.0,3984.0,32.0,502.3999938964844,0.2150077183839922,0.345098478876207,-0.0233281507905884,-0.0751392923747149,-0.0756369311429892,-0.0751392923747149,False,0.0160852847138841,-0.1561504696165481,-0.0961235895241943,-0.0360967094318407,0.0439391306912975,0.2440287309991433,4016,4015.0,0.0074694403312816,-0.0831063714742708,2022-2026,18.612474235164793,2024
AJANTPHARM,Ajanta Pharma Limited,INE031B01015,Buy Back,2024-05-30,2024-05-30,2024-05-02 16:43:09,Outcome of Board Meeting,2770.0;2770.0;2770.0,12,2770.0,ok,2024-05-03,4042.0,4024.0,18.0,2540.0,0.2503103482589586,0.1484007147139348,0.1464941539898618,-0.0503741276030531,-0.0570276949051808,-0.0503741276030531,False,0.0005695349218148,-0.0995276616406822,-0.0710158578088553,-0.0425040539770283,-0.0044883155345923,0.0905510305714978,4042,4041.0,0.0101820226310618,-0.0672097175362427,2022-2026,20.573894499213868,2024
SHARDAMOTR,Sharda Motor Industries Limited,INE597I01010,Buy Back,2024-06-05,2024-06-05,2024-04-18 18:51:33,Outcome of Board Meeting,1800.0;1800.0,17,1800.0,ok,2024-04-19,2156.0,2125.0,31.0,772.9788010434723,1.2429862382955368,1.2553900085653753,-0.0367883747944181,0.032483849540408,-0.0390000268416595,0.032483849540408,False,0.021373080298686,0.668516127995396,0.7675367725348692,0.8665574170743426,0.9985849431269742,1.3286537582585525,2156,2155.0,-0.0118526211224996,-0.0271474057191599,2022-2026,6.255537451804323,2024
CHEVIOT,Cheviot Company Limited,INE974B01016,Buy Back,2024-06-14,2024-06-14,2024-05-24 13:40:10,Outcome of Board Meeting,1800.0;1800.0;1800.0,10,1800.0,ok,2024-05-27,489.0,475.0,14.0,1499.75,0.1557353728417549,0.1873742920131009,-0.0370476608602623,0.0140325476853009,0.0464078029584154,0.0140325476853009,False,0.0232487330742277,-0.0652665905806046,-0.0248711752356027,0.0155242401093993,0.0693847939027352,0.2040361783860753,489,488.0,0.0203402247804225,0.0260675781779928,2022-2026,2.242296920267334,2024
BAJAJCON,Bajaj Consumer Care Limited,INE933K01021,Buy Back,2024-07-02,2024-07-02,2024-05-08 16:28:48,Outcome of Board Meeting,290.0,20,290.0,ok,2024-05-09,3419.0,3383.0,36.0,252.6499938964844,0.1255579540844578,0.0986928834560394,-0.0194061716221457,0.0447259789571841,0.0708489781472874,0.0447259789571841,False,0.0986610319651599,0.0486840237787078,0.0635563699481869,0.078428716117666,0.0982585110103051,0.1478329982419022,3419,3418.0,0.0994853338836387,-0.0286363557363513,2022-2026,21.489543733942718,2024
ECLERX,eClerx Services Limited,INE738I01010,Buy Back,2024-07-04,2024-07-04,2024-05-16 21:08:04,Outcome of Board Meeting,2.0;2800.0;2.0;2800.0,21,2800.0,ok,2024-05-17,4066.0,4034.0,32.0,1170.0,1.4321918472754531,1.2250918843746894,0.0163088222029963,0.0755341722878801,0.0762820594099613,0.0755341722878801,False,0.0817253912861593,0.0427136264214835,0.2452809361770727,0.4478482459326618,0.7179379922734475,1.3931623581254111,4066,4065.0,0.0810287687794883,-0.004746709369527,2022-2026,10.23878293058838,2024
WELSPUNLIV,Welspun Living Limited,INE192B01031,Buy Back,2024-08-05,2024-08-05,2024-04-25 14:32:22,Outcome of Board Meeting,,22,,ok,2024-04-26,4087.0,4020.0,67.0,158.0,,,-0.0087829216821888,0.1039254128278406,0.1721369324731774,0.1039254128278406,False,0.0729551336029383,0.1864505479837424,,,,,4087,4086.0,0.1024868512225876,0.0696500812505898,2022-2026,37.85907080865432,2024
NAVNETEDUL,Navneet Education Limited,INE060A01024,Buy Back,2024-08-13,2024-08-13,2024-05-24 11:52:30,Updates,2.6,15,,ok,2024-05-27,4093.0,4039.0,54.0,157.60000610351562,,,0.0076728085017621,0.0251752092449744,0.0979694350089757,0.0251752092449744,False,0.0526132542468904,-0.0154092754420739,,,,,4093,4092.0,0.0616833713554432,0.0362860636535324,2022-2026,7.656467482223511,2024
TTKPRESTIG,TTK Prestige Limited,INE690A01010,Buy Back,2024-08-14,2024-08-14,2024-07-29 14:12:54,Shareholders meeting,,26,,ok,2024-07-30,4094.0,4083.0,11.0,908.0,,,-0.0150241251912178,0.0775772729115091,0.116630022742284,0.0775772729115091,False,-0.0287058835361655,-0.0002511776124436,,,,,4094,4093.0,-0.0288969742761378,0.1455269970184218,2022-2026,12.831125246463317,2024
SOTL,Savita Oil Technologies Limited,INE035D01012,Buy Back,2024-08-16,2024-08-16,2024-08-03 16:07:21,Outcome of Board Meeting,675.0,12,675.0,ok,2024-08-05,4095.0,4087.0,8.0,598.0499877929686,0.0735586481113319,0.1681232647203157,-0.0488271318020945,-0.0337764349081206,-0.0084440535716332,-0.0337764349081206,False,0.0201845220711427,-0.0249978713938856,-0.0019479568890785,0.0211019576157285,0.0518351769554712,0.1286682253048283,4095,4094.0,0.0036644437077613,-0.0121084972793945,2022-2026,11.205220983110657,2024
DHANUKA,Dhanuka Agritech Limited,INE435G01025,Buy Back,2024-08-16,2024-08-16,2024-05-17 13:02:11,Record Date,6.0;2.0;6.0;6.0,28,,ok,2024-05-21,3234.0,3174.0,60.0,1326.5500488281248,,,-0.0108861515030783,0.3530339263978623,0.3773182051746098,0.3530339263978623,False,0.0893113353470527,0.2053993170787076,,,,,3234,3233.0,0.0716718708847621,0.3056463342898476,2022-2026,6.730488750549927,2024
CERA,Cera Sanitaryware Limited,INE739E01017,Buy Back,2024-08-16,2024-08-16,2024-04-15 18:15:59,Shareholders meeting,,25,,ok,2024-04-16,4095.0,4013.0,82.0,7100.499999999999,,,-0.004654023518342,0.4320447085241015,0.4410185353409577,0.4320447085241015,False,0.1080576469006082,0.1983302011694721,,,,,4095,4094.0,0.0901146191816821,0.3509039161592755,2022-2026,22.575825559514158,2024
CLSEL,Chaman Lal Setia Exports Limited,INE419D01026,Buy Back,2024-08-19,2024-08-19,2024-08-06 16:55:42,Outcome of Board Meeting,300.0;300.0;2.0;300.0,9,300.0,ok,2024-08-07,807.0,800.0,7.0,238.00999450683597,0.3599891426648032,0.2188680536647131,0.0789700342490908,0.0341162334655744,0.0675601822031952,0.0341162334655744,False,0.0113242263864594,-0.0215536264941228,0.0207471035920858,0.0630478336782944,0.1194488071265726,0.2604512407472685,807,806.0,0.0100277967126247,0.0575323854905704,2022-2026,6.677683968568649,2024
AIAENG,AIA Engineering Limited,INE212H01026,Buy Back,2024-08-20,2024-08-20,2024-04-27 16:19:38,Updates,,18,,ok,2024-04-29,4097.0,4021.0,76.0,3904.600097656249,,,2.5657150636071435e-05,0.1636962756173234,0.1770474883536252,0.1636962756173234,False,0.0907747592362944,0.1117816176929298,,,,,4097,4096.0,0.0852014258776594,0.0918460624759658,2022-2026,21.50106679951294,2024
MAYURUNIQ,Mayur Uniquoters Ltd,INE040D01012,Buy Back,2024-08-23,2024-08-23,2024-05-21 20:20:30,Updates,800.0;800.0;800.0;800.0;800.0;800.0;800.0,17,800.0,ok,2024-05-22,2933.0,2869.0,64.0,552.0,0.5009380863039399,0.209007080612986,0.0356471840980734,0.2041349518653243,0.2112318746350989,0.2041349518653243,False,0.0984763796670618,0.1311625768802089,0.1798593427709907,0.2285561086617724,0.2934851298494816,0.4558076828187543,2933,2932.0,0.097960825488238,0.1132710491468609,2022-2026,4.643241424226685,2024
VLSFINANCE,VLS Finance Limited,INE709A01018,Buy Back,2024-08-26,2024-08-26,2024-05-28 21:29:01,Updates,2.5;10.0;2.5;10.0,14,,ok,2024-05-29,4101.0,4041.0,60.0,288.00000000000006,,,-0.0087763357032002,0.2651040686969006,0.2795138243508936,0.2651040686969006,False,0.1015604905578639,0.3852186081802977,,,,,4101,4100.0,0.0933045248238981,0.1862092995269955,2022-2026,2.146842892391205,2024
TIIL,Technocraft Industries (India) Limited,INE545H01011,Buy Back,2024-08-27,2024-08-27,2024-08-13 18:55:58,Outcome of Board Meeting,4500.0,10,4500.0,ok,2024-08-14,4102.0,4094.0,8.0,3540.0,0.3402031347170999,0.2637609352653682,0.0542931990068029,0.0058756605904033,0.0993079522187216,0.0058756605904033,False,0.0361998446803002,-0.1145338619266811,-0.0566758277994191,0.0011822063278426,0.0783262518308585,0.2711863655883983,4102,4101.0,0.0359036856070411,0.0634042666116805,2022-2026,18.159328944417723,2024
SUPRAJIT,Suprajit Engineering Limited,INE399C01030,Buy Back,2024-08-27,2024-08-27,2024-08-14 15:26:19,Outcome of Board Meeting,750.0;750.0,14,750.0,ok,2024-08-16,4102.0,4095.0,7.0,570.0000000000001,0.4359563804877742,0.3709898852677384,0.0913268184178732,-0.0402631160619341,0.0023683115256307,-0.0402631160619341,False,0.019420426581024,-0.069110789726603,-0.0113757372079926,0.0463593153106176,0.1233393853354314,0.3157895603974658,4102,4101.0,0.0191290632785223,-0.0167607517528916,2022-2026,11.711827615797272,2024
KDDL,KDDL Limited,INE291D01011,Buy Back,2024-08-27,2024-08-27,2024-05-14 21:11:10,Outcome of Board Meeting,878.0;1547.0;4.0;58.0;120.0;4.0;878.0;868.0;1547.0;1537.0;58.0;4.0,19,,ok,2024-05-15,2066.0,1996.0,70.0,2640.0000000000005,,,0.0735636105238619,0.2340055670122061,0.2577462285705878,0.2340055670122061,False,0.1268977173813783,0.1085323347784912,,,,,2066,2065.0,0.1265756357044209,0.1311705928661668,2022-2026,3.487506650290527,2024
WEIZMANIND,Weizmann Limited,INE080A01014,Buy Back,2024-08-30,2024-08-30,2024-08-20 18:49:30,Outcome of Board Meeting,160.0,16,160.0,ok,2024-08-21,4105.0,4098.0,7.0,136.99000549316406,0.2274644611288951,0.2002100587367814,0.0509397770531456,-0.0268633823903036,0.0243814135525752,-0.0268633823903036,False,0.0188008650137332,-0.0614643427350624,-0.027049437777766,0.0073654671795302,0.0532520071225921,0.1679683569802466,4105,4104.0,0.0154116645017143,0.0089697490508608,2022-2026,0.1412288504535675,2024
NUCLEUS,Nucleus Software Exports Limited,INE096B01018,Buy Back,2024-09-03,2024-09-03,2024-06-21 16:29:01,Shareholders meeting,103.15,24,,ok,2024-06-24,4107.0,4058.0,49.0,1364.699951171875,,,0.0375973782162923,0.0196376587307647,0.0419619952230332,0.0196376587307647,False,0.0740084599447084,-0.0843700317558253,,,,,4107,4106.0,0.0739595858697996,-0.0319975906467664,2022-2026,8.437372111455078,2024
TCI,Transport Corporation of India Limited,INE688A01022,Buy Back,2024-09-04,2024-09-04,2024-07-05 16:01:37,Shareholders meeting,,28,,ok,2024-07-08,4108.0,4068.0,40.0,974.0,,,0.0293807602208608,0.1262749072774884,0.1340937774028987,0.1262749072774884,False,0.0361072594695104,0.1083737561092796,,,,,4108,4107.0,0.0394439598327096,0.094649817570189,2022-2026,3.3744380594155885,2024
AARTIDRUGS,Aarti Drugs Limited,INE767A01016,Buy Back,2024-09-05,2024-09-05,2024-05-03 16:30:33,Outcome of Board Meeting,,21,,ok,2024-05-06,4109.0,4025.0,84.0,502.0,,,0.0023961980174378,0.1291832294749373,0.1446214925104174,0.1291832294749373,False,0.1204133408501615,0.0285855471213953,,,,,4109,4108.0,0.122801627965386,0.0218198645450313,2022-2026,8.60104986665146,2024
JAICORPLTD,Jai Corp Limited,INE070D01027,Buy Back,2024-09-10,2024-09-10,2024-08-29 17:07:51,Outcome of Board Meeting,400.0;400.0;400.0;400.0,16,400.0,ok,2024-08-30,4112.0,4105.0,7.0,367.6000061035157,0.0198877805971391,0.1334655905869224,-0.0627231241657135,-0.0399891291065693,-0.0357726386604709,-0.0399891291065693,False,-0.0077191928258826,-0.0749456022959296,-0.0504828686394769,-0.0260201349830243,0.0065968432255791,0.0881392887470879,4112,4111.0,-0.0118680132416144,-0.0239046254188565,2022-2026,44.80798680713196,2024
INSECTICID,Insecticides (India) Limited,INE070I01018,Buy Back,2024-09-11,2024-09-11,2024-07-18 16:37:12,Shareholders meeting,10.0;3.0;3.0;3.0;10.0;3.0;3.0;3.0,18,,ok,2024-07-19,4113.0,4076.0,37.0,764.0,,,-0.0447611710668294,0.2305854843454839,0.2512460820578188,0.2305854843454839,False,0.0157983939420793,0.0647102667343915,,,,,4113,4112.0,0.0207982263441492,0.2304478557136695,2022-2026,8.259534008180543,2024
MATRIMONY,Matrimony.Com Limited,INE866R01028,Buy Back,2024-10-25,2024-10-25,2024-07-12 17:17:00,Updates,,22,,ok,2024-07-15,1751.0,1680.0,71.0,609.4000244140625,,,-0.0124776155607618,0.2659961099773837,0.3363980802663826,0.2659961099773837,False,-0.0165088625312689,0.0741259917949788,,,,,1751,1750.0,-0.0076178923595471,0.3440159726259297,2022-2026,2.7287712549545287,2024
DHAMPURSUG,Dhampur Sugar Mills Limited,INE041A01016,Buy Back,2025-05-23,2025-05-23,2025-05-16 16:57:47,Outcome of Board Meeting,185.0,20,185.0,ok,2025-05-19,4285.0,4281.0,4.0,146.0,0.3136405424600748,0.2599604828232884,0.0367109389948283,0.0056848496642754,0.0050685247120931,0.0056848496642754,False,-0.0037000266988828,0.0186301109836726,0.0559040696487818,0.0931780283138907,0.1428766398673695,0.2671231687510667,4285,4284.0,-0.0134593687632467,0.0185278934753398,2022-2026,5.098791682591057,2025
SIS,SIS LIMITED,INE285J01010,Buy Back,2025-06-06,2025-06-06,2025-03-25 19:22:57,Buyback,404.0;5.0;404.0,22,404.0,ok,2025-03-26,1930.0,1883.0,47.0,329.79998779296875,0.191213348873918,0.092039428759131,-0.0275689634599853,0.121740538128644,0.1417525686101246,0.121740538128644,False,0.0645553233869984,0.1249242251874691,0.1399333258804436,0.1549424265734178,0.174954560830717,0.2249848964739649,1930,1929.0,0.0538195118661397,0.0879330567439848,2022-2026,4.9757524132685855,2025
TRACXN,Tracxn Technologies Limited,INE0HMF01019,Buy Back,2025-07-18,2025-07-18,2025-05-26 15:46:28,Outcome of Board Meeting,70.0;70.0,17,70.0,ok,2025-05-27,677.0,639.0,38.0,59.95000076293945,0.1081209756059855,0.1748908668800028,-0.0509735238141707,-0.0061717919462228,-0.0043369830345557,-0.0061717919462228,False,0.0057278671866776,-0.1264387278497013,-0.0823269659387307,-0.0382152040277603,0.0206004785202003,0.167639684890102,677,676.0,0.0114898779908509,-0.0158268610254067,2022-2026,1.6853999372044564,2025
TANLA,Tanla Platforms Limited,INE483C01032,Buy Back,2025-07-23,2025-07-23,2025-04-24 20:37:00,General Updates,8.74;37.76;6.0;1173.0;6.0,24,1173.0,ok,2025-04-25,4328.0,4266.0,62.0,481.29998779296886,1.4333575971456738,0.7285588597128558,-0.0015558603339759,0.4274823959885334,0.4187528289287754,0.4274823959885334,False,0.0491090982257524,0.3231454577191093,0.4947967404617599,0.6664480232044108,0.8953164001946119,1.4674873426701147,4328,4327.0,0.0424949425774652,0.3762578863513102,2022-2026,43.465807378981324,2025
BAJAJCON,Bajaj Consumer Care Limited,INE933K01021,Buy Back,2025-09-05,2025-09-04,2025-07-18 19:24:54,Shareholders meeting,290.0;290.0;290.0;290.0;290.0;290.0;290.0;290.0;290.0,18,290.0,ok,2025-07-21,3713.0,3681.0,32.0,242.8000030517578,0.2386280867552697,0.2878586438962538,0.0370307008419739,-0.0725700582969947,-0.0034184588987742,-0.0725700582969947,False,-0.0139374042828058,-0.0007825471129245,0.0284946350085761,0.0577718171300769,0.0968080599587446,0.194398667030414,3712,3711.0,-0.0149716209271394,0.0115531620283652,2022-2026,79.87665440603188,2025
GHCL,GHCL Limited,INE539A01019,Buy Back,2025-11-14,2025-11-14,2025-06-25 16:37:43,Shareholders meeting,10.0;10.0;10.0;10.0;10.0;10.0,24,,ok,2025-06-26,4405.0,4309.0,96.0,608.5499877929688,,,0.0356535242414606,0.0154268936211376,0.0741429241651034,0.0154268936211376,False,0.0141316991369524,-0.0347455324698775,,,,,4405,4404.0,0.0129222431650946,0.0612206810000088,2022-2026,11.232471334253844,2025
INFY,Infosys Limited,INE009A01021,Buy Back,2025-11-14,2025-11-14,2025-06-25 22:01:24,Shareholders meeting,22.0;43.0,74,,ok,2025-06-26,4405.0,4309.0,96.0,1608.800048828125,,,0.0171979004612492,-0.0515875050775455,-0.0269747168505287,-0.0515875050775455,False,0.0141316991369524,0.0086191082311335,,,,,4405,4404.0,0.0129222431650946,-0.0398969600156233,2022-2026,1156.1731316239868,2025
NURECA,Nureca Limited,INE0DSF01015,Buy Back,2025-12-12,2025-12-12,2025-10-17 15:21:09,General Updates,330.0;330.0;330.0,18,330.0,ok,2025-10-20,1185.0,1148.0,37.0,303.0,0.3612177122049924,0.1094301107989643,0.2498453539336746,-0.0183167913959364,0.0333333534769493,0.0891089108910891,True,0.0078859900996797,-0.0775577557755775,-0.0525577557755776,-0.0275577557755776,0.0057755775577557,0.0891089108910891,1185,1184.0,0.0021437166052749,0.0311896368716744,2022-2026,1.5379780822235107,2025
VLSFINANCE,VLS Finance Limited,INE709A01018,Buy Back,2025-12-12,2025-12-12,2025-09-03 15:45:44,Shareholders meeting,380.0;179.22;380.0;2.5;179.22;380.0;2.5;10.0;10.0;179.22;380.0;2.5;2.5;10.0,21,380.0,ok,2025-09-04,4425.0,4357.0,68.0,224.80000305175784,0.7160404435081653,0.2689931023855787,0.0151733859692204,0.3411525051148936,0.4918613813697798,0.3411525051148936,False,0.0530699634127138,0.2918866069349477,0.3533906076303963,0.4148946083258451,0.4968999425864435,0.7019132782379394,4425,4424.0,0.0470702612657871,0.4447911201039927,2022-2026,0.5719579846599578,2025
ECLERX,eClerx Services Limited,INE738I01010,Buy Back,2025-12-17,2025-12-17,2025-08-19 14:32:32,Shareholders meeting,2800.0;10.0;10.0,28,2800.0,ok,2025-08-20,4428.0,4347.0,81.0,2030.0,0.4313099041533546,0.2560560117220796,0.0376996741806519,0.0984027786150414,0.1007432389687583,0.0984027786150414,False,0.0306580085486518,0.1339289085755639,0.1707878842949783,0.2076468600143926,0.2567921609736119,0.3796554133716594,4428,4427.0,0.0323166079338637,0.0684266310348946,2022-2026,58.631488599398196,2025
NECLIFE,Nectar Lifesciences Limited,INE023H01027,Buy Back,2025-12-24,2025-12-24,2025-08-07 16:21:37,Shareholders meeting,,37,,ok,2025-08-08,4433.0,4340.0,93.0,13.199999809265137,,,-0.0591589408056447,0.6015151284176674,0.6856060849624126,0.6015151284176674,False,0.0730114053139288,0.1015151645416947,,,,,4433,4432.0,0.0744500765992652,0.6111560083631473,2022-2026,3.818859483658719,2025
FAIRCHEMOR,Fairchem Organics Limited,INE0DNW01011,Buy Back,2026-01-05,2026-01-05,2025-11-20 15:17:16,Outcome of Board Meeting,800.0;800.0;800.0,16,800.0,ok,2025-11-21,1243.0,1213.0,30.0,689.0,0.1514933429291112,0.0767160161507403,-0.008276374292354,0.078374435822299,0.1133526043785237,0.078374435822299,False,0.0069874689187963,-0.0568215575486006,-0.0241328699477023,0.0085558176531956,0.0521407344543938,0.1611030264573878,1243,1242.0,0.0099892162168377,0.103363388161686,2022-2026,5.1087594402160645,2025
MATRIMONY,Matrimony.Com Limited,INE866R01028,Buy Back,2026-01-30,2026-01-30,2025-12-15 11:16:14,Outcome of Board Meeting,655.0,12,655.0,ok,2025-12-16,2065.0,2034.0,31.0,526.9999999999999,0.1996336996336996,0.2660675189134078,-0.0347984789387664,-0.0183112962326612,0.0647057414589902,-0.0183112962326612,False,-0.0208602916036113,-0.2334914701156156,-0.1620351223696682,-0.0905787746237207,0.0046963557042092,0.2428841815240341,2065,2064.0,-0.0170610022936668,0.081766743752657,2022-2026,4.68731006542099,2025
GOCOLORS,Go Fashion (India) Limited,INE0BJS01011,Buy Back,2026-02-09,2026-02-09,2026-01-29 14:59:11,Outcome of Board Meeting,460.0;460.0;460.0,17,460.0,ok,2026-01-30,1038.0,1032.0,6.0,383.4500122070313,0.0996892503560626,0.2515304455923579,-0.0833133554935362,-0.0414657032413335,0.00521580371973,-0.0414657032413335,False,0.0215891133202248,-0.2602686533666432,-0.1912831270309569,-0.1222976006952708,-0.0303168989143559,0.1996348555379312,1038,1037.0,0.0147329875958921,-0.009517183876162,2022-2026,10.216568599458007,2026
WINDLAS,Windlas Biotech Limited,INE0H5O01029,Buy Back,2026-04-24,2026-04-24,2026-04-17 14:09:35,Outcome of Board Meeting,1000.0;1000.0;1000.0;1000.0,11,1000.0,ok,2026-04-20,1158.0,1154.0,4.0,873.0,0.1483693316699361,0.1627231139973226,0.0025263869887219,-0.0148338619242561,0.0246850125841673,-0.0148338619242561,False,-0.0191628677422801,-0.1005154654392246,-0.0636168296431192,-0.0267181938470137,0.0224799872144603,0.1454754398681452,1158,1157.0,-0.0078719479578154,0.0325569605419827,2022-2026,3.8341476157318115,2026
JAGSNPHARM,Jagsonpal Pharmaceuticals Limited,INE048B01027,Buy Back,2026-05-04,2026-05-04,2026-03-12 14:02:28,Outcome of Board Meeting,250.0;250.0;250.0;250.0,23,250.0,ok,2026-03-13,4519.0,4487.0,32.0,191.8999938964844,0.3947779086044194,0.174425732768829,0.0706315558218981,0.1092756406297161,0.0962480440396069,0.1092756406297161,False,0.0418209583221234,0.0505472064207046,0.0883794040209737,0.1262116016212431,0.1766545317549355,0.3027618570891666,4519,4518.0,0.0418209583221234,0.0544270857174835,2022-2026,4.615178609329834,2026
SARLAPOLY,Sarla Performance Fibers Limited,INE453D01017,Buy Back,2026-05-15,2026-05-15,2026-04-22 23:50:49,Outcome of Board Meeting,,22,,ok,2026-04-23,4528.0,4512.0,16.0,90.0,,,-0.0448901504986501,0.0654444209382012,0.0759999408066218,0.0654444209382012,False,-0.0219066590329074,0.0868888620338863,,,,,4528,4527.0,-0.0199995927799891,0.095999533586611,2022-2026,1.324402697608757,2026
GARFIBRES,Garware Technical Fibres Limited,INE276A01018,Buy Back,2026-05-20,2026-05-20,2026-05-08 14:41:19,Outcome of Board Meeting,680.0;680.0;680.0,19,680.0,ok,2026-05-11,4530.0,4523.0,7.0,640.2000122070311,0.0112275822082137,0.0705289466813912,-0.0479589664513593,-0.0078100407936957,0.0031240352065158,-0.0078100407936957,False,-0.0065859338191847,0.0852077350692626,0.0817517855994196,0.0782958361295771,0.0736879035031201,0.0621680719369774,4530,4529.0,-0.0083074764335561,0.0114315116400719,2022-2026,5.755653618717651,2026
WELSPUNLIV,Welspun Living Limited,INE192B01031,Buy Back,2026-05-22,2026-05-22,2026-05-15 14:06:35,Outcome of Board Meeting,175.0;175.0;175.0;175.0,17,175.0,ok,2026-05-18,4533.0,4529.0,4.0,141.0,0.3037324411096322,0.2571839356079086,0.05043593915628,-0.0127659946037511,0.0319148694806763,-0.0127659946037511,False,0.0029324190871842,0.1505672527775947,0.1641523747014577,0.1777374966253209,0.1958509925238052,0.2411347322700157,4533,4532.0,0.0002008460972184,0.0317140233834578,2022-2026,30.556669798591994,2026
CYBERTECH,Cybertech Systems And Software Limited,INE214A01019,Buy Back,2026-05-29,2026-05-29,2026-05-13 23:12:01,Outcome of Board Meeting,170.0;4.0;170.0;10.0;10.0;4.0,21,170.0,ok,2026-05-14,4537.0,4526.0,11.0,144.00000000000003,0.246517039987469,0.2116892109922878,0.0558731639338467,-0.0256943277590111,0.0501389403257848,-0.0256943277590111,False,-0.0059878432609247,0.0494445014704794,0.0691111769393566,0.0887778524082338,0.1150000863667368,0.1805556712629943,4537,4536.0,-0.0059878432609247,0.0561267835867095,2022-2026,1.3033798261215974,2026
DHANUKA,Dhanuka Agritech Limited,INE435G01025,Buy Back,2026-05-29,2026-05-29,2026-05-19 13:16:33,Outcome of Board Meeting,1400.0;1400.0;1400.0;1400.0;2.0;2.0;2.0,20,1400.0,ok,2026-05-20,3675.0,3668.0,7.0,1182.0,0.2892531250797436,0.2336975147698832,0.0884979887521795,-0.0399322708956783,-0.0014381451673464,-0.0399322708956783,False,-0.0047022274821421,-0.1010152322007245,-0.0581979716596007,-0.0153807111184771,0.0417089696030212,0.1844331714067673,3675,3674.0,-0.0047022274821421,0.0032640823147956,2022-2026,24.780388239130552,2026
PATINTLOG,Patel Integrated Logistics Limited,INE529D01014,Buy Back,2026-06-30,2026-06-30,2026-02-19 16:12:47,Shareholders meeting,,25,,ok,2026-02-20,4550.0,4464.0,86.0,11.430000305175785,,,-0.0592591518944501,0.3455817760868176,0.4155730449751942,0.3455817760868176,False,-0.0666959964804223,0.2370953347092979,,,,,4550,4549.0,-0.063547929803979,0.4791209747791732,2022-2026,0.09559090111694814,2026
TEAMLEASE,Teamlease Services Limited,INE985S01024,Buy Back,2026-07-03,2026-07-03,2026-05-20 16:38:36,Outcome of Board Meeting,1600.0;1600.0;1600.0;1600.0,13,1600.0,ok,2026-05-21,2565.0,2534.0,31.0,1420.0,0.1646527464930776,0.1257299268505722,0.0336293125126063,0.00091552734375,0.0336620062169894,0.00091552734375,False,0.026047695002463,-0.1303520954830546,-0.0917851966535542,-0.0532182978240537,-0.0017957660513864,0.1267605633802817,2565,2564.0,0.0220252219308301,0.0116367842861593,2022-2026,4.3196667707318115,2026
ROLEXRINGS,Rolex Rings Limited,INE645S01016,Buy Back,2026-07-03,2026-07-03,2026-04-23 20:02:12,Outcome of Board Meeting,180.0;180.0,17,180.0,ok,2026-04-24,1213.0,1163.0,50.0,156.5,0.1699707043163181,0.2674270848117679,0.0172245290305765,-0.0925239343612719,-0.043003167588109,-0.0925239343612719,False,0.0156038657213493,-0.1249201472955771,-0.0836581635398986,-0.0423961797842202,0.0126197985566842,0.1501597444089457,1213,1212.0,0.0116223361869929,-0.054625503775102,2022-2026,178.5417523230704,2026
ORBTEXP,Orbit Exports Limited,INE231G01010,Buy Back,2026-07-15,2026-07-15,2026-07-07 21:37:55,Outcome of Board Meeting,250.0;250.0;250.0,12,250.0,ok,2026-07-08,3130.0,3125.0,5.0,226.85000610351565,0.0794472945232149,0.0677828334097152,-0.0205095142920838,0.0320917206259059,0.0457570950637298,0.0320917206259059,False,0.0082258102769061,0.1504519243282409,0.1431916089473006,0.1359312935663601,0.1262508730584395,0.1020498217886383,3130,3129.0,0.0071183166620458,0.0386387784016839,2022-2026,1.8967626615628816,2026
IITL,Industrial Investment Trust Limited,INE886A01014,Buy Back,2026-08-18,2026-08-18,2026-05-23 19:31:05,Updates,150.0;150.0,16,,ok,2026-05-25,3948.0,3887.0,61.0,171.10000610351562,,,-0.0112684016980858,-0.1344828108989307,-0.121274104382242,-0.1344828108989307,False,0.0051266109297372,-0.1300994095357173,,,,,3948,3947.0,0.0106505648870347,-0.1319246692692768,2022-2026,1.5904541434659576,2026
GANDHITUBE,Gandhi Special Tubes Limited,INE524B01027,Buy Back,2026-08-21,2026-08-21,2026-05-25 19:31:21,Outcome of Board Meeting,900.0;900.0;900.0,18,900.0,ok,2026-05-26,4596.0,4533.0,63.0,880.0,-0.038769612588092,0.0085728969836518,-0.0601302721457418,0.0312152315372877,0.0342198793095547,0.0227272727272727,True,0.0141467356495288,0.0508029619579184,0.0491908776870151,0.0475787934161118,0.0454293477215741,0.0400557334852298,4596,4595.0,0.0133041060571486,0.0209157732524061,2022-2026,1.2095385135617067,2026
PVRINOX,PVR INOX Limited,INE191H01014,Buy Back,2026-09-04,2026-09-04,2026-08-19 19:15:41,Shareholders meeting,,21,,ok,2026-08-20,4607.0,4596.0,11.0,1205.699951171875,,,0.0063433567655493,0.0178319655558609,0.0346686991133222,0.0178319655558609,False,-0.013789718738421,0.0079622609646117,,,,,4607,4606.0,-0.0147904677687641,0.0494591668820864,2022-2026,63.89877167416809,2026
