variant,n,mean_gross,mean_net,trimmed_mean_net,median_net,win_rate,ci_lo,ci_hi,worst,best,sharpe_per_trade
A. sell at record-date close (main),163,0.03997020544059745,0.03659020544059745,0.02714827350487645,-0.00246447265625,0.49079754601226994,0.011618767668655309,0.06324796395913933,-0.49465296015891064,0.8358830253687658,0.22238522922426082
B. sell at close of last cum-date (day before ex-date),163,0.07208893727749136,0.06870893727749135,0.05940457051954848,0.0250410692640785,0.6196319018404908,0.044509873792335196,0.09349373885714136,-0.4241941695578087,0.8604665894882461,0.4302086796974102
"C. sell at offer price if reached, else record-date close",163,0.04211057957302827,0.03873057957302828,0.029399118560271446,-0.002010124165331923,0.49693251533742333,0.01345286423444406,0.06583293496749626,-0.49465296015891064,0.8358830253687658,0.23276147316627815
"D. hold 20 trading days past record date, no tender",163,0.018269054131161817,0.014889054131161818,0.004630777980723438,-0.011254429986567512,0.44785276073619634,-0.01266471313273444,0.045793983178797876,-0.49670561000636654,1.1195631696744721,0.07812281008409903
A minus Nifty 50 over same window (excess),163,0.018151122803025103,0.014771122803025106,0.006103206429177013,-0.016521978065332905,0.4233128834355828,-0.00606281562389269,0.03793362398944994,-0.5290462728800736,0.7959850956904772,0.09974261617918907
"E. tender, 15% accepted (rest sold 20d after record date)",95,0.07039071771627393,0.06701071771627391,0.05097044782724234,0.015631150479113946,0.5368421052631579,0.026946336053392455,0.11527743419464978,-0.19466312703095695,1.3274854722915683,0.3095501007051096
"E. tender, 30% accepted (rest sold 20d after record date)",95,0.12791980278678647,0.12453980278678645,0.10611927163945488,0.04796014040358847,0.7052631578947368,0.07855371479185091,0.1770528429576932,-0.12567760069527084,1.5354077749086645,0.5147900637155944
"E. tender, 50% accepted (rest sold 20d after record date)",95,0.20462524954746994,0.20124524954746992,0.1796925435890127,0.10072961973339328,0.9578947368421052,0.14613405088614898,0.2631339167010688,-0.03369689891435596,1.81263751173146,0.697313835928453
"E. tender, 100% accepted (rest sold 20d after record date)",95,0.39638886644917853,0.39300886644917843,0.3633162544162752,0.2377547322700157,1.0,0.3087360091951225,0.48799662188848303,0.03667573348522984,2.5057118537884473,0.8986647150264471
A in 2016-2021,58,0.013217775967609735,0.009837775967609739,0.004156631306459453,-0.002695034361215271,0.4827586206896552,-0.028814777018080533,0.05321783454927854,-0.49465296015891064,0.8324726131185461,0.06142978788360191
A in 2022-2026,105,0.054747737911390655,0.05136773791139067,0.04228319304843204,-0.00246447265625,0.49523809523809526,0.021906999947603964,0.08313149468453572,-0.16159365056642122,0.8358830253687658,0.3097958123711628
"A, offer premium < 10%",10,-0.009388153021008839,-0.012768153021008838,-0.020384223411587403,-0.03134208585949678,0.3,-0.04179290415478004,0.022494824745683668,-0.07729285078432485,0.1126851078669357,-0.22891120424150918
"A, offer premium 10-25%",28,0.0024734622605038148,-0.0009065377394961825,-0.0008209057590971377,-0.006021251648920151,0.35714285714285715,-0.024514150793503074,0.02458136601558259,-0.16159365056642122,0.15755414359705372,-0.01344673697181277
"A, offer premium >= 25%",57,0.042583130406527656,0.03920313040652766,0.028147453240344348,-0.02169679139593645,0.43859649122807015,-0.00252954096434443,0.08767932011520421,-0.14941452041562836,0.8358830253687658,0.21808998185647613
