symbol,company,isin,subject,rec_date,ex_date,approval_ts,approval_desc,price_candidates,n_candidates,offer_price,status,entry_date,rec_pos,entry_pos,hold_days,entry_px,offer_premium,gap_to_offer_at_rec,ann_day_reaction,r_rec_close,r_cum_close,r_tp,tp_hit,nifty_ret,r_resid,r_tender_15,r_tender_30,r_tender_50,r_tender_100
SOBHA,Sobha Limited,INE671H01015,Buy Back Of Shares,2016-06-06,2016-06-03,2016-05-19 17:46:00,Buyback,,10,,ok,2016-05-20,2072.0,2061.0,11.0,300.0,,,-0.02264204603932074,0.008500033192438528,0.03583335987917957,0.008500033192438528,False,0.05824091229335604,0.07516679501885437,,,,
SUNPHARMA,Sun Pharmaceutical Industries Limited,INE044A01028,Buy Back,2016-07-15,2016-07-14,,,,20,,no announcement date,,,,,,,,,,,,,,,,,,
NATIONALUM,National Aluminium Company Limited,INE139A01026,Buy Back,2016-07-29,2016-07-28,2016-05-25 18:08:00,Buyback,,12,,ok,2016-05-26,2110.0,2065.0,45.0,42.4000015258789,,,0.0023641705654391387,0.09905629128612126,0.13089594650016179,0.09905629128612126,False,0.070492537413678,0.09905629128612126,,,,
MOIL,MOIL Limited,INE490G01020,Buy Back Of Shares,2016-08-08,2016-08-05,2016-06-08 08:30:00,Buyback,,13,,ok,2016-06-08,1389.0,1347.0,42.0,121.47499847412111,,,-0.00471135593634886,0.014817832728179825,0.012348445137051023,0.014817832728179825,False,0.052979229550770945,0.08040840876701183,,,,
NMDC,NMDC Limited,INE584A01023,Buy Back,2016-08-19,2016-08-18,2016-06-08 08:21:00,Buyback,,17,,ok,2016-06-08,2080.0,2030.0,50.0,23.571701049804684,,,0.0060143921332818095,0.18423895448102834,0.12608688247018884,0.18423895448102834,False,0.04760645653484952,0.11902164517398162,,,,
MAYURUNIQ,Mayur Uniquoters Ltd,INE040D01012,Buy Back/Interim Dividend - Re 0.25 Per Share,2016-08-26,2016-08-25,2016-08-10 15:15:00,Buyback,,11,,ok,2016-08-11,962.0,952.0,10.0,455.9500122070313,,,0.040625129774106705,-0.05791971537853258,-0.024783563781391793,-0.05791971537853258,False,-0.0022812200725543796,-0.05704207057256727,,,,
BOSCHLTD,Bosch Limited,INE323A01026,Buy Back,2016-09-06,2016-09-02,2016-07-01 16:47:00,Buyback,,6,,ok,2016-07-04,2135.0,2092.0,43.0,22375.050781249996,,,-0.012084610141932517,0.09318863350312778,0.07790158730735186,0.09318863350312778,False,0.06836940654116153,0.01915298511233332,,,,
BEL,Bharat Electronics Limited,INE263A01016,Buy Back Of Share,2016-09-27,2016-09-26,2016-08-05 20:30:00,Buyback,,11,,ok,2016-08-08,2149.0,2116.0,33.0,37.57575607299805,,,0.007352292013652839,0.044222112970630834,0.0292486870317219,0.044222112970630834,False,-0.000568134556862887,0.027657475551313038,,,,
RSYSTEMS,R Systems International Limited,INE411H01024,Buy Back Of Shares,2016-09-30,2016-09-29,2016-09-14 15:32:00,Buyback,,8,,ok,2016-09-15,2152.0,2141.0,11.0,63.40000152587891,,,0.011971161818556952,-0.0970031379729771,-0.024447945302616958,-0.0970031379729771,False,-0.015029873091720658,-0.10015773720346821,,,,
ECLERX,eClerx Services Limited,INE738I01010,Buy Back,2016-10-28,2016-10-27,2016-08-29 16:57:00,Buyback,,11,,ok,2016-08-30,2170.0,2131.0,39.0,562.3333129882812,,,0.03576364266424226,-0.1001187356354244,-0.009454600315932149,-0.1001187356354244,False,-0.012162094852769867,-0.12018392131678213,,,,
AARTIIND,Aarti Industries Limited,INE769A01020,Buy Back,2016-11-02,2016-11-01,2016-10-17 18:47:00,Buyback,,8,,ok,2016-10-18,2172.0,2162.0,10.0,176.1708221435547,,,0.0002757456727531249,0.014137859362337357,0.04413816042998109,0.014137859362337357,False,-0.018887102092352448,-0.005379250034576177,,,,
AARTIDRUGS,Aarti Drugs Limited,INE767A01016,Buy Back,2016-11-02,2016-11-01,2016-10-17 17:42:00,Buyback,,6,,ok,2016-10-18,2172.0,2162.0,10.0,161.25,,,0.004907631759813347,0.015116317114735045,0.04031021825330949,0.015116317114735045,False,-0.018887102092352448,0.0006975200330545661,,,,
LMW,LMW Limited,INE269B01029,Buy Back,2016-11-08,2016-11-07,2016-10-26 18:23:00,Buyback,,3,,ok,2016-10-27,2176.0,2169.0,7.0,4325.0,,,-0.06060963402893882,-0.05072822854507486,-0.009086469968167199,-0.05072822854507486,False,-0.008322474137430702,-0.10072819399788313,,,,
ALLCARGO,Allcargo Logistics Limited,INE418H01029,Buy Back,2016-11-18,2016-11-17,2016-11-07 20:00:00,Buyback,,9,,ok,2016-11-08,2183.0,2176.0,7.0,16.573074198679844,,,-0.016649298171823368,-0.10529100436029293,-0.04338629242961545,-0.10529100436029293,False,-0.05494785162646121,-0.09470883814248887,,,,
NAVNETEDUL,Navneet Education Limited,INE060A01024,Buy Back,2016-11-25,2016-11-24,2016-11-11 14:38:00,Buyback,,8,,ok,2016-11-15,2188.0,2180.0,8.0,105.8499984741211,,,0.028668595387308038,0.008502637313146488,0.022201281375784143,0.008502637313146488,False,0.0007214213856034934,0.04534711901918653,,,,
VTL,Vardhman Textiles Limited,INE825A01012,Buy Back,2016-12-09,2016-12-08,2016-09-24 17:39:00,Buyback,,9,,ok,2016-09-26,2198.0,2148.0,50.0,218.2299957275391,,,0.05004071631591467,-0.004902858129509968,0.019199862399473133,-0.004902858129509968,False,-0.0528828580618228,0.006002878035797687,,,,
INFINITE,Infinite Computer Solutions (India) Limited,INE486J01014,Buy Back,2016-12-23,2016-12-22,2016-08-24 21:12:00,Buyback,,12,,no price data,,,,,,,,,,,,,,,,,,
KPRMILL,K.P.R. Mill Limited,INE930H01015,Buy Back,2016-12-31,2016-12-29,2016-12-07 14:16:00,Buyback,,9,,ok,2016-12-08,2214.0,2197.0,17.0,120.37999725341797,,,0.019823838761324986,-0.05623858780080726,-0.031400409368790294,-0.05623858780080726,False,-0.008166707599279732,-0.051004953340532566,,,,
BALRAMCHIN,Balrampur Chini Mills Limited,INE119A01028,Buy Back,2017-01-13,2017-01-12,2016-11-16 10:57:00,Buyback,,9,,ok,2016-11-17,2223.0,2182.0,41.0,113.90000152587889,,,-0.04205206122102023,0.24802449322925235,0.2309040956949917,0.24802449322925235,False,0.039653637252414775,0.361282027580655,,,,
DHANUKA,Dhanuka Agritech Limited,INE435G01025,Buy Back,2017-01-13,2017-01-12,2016-11-10 13:19:00,Buyback,,10,,ok,2016-11-11,1362.0,1318.0,44.0,741.6500244140625,,,0.0931535210909673,0.03573118600172798,0.060068814157246964,0.03573118600172798,False,0.012541712225576873,0.04267510142479258,,,,
NLCINDIA,NLC India Limited,INE589A01014,Buy Back,2017-02-10,2017-02-09,2017-01-31 18:04:00,Buyback,,10,,ok,2017-02-01,2242.0,2235.0,7.0,95.50000000000001,,,-0.012409482793308446,0.014136102965834452,0.02094227780854907,0.014136102965834452,False,0.008851063581874818,0.0010472319864516244,,,,
GAEL,Gujarat Ambuja Exports Limited,INE036B01022,Buy Back,2017-02-10,2017-02-09,2016-12-13 17:05:00,Buyback,,8,,ok,2016-12-14,2242.0,2201.0,41.0,23.000000000000004,,,0.009879457821044157,0.22173921924843443,0.23478253593253529,0.22173921924843443,False,0.07468418319552761,0.11141309341362349,,,,
WELENT,Welspun Enterprises Limited,INE625G01013,Buy Back,2017-02-14,2017-02-13,2016-12-22 17:56:00,Buyback,,14,,ok,2016-12-23,2244.0,2208.0,36.0,60.09999847412109,,,-0.07181476206934667,0.06156414455213177,0.06405999192467293,0.06156414455213177,False,0.10099862939454662,0.11564093721375635,,,,
JAGRAN,Jagran Prakashan Limited,INE199G01027,Buy Back,2017-02-24,2017-02-22,2017-01-05 14:43:00,Buyback,,20,,ok,2017-01-06,2252.0,2218.0,34.0,179.0,,,-0.010502972852568071,0.043854782891211475,0.06061455796419901,0.043854782891211475,False,0.07919896238306934,0.005865920799011715,,,,
IDFCFIRSTB,IDFC First Bank Limited,INE092T01019,Buy Back,2017-03-03,2017-03-02,,,,13,,no announcement date,,,,,,,,,,,,,,,,,,
TECHNO,Techno Electric & Engineering Company Limited,INE286K01024,Buy Back,2017-03-03,2017-03-02,2017-02-10 16:37:00,Buyback,,8,,no price data,,,,,,,,,,,,,,,,,,
IDFCFIRSTB,IDFC First Bank Limited,INE092T01019,Interest Payment/Buy Back,2017-03-10,2017-03-09,,,,13,,no announcement date,,,,,,,,,,,,,,,,,,
SKFINDIA,SKF India Limited,INE640A01023,Buy Back,2017-04-07,2017-04-06,2017-02-13 18:20:00,Buyback,,7,,ok,2017-02-14,2279.0,2244.0,35.0,634.461861293566,,,-0.014443400941895779,0.11321095175826623,0.1248707326567644,0.11321095175826623,False,0.046176769334406176,0.14840442404645837,,,,
BAYERCROP,Bayer Cropscience Limited,INE462A01022,Buy Back,2017-08-08,2017-08-07,,,,0,,no announcement date,,,,,,,,,,,,,,,,,,
NATIONALUM,National Aluminium Company Limited,INE139A01026,Buy Back,2018-10-26,2018-10-25,2018-10-12 18:28:00,Outcome of Board Meeting,75.0;75.0,16,75.0,ok,2018-10-15,2664.0,2656.0,8.0,67.1500015258789,0.12023903538010794,0.11111111111111116,0.002987292257498053,0.005212238571118855,0.002233963555311469,0.005212238571118855,False,-0.04589774078478004,-0.03499629357303147,-0.012211476441890357,0.010573340689250976,0.040953096864105865,0.11690248730124297
COCHINSHIP,Cochin Shipyard Limited,INE704P01017,Buy Back,2018-10-31,2018-10-30,2018-10-16 16:22:00,Outcome of Board Meeting,455.0;455.0,20,455.0,ok,2018-10-17,301.0,292.0,9.0,201.25,1.2642448714104355,1.351421188630491,0.0014930454623296452,-0.038509246894605775,-0.04322979553504813,-0.038509246894605775,False,-0.006357015086898565,-0.0691926224206727,0.13031673037107505,0.3298260831628228,0.5958385535518196,1.260869729524312
OIL,Oil India Limited,INE274J01014,Buy Back,2018-12-03,2018-11-30,2018-11-12 19:44:00,Trading Window,2.0;2.0,15,,ok,2018-11-13,2261.0,2248.0,13.0,136.0,,,0.023839756324041117,-0.07401954474191019,-0.010294133877431388,-0.07401954474191019,False,0.028466808410110955,-0.1384803915616596,,,,
TRITURBINE,Triveni Turbine Limited,INE152M01016,Buy Back,2018-12-28,2018-12-27,2018-11-01 19:21:00,Outcome of Board Meeting,150.0;150.0,14,150.0,ok,2018-11-02,1764.0,1727.0,37.0,111.0,0.4814814814814814,0.3215859030837005,0.09629644160217654,0.022522359926965052,0.08333334057768971,0.022522359926965052,False,0.02908181470908744,-0.04009014601652239,0.018626046356059245,0.07734223872864066,0.15563049522541617,0.3513511364673547
DHANUKA,Dhanuka Agritech Limited,INE435G01025,Buy Back,2019-01-02,2019-01-01,2018-11-14 15:10:00,Buyback,550.0,17,550.0,ok,2018-11-15,1848.0,1816.0,32.0,432.00000000000006,0.319894369781637,0.24392176318510894,0.03671702852523784,0.02349534538485254,0.07581019039781722,0.02349534538485254,False,0.01655879901036661,-0.03298603219134888,0.012934092833785105,0.05885421785891909,0.1200810512257644,0.2731481346428779
TECHNOE,Techno Electric & Engineering Company Limited,INE285K01026,Buy Back,2019-01-03,2019-01-02,2018-12-13 14:57:00,Outcome of Board Meeting,410.0,9,410.0,ok,2018-12-14,2710.0,2697.0,13.0,257.25,0.7570173099465072,0.6952656177503405,0.10242135591077806,-0.05986393208441765,0.017103925749725413,-0.05986393208441765,False,-0.01232713055956558,-0.06355692984967909,0.0350436624194157,0.13364425468851038,0.26511171104730336,0.5937803519442859
ONGC,Oil & Natural Gas Corporation Limited,INE213A01011,Buy Back,2019-01-04,2019-01-03,2018-12-20 14:55:00,Outcome of Board Meeting,159.0;159.0,14,159.0,ok,2018-12-21,2711.0,2702.0,9.0,148.99999999999997,0.07251264755480613,0.09128348202012959,0.005059138694576193,-0.022147736810872898,-0.013087193453072743,-0.022147736810872898,False,-0.002478183989678251,-0.04832218314494818,-0.031006752272061844,-0.013691321399175505,0.009395919764673355,0.06711402267429478
TATAINVEST,Tata Investment Corporation Limited,INE672A01018,Buy Back,2019-01-11,2019-01-10,2018-11-16 17:26:00,Outcome of Board Meeting,1000.0;1000.0;1000.0;1000.0,12,,ok,2018-11-19,2716.0,2679.0,37.0,86.99999999999999,,,0.08027542009063948,-0.030229706325498706,0.02758644598642901,-0.030229706325498706,False,0.002931211656399979,-0.03821834652336076,,,,
NMDC,NMDC Limited,INE584A01023,Buy Back,2019-01-18,2019-01-17,2018-09-04 17:40:00,Shareholders meeting,10.0;4.3;4.3;4.3;4.3;4.3,27,,ok,2018-09-05,2677.0,2587.0,90.0,28.695985794067383,,,-0.009287899054948423,-0.19017866507250514,-0.16696442604261374,-0.19017866507250514,False,-0.04966476200557213,-0.17723227331555935,,,,
RSYSTEMS,R Systems International Limited,INE411H01024,Buy Back,2019-02-01,2019-01-31,2018-11-19 15:53:00,Shareholders meeting,,19,,ok,2018-11-20,2731.0,2680.0,51.0,48.1500015258789,,,-0.002072496366160914,0.007268992699910326,0.08826559029221137,0.007268992699910326,False,0.022282820420073346,-0.004153772925575949,,,,
SHANTIGEAR,Shanthi Gears Limited,INE631A01022,Buy Back,2019-02-08,2019-02-07,2018-12-26 14:09:00,Buyback,140.0;140.0;5.0;140.0;140.0,14,140.0,ok,2018-12-27,2736.0,2705.0,31.0,131.39999389648435,0.04908207719403834,0.16959067309362963,-0.015361656387381184,-0.05415169459530067,0.0023462786201620123,-0.05415169459530067,False,0.015195069264298589,-0.003580033621941925,0.012895274845762028,0.02937058331346587,0.05133766127040462,0.10625535616275106
HEGAM,HEG Advanced Materials Limited,INE545A01024,Buy Back,2019-02-09,2019-02-07,2018-11-21 18:10:00,Updates,,25,,ok,2018-11-22,2737.0,2682.0,55.0,325.9298464051236,,,0.0024139240897200764,-0.49127296015891064,-0.4208141695578087,-0.49127296015891064,False,0.03439331272116286,-0.49332561000636654,,,,
AJANTPHARM,Ajanta Pharma Limited,INE031B01015,Buy Back,2019-02-12,2019-02-11,2019-01-30 18:41:00,Outcome of Board Meeting,1300.0,11,1300.0,ok,2019-01-31,2738.0,2730.0,8.0,690.0,0.7876787378681929,0.9331812990994304,-0.05115510754008912,-0.02541053643773372,-0.07159412826940259,-0.02541053643773372,False,4.1565634074647306e-05,-0.00787442998656751,0.12591545330010523,0.2597053365867785,0.4380918476356759,0.8840581252579192
COALINDIA,Coal India Limited,INE522F01014,Buy Back,2019-02-15,2019-02-14,,,,27,,no announcement date,,,,,,,,,,,,,,,,,,
IEX,Indian Energy Exchange Limited,INE022Q01012,Buy Back,2019-02-15,2019-02-14,,,,33,,no announcement date,,,,,,,,,,,,,,,,,,
MONTECARLO,Monte Carlo Fashions Limited,INE950M01013,Buy Back,2019-02-22,2019-02-21,2018-11-13 18:00:00,Outcome of Board Meeting,550.0;550.0;550.0,11,550.0,ok,2018-11-14,1031.0,962.0,69.0,346.95001220703125,0.5689631126868684,0.5393227506033051,-0.010269421497036801,0.029831395320500054,0.12422531350911203,0.029831395320500054,False,0.02036161889454524,0.07681211904401963,0.15307673560277535,0.2293413521615313,0.33102750757320565,0.5852428961023919
TECHM,Tech Mahindra Limited,INE669C01028,Buy Back,2019-03-06,2019-03-05,2019-02-21 10:50:00,Outcome of Board Meeting,950.0,14,950.0,ok,2019-02-22,2752.0,2745.0,7.0,824.9000244140625,0.169374657128033,0.15354260710500967,0.01538664626008912,-0.0016366986160816221,0.008364481532376455,-0.0016366986160816221,False,0.02421776094618866,-0.057764577862444044,-0.026351700355622065,0.005061177151199914,0.0469450138269627,0.15165460551636967
EXPLEOSOL,Expleo Solutions Limited,INE201K01015,Buy Back,2019-04-12,2019-04-11,2019-01-31 16:25:00,Outcome of Board Meeting,550.0;550.0;550.0;550.0,19,550.0,ok,2019-02-01,2334.0,2288.0,46.0,460.1000061035156,0.1759674698416256,0.09583583719555921,-0.016249820594993025,0.09084984297924681,0.08867639687209472,0.09084984297924681,False,0.06882906810859035,-0.11856118759464351,-0.07146815681507601,-0.024375126035508288,0.03841558167058179,0.1953923509358071
BALRAMCHIN,Balrampur Chini Mills Limited,INE119A01028,Buy Back,2019-04-18,2019-04-16,2019-04-05 14:13:00,Outcome of Board Meeting,175.0,17,175.0,ok,2019-04-08,2780.0,2773.0,7.0,146.0,0.2727272727272727,0.19699044906241414,0.06181807707793885,0.0013698758346680773,-0.04143830698230344,0.0013698758346680773,False,0.01277950835344055,0.009589062113873226,0.03794522939972933,0.06630139668558543,0.10410961973339328,0.19863017735291333
QUICKHEAL,Quick Heal Technologies Limited,INE306L01010,Buy Back,2019-04-26,2019-04-25,2019-03-05 18:48:00,Outcome of Board Meeting,275.0,14,275.0,ok,2019-03-06,784.0,751.0,33.0,235.0,0.25915754434655547,0.2571428571428571,0.07600731264284954,-0.06914885715586694,0.018936261884499483,-0.06914885715586694,False,0.06348053837193524,-0.17914889642414877,-0.12674463216706155,-0.074340367909974,-0.004468015567190786,0.1702128652897672
ECLERX,eClerx Services Limited,INE738I01010,Buy Back,2019-05-10,2019-05-09,2019-03-14 14:56:00,Outcome of Board Meeting,1600.0;1600.0,21,,ok,2019-03-15,2793.0,2759.0,34.0,386.3333435058593,,,0.052153806072611886,-0.14115622016506968,-0.05116472846689302,-0.14115622016506968,False,-0.012947507301453998,-0.1858068935116618,,,,
DHANI,Dhani Services Limited,INE274G01010,Buy Back,2019-12-19,2019-12-18,2019-09-03 19:32:00,Updates,550.0;550.0;19.75;43.75;17.4;24.15;219.65;35.25;31.35;27.45;16.0;219.65;100.0;550.0;550.0;19.75;43.75;17.4;24.15;219.65;35.25;31.35;27.45;16.0;219.65,21,,no price data,,,,,,,,,,,,,,,,,,
ASTERDM,Aster DM Quality Care Limited,INE914M01019,Buy Back,2020-01-24,2020-01-23,2020-01-09 14:22:00,Outcome of Board Meeting,210.0,18,210.0,ok,2020-01-10,468.0,458.0,10.0,166.3000030517578,0.3112707337081575,0.27814970237003456,0.03840156826964991,-0.012026465442197987,-0.010823841739349138,-0.012026465442197987,False,-0.0006975560361384137,0.025856970878734176,0.06139513711860278,0.09693330335847161,0.14431752501162975,0.26277807914452533
THOMASCOOK,Thomas Cook  (India)  Limited,INE332A01027,Buy Back,2020-03-07,2020-03-05,,,,48,,no announcement date,,,,,,,,,,,,,,,,,,
COFORGE,Coforge Limited,INE591G01017,Buy Back,2020-03-12,2020-03-11,2019-12-23 22:12:00,Outcome of Board Meeting,1725.0;1725.0;1725.0,23,,ok,2019-12-24,3000.0,2946.0,54.0,312.7999877929688,,,-0.01187759173905556,-0.07463594916953742,0.06757666332105527,-0.07463594916953742,False,-0.21485846437462242,-0.2979021025516314,,,,
CORALFINAC,Coral India Finance & Housing Limited,INE558D01013,Buy Back,2020-04-17,2020-04-16,2020-02-14 16:59:00,Outcome of Board Meeting,17.0;17.0,14,17.0,ok,2020-02-17,749.0,711.0,38.0,13.699999809265138,0.1929824561403508,0.24087592968454752,-0.038596469230811725,5.544290138104202e-08,0.09124094612534162,5.544290138104202e-08,False,-0.2307069559304863,-0.12408755292864393,-0.069343020217001,-0.014598487505358082,0.058394222776832594,0.24087599848230923
NMDC,NMDC Limited,INE584A01023,Buy Back,2020-11-23,2020-11-20,,,,27,,no announcement date,,,,,,,,,,,,,,,,,,
MAYURUNIQ,Mayur Uniquoters Ltd,INE040D01012,Buy Back,2020-11-25,2020-11-24,2020-07-31 11:00:00,Shareholders meeting,3.0;5.0;5.0,16,,ok,2020-08-03,2010.0,1929.0,81.0,222.99999999999997,,,0.015251643145682392,0.19753338838423873,0.242825025358673,0.19753338838423873,False,0.18057960738448986,0.2878924161533505,,,,
JMA,Jullundur Motor Agency (Delhi) Limited,INE412C01015,Buy Back,2020-12-24,2020-12-23,2020-09-05 14:07:40,Shareholders meeting,4.0;4.0;4.0;4.0,28,,ok,2020-09-07,1426.0,1350.0,76.0,28.700000762939453,,,-1.5153882348961645e-07,0.18143694407759314,0.16881116368986437,0.18143694407759314,False,0.21084893826922224,0.23013746995478135,,,,
SUPRAJIT,Suprajit Engineering Limited,INE399C01030,Buy Back,2021-02-22,2021-02-18,2021-02-10 18:05:42,Outcome of Board Meeting,320.0,13,320.0,ok,2021-02-11,3237.0,3230.0,7.0,255.0,0.3434089172953765,0.20232954100483624,0.07052890448545202,0.0467654591212765,0.012745146191917689,0.0467654591212765,False,-0.03279442282035949,0.11972266494881056,0.140547820307239,0.16137297566566744,0.18913984947690565,0.25855703400500074
NIITLTD,NIIT Limited,INE161A01038,Buy Back,2021-02-24,2021-02-23,2020-12-24 19:30:39,Outcome of Board Meeting,240.0;240.0,25,,ok,2020-12-28,3239.0,3198.0,41.0,49.902383756034574,,,0.07894745708929318,-0.04925875292355908,-0.042324371308385955,-0.04925875292355908,False,0.07992386681352315,-0.2965089438333113,,,,
SMARTLINK,Smartlink Holdings Limited,INE178C01020,Buy Back,2021-03-01,2021-02-26,2020-11-03 14:00:36,Outcome of Board Meeting,95.0,17,95.0,ok,2020-11-04,3242.0,3162.0,80.0,71.5999984741211,0.36200716845878134,0.05555555555555558,0.026523320248383664,0.256983247116195,0.30935752214097434,0.3268156707340788,True,0.2395809551738255,0.16899436594127049,0.19266755851014405,0.21634075107901785,0.247905007837516,0.32681564973376154
SOTL,Savita Oil Technologies Limited,INE035D01012,Buy Back,2021-03-05,2021-03-04,2021-02-19 13:07:03,Outcome of Board Meeting,1400.0;1400.0;1390.0,9,,ok,2021-02-22,3246.0,3237.0,9.0,229.97999572753906,,,0.11026366561844747,-0.11440132554520566,-0.06491878168610554,-0.11440132554520566,False,0.01787985653633828,-0.12231499936414925,,,,
BHARATRAS,Bharat Rasayan Limited,INE838B01013,Buy Back,2021-03-05,2021-03-04,2021-01-07 18:01:19,Buyback,,15,,ok,2021-01-08,3246.0,3207.0,39.0,2531.237548828125,,,0.06726702831270903,-0.016864248899330136,0.022104020767356403,-0.016864248899330136,False,0.041182080843018776,-0.05397041735999919,,,,
QUICKHEAL,Quick Heal Technologies Limited,INE306L01010,Buy Back,2021-05-03,2021-04-30,2021-03-10 15:13:57,Outcome of Board Meeting,245.0,16,245.0,ok,2021-03-12,1281.0,1249.0,32.0,210.0,0.33806658565313885,0.328633449616784,0.14691415987726453,-0.12190485021451858,-0.06809526101532748,-0.12190485021451858,False,-0.026398850340894953,0.058809592955003875,0.07498814220444094,0.09116669145387779,0.11273809045312744,0.166666587951251
INFOBEAN,InfoBeans Technologies Limited,INE344S01016,Buy Back,2021-05-07,2021-05-06,2021-04-26 11:08:57,Outcome of Board Meeting,232.0;232.0,10,,ok,2021-04-27,934.0,926.0,8.0,54.07500076293945,,,0.2053497312521273,-0.06564947285848932,-0.06749884000617679,-0.06564947285848932,False,0.01160854485617624,0.48012018523914035,,,,
WELSPUNLIV,Welspun Living Limited,INE192B01031,Buy Back,2021-05-26,2021-05-24,2021-05-14 15:35:44,Record Date,120.0,16,120.0,ok,2021-05-17,3298.0,3291.0,7.0,103.99999999999999,0.31506849315068486,0.28962918929999004,0.13972595674825916,-0.10392591638506099,-0.05144226518142547,-0.10392591638506099,False,0.02534986211257073,-0.09670340105888031,-0.058857396799288475,-0.02101139253969675,0.029449946473092403,0.15560329400506512
STARCEMENT,Star Cement Limited,INE460H01021,Buy Back,2021-08-26,2021-08-25,2021-08-13 13:30:21,Outcome of Board Meeting,150.0,12,150.0,ok,2021-08-16,1034.0,1027.0,7.0,117.00000000000003,0.3799448409499304,0.38504151221780947,0.07635701746280055,-0.07435895919096802,-0.006837618727014827,-0.07435895919096802,False,0.004458696066946821,-0.07820516599841698,-0.02416670105870311,0.02987176388101065,0.10192305046729588,0.28205126693300864
RSYSTEMS,R Systems International Limited,INE411H01024,Buy Back,2021-08-27,2021-08-26,,,,23,,no announcement date,,,,,,,,,,,,,,,,,,
GANDHITUBE,Gandhi Special Tubes Limited,INE524B01027,Buy Back,2021-08-31,2021-08-30,2021-06-15 11:20:41,Copy of Newspaper Publication,550.0,25,550.0,ok,2021-06-16,3365.0,3313.0,52.0,410.00000000000006,0.6228976391424641,0.1886751361353045,0.20979645118084145,0.15042170305500768,0.22066043649733746,0.3414634146341462,True,0.08654796914970309,0.13227160410999317,0.16755251466728205,0.20283342522457093,0.24987463930095677,0.36747767449192015
GOLDIAM,Goldiam International Limited,INE025B01017,Buy Back,2021-10-27,2021-10-26,2021-07-21 11:52:45,Outcome of Board Meeting,675.0;675.0,29,,ok,2021-07-22,3404.0,3338.0,66.0,90.00000000000001,,,0.03305790742030368,0.8358526131185462,0.5849116926285511,0.8358526131185462,False,0.15083998366558715,0.4587717287528954,,,,
FDC,FDC Limited,INE258B01022,Buy Back,2022-02-19,2022-02-17,2021-11-11 16:49:04,Outcome of Board Meeting,450.0;450.0;450.0;450.0,14,450.0,ok,2021-11-12,3484.0,3415.0,69.0,315.00000000000006,0.3903908805384597,0.5806111018806845,-0.026726390355697793,-0.09619045472819765,-0.004285735456650119,-0.09619045472819765,False,-0.04950074487992151,-0.17222220324445314,-0.08210316257143369,0.008015878101585994,0.12817459899894534,0.42857140124234383
GULFOILLUB,Gulf Oil Lubricants India Limited,INE635Q01029,Buy Back,2022-02-21,2022-02-18,2022-02-09 19:18:10,Buyback,600.0;600.0,10,600.0,ok,2022-02-10,1862.0,1855.0,7.0,490.0,0.2590494499407321,0.2699756259865971,0.028223737375961955,-0.03581621575377869,0.05153061034973594,-0.03581621575377869,False,-0.022674237688445786,-0.10632656414187935,-0.056704093775964304,-0.007081623410049365,0.05908167041117074,0.22448990496422083
SARDAEN,Sarda Energy & Minerals Limited,INE385C01013,Buy Back,2022-05-06,2022-05-05,2022-04-23 17:49:28,Outcome of Board Meeting,1500.0;750.0,10,,ok,2022-04-25,3064.0,3056.0,8.0,130.8950042724609,,,-0.0009159297528599231,-0.10283707417121146,-0.06432638639551869,-0.10283707417121146,False,-0.03201019489605461,-0.32267912568197765,,,,
INDIAMART,Indiamart Intermesh Limited,INE933S01016,Buy Back,2022-05-11,2022-05-10,2022-04-28 16:08:09,Outcome of Board Meeting,6250.0;2.0,12,6250.0,ok,2022-04-29,705.0,698.0,7.0,2369.5000000000005,1.5829648824735845,1.8938200889442736,-0.020746361164568516,-0.08851034186729378,-0.0691706701891639,-0.08851034186729378,False,-0.0546965878856247,-0.08530286856022418,0.17314562425921554,0.431594117078655,0.7761921075045743,1.6376870835693729
MATRIMONY,Matrimony.Com Limited,INE866R01028,Buy Back,2022-07-04,2022-07-01,2022-05-12 16:25:20,Outcome of Board Meeting,5.0,15,,ok,2022-05-13,1181.0,1145.0,36.0,750.0,,,0.06149603622609234,0.05206664133588812,0.08220002172407814,0.05206664133588812,False,0.00337084728210435,0.03713324828230902,,,,
GRANULES,Granules India Limited,INE101D01012,Buy Back,2022-08-23,2022-08-22,2022-08-09 17:20:54,Outcome of Board Meeting,400.0;400.0;400.0,8,400.0,ok,2022-08-10,3608.0,3600.0,8.0,321.0,0.27347975876248465,0.30654910329754315,0.021967566866887278,-0.04626182003502588,-0.026012517975372185,-0.04626182003502588,False,0.002438015939776772,-0.020249255081470796,0.019703997752829938,0.05965725058713067,0.11292825436619847,0.24610576381386795
SIS,SIS LIMITED,INE285J01010,Buy Back,2022-08-30,2022-08-29,2022-06-29 11:45:15,Outcome of Board Meeting,550.0;550.0;550.0;550.0;550.0;550.0;550.0;550.0;550.0;550.0;5.0;550.0;550.0;550.0,10,550.0,ok,2022-06-30,1248.0,1207.0,41.0,457.3999938964843,0.20087336244541487,0.21627595124476207,-0.0013100993934774818,-0.011368557070902119,0.0032794236795143927,-0.011368557070902119,False,0.1254131449913658,-0.08329685986400226,-0.040435033582541524,0.0024267926989192112,0.05957589440753375,0.20244864867906998
QUICKHEAL,Quick Heal Technologies Limited,INE306L01010,Buy Back,2022-09-14,2022-09-13,2022-05-05 19:20:22,Outcome of Board Meeting,4.5;4.5;4.5;4.5;245.0;300.0,9,245.0,ok,2022-05-06,1622.0,1532.0,90.0,175.0,0.37101289414661065,0.19105495204089085,-0.020705127048395444,0.2006885502243032,0.2897041535667224,0.2006885502243032,False,0.097037093457232,0.20594197536918069,0.23956358560432145,0.27318519583946266,0.31801400948631775,0.4300860436034546
CARERATING,CARE Ratings Limited,INE752H01013,Buy Back,2022-09-14,2022-09-13,2022-07-20 15:21:51,Outcome of Board Meeting,515.0;515.0;515.0;515.0,12,515.0,ok,2022-07-21,2397.0,2361.0,36.0,460.04998779296875,0.12371811851900971,-0.016800282546869605,0.0038184243943260032,0.1609341435970537,0.12846435315556648,0.11944356844926118,True,0.08422035199710942,0.11361473065714978,0.11778703935352453,0.12195934804989927,0.1275224263117325,0.14143012196631521
SHYAMCENT,Shyam Century Ferrous Limited,INE979R01011,Buy Back,2022-09-27,2022-09-26,2022-08-06 12:46:42,Closure of trading window,28.0;28.0,14,28.0,ok,2022-08-08,1769.0,1736.0,33.0,21.0,0.3625304642106204,0.1889596988154676,0.021897816662466152,0.1372605322131002,0.17106449255282308,0.1372605322131002,False,-0.029540443722959386,0.07931100434149485,0.12023789466849144,0.16116478499548803,0.21573397209815037,0.3521569398548061
SPAL,S. P. Apparels Limited,INE212I01016,Buy Back,2022-10-07,2022-10-06,2022-08-11 14:33:39,Outcome of Board Meeting,585.0;585.0;585.0;585.0;585.0;585.0;585.0;585.0;585.0;585.0;585.0;585.0;585.0;585.0;585.0,6,585.0,ok,2022-08-12,1519.0,1482.0,37.0,411.0,0.4306676662560589,0.3689013493503901,0.005135824626877339,0.03978103611019668,0.08807785587767003,0.03978103611019668,False,-0.021668931020223825,-0.08345498245689009,-0.007433085584327315,0.06858881128823535,0.1699513404516524,0.42335766336019476
TANLA,Tanla Platforms Limited,INE483C01032,Buy Back,2022-10-25,2022-10-21,2022-09-08 15:02:12,Outcome of Board Meeting,1200.0,14,1200.0,ok,2022-09-09,3651.0,3620.0,31.0,870.0,0.5055517450327045,0.615182691006682,0.09152501307280447,-0.14603452041562837,-0.059770175405960746,-0.14603452041562837,False,-0.009925224586353143,-0.15821862208204107,-0.07758928956845046,0.0030400429451404865,0.11054581962992804,0.37931026134189705
GARFIBRES,Garware Technical Fibres Limited,INE276A01018,Buy Back,2022-11-04,2022-11-03,2022-10-21 17:10:55,Outcome of Board Meeting,3750.0;3750.0,10,,ok,2022-10-24,3658.0,3650.0,8.0,700.0499877929686,,,0.024978431432908232,-0.0028996659645590395,-0.0015427269632374285,-0.0028996659645590395,False,0.021792670396063363,-0.024226687407077563,,,,
DHANUKA,Dhanuka Agritech Limited,INE435G01025,Buy Back,2022-11-18,2022-11-17,2022-11-01 13:00:34,Outcome of Board Meeting,850.0;850.0;850.0,9,850.0,ok,2022-11-02,2806.0,2795.0,11.0,734.9000244140626,0.16790328971782342,0.1986180226142067,0.009755420609082188,-0.035038703155081063,0.001360735409463576,-0.035038703155081063,False,0.012431712153014418,-0.0511634640713724,-0.019995944232141905,0.01117157560708848,0.0527282687260624,0.1566200015234971
ORBTEXP,Orbit Exports Limited,INE231G01010,Buy Back,2022-11-18,2022-11-18,2022-11-04 18:15:48,Outcome of Board Meeting,245.0;2451.0;245.0;245.0;245.0;245.0,5,245.0,ok,2022-11-07,2228.0,2220.0,8.0,190.89999389648446,0.298701340719024,0.4578994082168646,0.011926867078388526,-0.11969612847154765,-0.0662650334827678,-0.11969612847154765,False,0.005760081134492223,-0.16526972598157375,-0.09797009308148585,-0.030670460181398074,0.059062383685385855,0.28339449335234534
COSMOFIRST,COSMO FIRST LIMITED,INE757A01017,Buy Back,2022-12-14,2022-12-13,2022-12-01 14:11:00,Outcome of Board Meeting,1070.0;1070.0,9,1070.0,ok,2022-12-02,3685.0,3677.0,8.0,830.0,0.3328350974962129,0.42221045354148323,0.03388134727537939,-0.09355425508995807,-0.04879516180796295,-0.09355425508995807,False,-0.001914775213705533,-0.10674695223837882,-0.04736141730573318,0.012024117626912245,0.09120483087043985,0.2891566139792583
TRIVENI,Triveni Engineering & Industries Limited,INE256C01024,Buy Back,2022-12-23,2022-12-22,2022-11-05 18:20:13,Outcome of Board Meeting,350.0;350.0,12,350.0,ok,2022-11-07,3692.0,3659.0,33.0,166.52704249695435,1.2115628476448657,1.2715274291024419,0.05224306758315622,-0.07473689018830709,0.028421069264078502,-0.07473689018830709,False,-0.021754893917638407,-0.020175472567111163,0.14811492827903838,0.3164053291251876,0.5407925302533869,1.101760533073885
TRITURBINE,Triveni Turbine Limited,INE152M01016,Buy Back,2022-12-23,2022-12-22,2022-07-27 16:21:06,Record Date,350.0,14,350.0,ok,2022-07-28,2750.0,2650.0,100.0,172.5,0.9790782466534633,0.39109694558592256,-0.02459727024350966,0.4702405156691938,0.6692136097475219,0.4702405156691938,False,0.051814643707772,0.6049343321076777,0.6709812458851392,0.7370281596626005,0.8250907113658823,1.0452470906240872
ECLERX,eClerx Services Limited,INE738I01010,Buy Back,2022-12-27,2022-12-26,2022-11-10 18:13:19,Outcome of Board Meeting,1900.0;1900.0;1900.0;1900.0;1900.0;1900.0;1900.0;167.3;1900.0,14,1900.0,ok,2022-11-11,3694.0,3662.0,32.0,714.9500122070312,1.7860259804512078,1.8886354998099582,0.048352265861878685,-0.08000561308452392,-0.04321986969671032,-0.08000561308452392,False,-0.011847520491118368,-0.010909890568560732,0.23935585986721475,0.48962161030299023,0.8233092775506907,1.6575284456699424
TIIL,Technocraft Industries (India) Limited,INE545H01011,Buy Back,2022-12-30,2022-12-29,2022-11-14 16:57:09,Outcome of Board Meeting,1000.0;1000.0;1000.0;1000.0;1000.0;1000.0;1000.0;1000.0;1000.0,13,1000.0,ok,2022-11-15,3697.0,3664.0,33.0,829.9999999999999,0.24100274900590635,0.10192837465564741,0.03003223091914964,0.093373521732667,0.09825293426421022,0.093373521732667,False,-0.016198072260975027,0.08879520156333176,0.10619881748299198,0.12360243340265198,0.14680725462886546,0.20481930769439893
TIPSMUSIC,Tips Music Limited,INE716B01029,Buy Back,2022-12-30,2022-12-30,2022-11-09 12:34:00,Outcome of Board Meeting,2600.0;2600.0;2600.0;2600.0;2600.0;2600.0;2600.0;2600.0;2600.0;1646.0;1646.0,8,,ok,2022-11-10,3697.0,3661.0,36.0,189.88999938964847,,,0.013665566222451853,-0.07067234958233015,-0.039443882522107954,-0.07067234958233015,False,0.004276720129640754,-0.16467424634077743,,,,
JAGRAN,Jagran Prakashan Limited,INE199G01027,Buy Back,2023-01-06,2023-01-06,2022-11-04 18:34:31,Outcome of Board Meeting,75.0;75.0;22.75;75.0;75.0;22.75;4.0;2.0;75.0;10.0;75.0;75.0;22.75;75.0;75.0;22.75;4.0;2.0;75.0;10.0;4.0,10,75.0,ok,2022-11-07,3702.0,3659.0,43.0,70.6500015258789,0.030219737033226224,-0.04882686808655656,-0.029532950223598142,0.11606510786693569,0.0672328894580827,0.06157110233787755,True,-0.018862567723845758,0.014861943170362046,0.021868323305173964,0.02887470343998566,0.03821654361973503,0.06157114406910824
VRLLOG,VRL Logistics Limited,INE366I01010,Buy Back,2023-02-10,2023-02-10,2023-01-30 14:44:54,Outcome of Board Meeting,700.0;700.0,10,700.0,ok,2023-01-31,1925.0,1917.0,8.0,261.5,1.662102937834669,1.7720028390019307,-0.0055144986590419665,-0.034321180416991615,-0.023518090794690805,-0.034321180416991615,False,0.011003734260929043,0.1477055058094605,0.37707934435526136,0.606453182901062,0.9122849676287967,1.6768644294481327
WELENT,Welspun Enterprises Limited,INE625G01013,Buy Back,2023-02-13,2023-02-13,2022-12-30 14:24:57,Outcome of Board Meeting,200.0;200.0,15,200.0,ok,2023-01-02,3727.0,3698.0,29.0,169.0,0.20373161207941437,0.47383938465586484,0.017153077999580768,-0.15821365056642123,-0.06051178641178856,-0.15821365056642123,False,-0.02344003398484551,-0.214043169748793,-0.14583801299734023,-0.07763285624588745,0.013307352756049662,0.24065787526089255
HGS,Hinduja Global Solutions Limited,INE170I01016,Buy Back,2023-03-06,2023-03-06,2022-11-14 21:34:06,Press Release,1700.0;5.0;5.0,17,1700.0,ok,2022-11-15,3742.0,3664.0,78.0,1328.9999999999998,0.356256784254239,0.3942997744515071,0.06027365900901205,-0.07754067213643634,0.02516505723498952,-0.07754067213643634,False,-0.037599093492933555,-0.18943872296560826,-0.11809518960363874,-0.04675165624166899,0.04837305490762378,0.2861848327808556
AJANTPHARM,Ajanta Pharma Limited,INE031B01015,Buy Back,2023-03-24,2023-03-24,2022-11-03 15:42:05,Outcome of Board Meeting,7.0;2.0;1425.0;1425.0;1425.0,11,1425.0,ok,2022-11-04,3755.0,3658.0,97.0,1285.9999999999998,0.057317751808569906,0.20324237207458506,-0.04581701273073613,-0.07391285078432486,-0.038255098811157406,-0.07391285078432486,False,-0.06469558314101764,0.016013646981464014,0.0307576946597532,0.045501742338042606,0.06516047257576152,0.11430729817005902
SYMPHONY,Symphony Limited,INE225D01019,Buy Back,2023-03-29,2023-03-29,2023-02-08 13:56:10,Outcome of Board Meeting,2000.0,23,2000.0,ok,2023-02-09,2907.0,2874.0,33.0,1065.8499755859375,1.0720020720020722,0.9558946006314277,0.10422178314208086,-0.0406248927200944,0.017919887579644245,-0.0406248927200944,False,-0.04542165068702042,-0.07632419391507739,0.06658992401852881,0.20950404195213523,0.40005619919694335,0.8764365923089643
GPIL,Godawari Power And Ispat limited,INE177H01013,Buy Back,2023-03-31,2023-03-31,2023-03-18 13:39:51,Outcome of Board Meeting,,18,,ok,2023-03-20,3759.0,3751.0,8.0,80.79837678620619,,,0.01781569343984657,-0.11491626561139645,-0.06659049581048715,-0.11491626561139645,False,0.02185900972642063,-0.04490104775466974,,,,
TEAMLEASE,Teamlease Services Limited,INE985S01024,Buy Back,2023-04-03,2023-04-03,2023-02-03 12:06:21,Outcome of Board Meeting,3050.0;3050.0,14,3050.0,ok,2023-02-06,1763.0,1725.0,38.0,2332.0,0.35636943608740923,0.3844128114036749,0.037066729493717476,-0.05527440066198541,-0.039686984917720824,-0.05527440066198541,False,-0.02063366674087941,-0.13014579759862777,-0.06444039451114925,0.001265008576329274,0.0888722126929673,0.3078902229845626
EMAMILTD,Emami Limited,INE548C01024,Buy Back,2023-04-12,2023-04-12,2023-03-24 11:50:17,Outcome of Board Meeting,450.0;450.0,9,450.0,ok,2023-03-27,3765.0,3756.0,9.0,365.0,0.2359241759311108,0.25418064467620494,0.0024718896831261716,-0.016986313334664938,-0.013287683944764872,-0.016986313334664938,False,0.048670423350157366,0.07328751991113669,0.09722590281458565,0.12116428571803439,0.15308212958929968,0.23287673926746288
WELSPUNLIV,Welspun Living Limited,INE192B01031,Buy Back,2023-05-10,2023-05-10,,,,20,,no announcement date,,,,,,,,,,,,,,,,,,
AXITA,Axita Cotton Limited,INE02EZ01014,Buy Back,2023-06-02,2023-06-02,,,,20,,no announcement date,,,,,,,,,,,,,,,,,,
WIPRO,Wipro Limited,INE075A01022,Buy Back,2023-06-16,2023-06-16,,,,45,,no announcement date,,,,,,,,,,,,,,,,,,
AMRUTANJAN,Amrutanjan Health Care Limited,INE098F01015,Buy Back,2023-07-13,2023-07-13,2023-06-30 10:26:58,Outcome of Board Meeting,900.0;900.0;900.0,5,900.0,ok,2023-07-03,3379.0,3371.0,8.0,737.1500244140625,0.34750706258703157,0.26894606979203384,0.10368316327927918,-0.037848552595905804,-0.006375974214599567,-0.037848552595905804,False,0.004719833306816579,-0.14549265040492643,-0.09053100818496607,-0.03556936596500582,0.037712823661607775,0.2209182977281421
GOLDIAM,Goldiam International Limited,INE025B01017,Buy Back,2023-07-21,2023-07-21,2023-05-20 13:13:05,Outcome of Board Meeting,150.0;150.0,15,150.0,ok,2023-05-22,3834.0,3791.0,43.0,100.5,0.38792509123859564,0.5797788817388365,-0.07009015729439882,-0.05522394889582061,-0.040298526778654864,-0.05522394889582061,False,0.07811337411337327,-0.06455227946698272,0.019011150479113947,0.10257458042521028,0.21399248702000584,0.4925372535069945
ASHIANA,Ashiana Housing Limited,INE365D01013,Buy Back,2023-07-28,2023-07-28,2023-07-12 17:56:13,Outcome of Board Meeting,301.0,17,301.0,ok,2023-07-13,2978.0,2967.0,11.0,228.0,0.5314169184761457,0.4679346282380836,0.1600102657146214,-0.10065797231544915,-0.06688600778435116,-0.10065797231544915,False,0.011965786169596315,-0.09100882004478217,-0.02933120127786404,0.0323464174890542,0.11458324251161156,0.3201753050680054
AARTIDRUGS,Aarti Drugs Limited,INE767A01016,Buy Back,2023-08-04,2023-08-04,2023-07-21 16:47:03,Outcome of Board Meeting,900.0;900.0;900.0;900.0,10,900.0,ok,2023-07-24,3844.0,3835.0,9.0,571.0,0.7605633382409003,0.5691744732890975,0.11697957769912515,0.004465818497243923,0.04623469705769723,0.004465818497243923,False,-0.00789685078090352,0.040105083639536465,0.12051663934520329,0.2009281950508699,0.30814360265842566,0.5761821216773151
CLEDUCATE,CL Educate Limited,INE201M01011,Buy Back,2023-08-14,2023-08-14,2023-08-02 16:25:55,Outcome of Board Meeting,,20,,ok,2023-08-03,1574.0,1567.0,7.0,77.0,,,-0.010918413497511548,-0.007142896776075491,0.004545434728845388,-0.007142896776075491,False,0.0027294058843714275,-0.04740261721920658,,,,
CONTROLPR,Control Print Limited,INE663B01015,Buy Back,2023-08-18,2023-08-18,2023-07-07 13:34:04,Updates,800.0;800.0;800.0;10.0;10.0;800.0,19,800.0,ok,2023-07-10,1767.0,1739.0,28.0,657.0,0.26712604884088775,0.09229925359439894,0.04062733333897062,0.12341028806769505,0.1806238811357086,0.12341028806769505,False,-0.002363620347114348,0.1903639136294215,0.1958743594554999,0.20138480528157854,0.20873206638301656,0.22710021913661183
KRBL,KRBL Limited,INE001B01026,Buy Back,2023-08-25,2023-08-25,2023-08-10 15:13:24,Outcome of Board Meeting,500.0;500.0,15,500.0,ok,2023-08-11,3858.0,3849.0,9.0,417.4500122070312,0.2526619257062299,0.2525049717200216,0.045847481076434216,-0.041400695136157295,-0.008983056779970022,-0.041400695136157295,False,-0.008364087103120532,-0.032876137716410514,0.00215284222544887,0.037181822167308365,0.08388712875645443,0.2006503952293197
FDC,FDC Limited,INE258B01022,Buy Back,2023-08-25,2023-08-25,2023-06-14 17:11:58,Updates,475.0;475.0;475.0;475.0,13,475.0,ok,2023-06-15,3858.0,3809.0,49.0,314.0,0.5617294411706069,0.24247976763533696,0.03238544309336766,0.21751578497750956,0.22722929118417112,0.21751578497750956,False,0.030912783212327932,0.17786613359941517,0.2280970230011845,0.2783279124029536,0.3453024316053128,0.5127387296112107
PEL,Piramal Enterprises Limited,INE140A01024,Buy Back,2023-08-25,2023-08-25,2023-05-05 16:02:33,Outcome of Board Meeting,31.0;31.0;31.0,18,,no price data,,,,,,,,,,,,,,,,,,
INDIAMART,Indiamart Intermesh Limited,INE933S01016,Buy Back,2023-08-25,2023-08-25,2023-04-28 18:54:33,Updates,15.0;10.0;20.0;46.48;46.32;48.42;15.0;10.0;20.0;44.57;50.92;44.42;50.4,29,,ok,2023-05-02,1027.0,946.0,81.0,2675.0,,,0.01933882244383489,0.1312933070867779,0.17476696568640548,0.1312933070867779,False,0.06161405837984568,0.10586160268867162,,,,
LT,Larsen & Toubro Limited,INE018A01030,Buy Back,2023-09-12,2023-09-12,,,,60,,no announcement date,,,,,,,,,,,,,,,,,,
BSE,BSE Limited,INE118H01025,Buy Back,2023-09-14,2023-09-14,2023-07-06 13:52:40,Outcome of Board Meeting,816.0,19,816.0,ok,2023-07-07,1635.0,1587.0,48.0,235.9166717529297,2.5981478990744,0.9078793002348788,0.04027347626345179,0.8392630253687658,0.8638465894882461,0.8392630253687658,False,0.039897929678288646,1.122943169674472,1.3308654722915683,1.5387877749086645,1.8160175117314599,2.5090918537884472
SIYSIL,Siyaram Silk Mills Limited,INE076B01010,Buy Back,2023-09-18,2023-09-18,2023-07-10 19:20:39,Shareholders meeting,650.0;2.0,12,650.0,ok,2023-07-11,3874.0,3826.0,48.0,562.0,0.16362339493156863,0.08604845446950704,0.0060869206180660385,0.07264062390884085,0.09997190543350021,0.07264062390884085,False,0.03569556553604647,0.0026546183776674503,0.026997379390627962,0.051340140403588475,0.08379715508753605,0.16493969179740464
ATUL,Atul Limited,INE100A01010,Buy Back,2023-11-20,2023-11-20,,,,19,,no announcement date,,,,,,,,,,,,,,,,,,
GNFC,Gujarat Narmada Valley Fertilizers and Chemicals Limited,INE113A01013,Buy Back,2023-11-24,2023-11-24,2023-08-28 14:50:26,Shareholders meeting,,25,,ok,2023-08-29,3919.0,3860.0,59.0,594.0,,,0.04540655129612681,0.22330582389624842,0.24607227464724657,0.22330582389624842,False,0.023370573266634498,0.3248728110315946,,,,
TCS,Tata Consultancy Services Limited,INE467B01029,Buy Back,2023-11-25,2023-11-24,,,,77,,no announcement date,,,,,,,,,,,,,,,,,,
SIS,SIS LIMITED,INE285J01010,Buy Back,2023-12-12,2023-12-12,2023-11-30 18:29:12,Outcome of Board Meeting,550.0;550.0,15,550.0,ok,2023-12-01,1565.0,1558.0,7.0,483.00000000000006,0.1364810127635927,0.20918982657951202,-0.001963058410368035,-0.058281538195298355,-0.01645963807507722,-0.058281538195298355,False,0.03150301647897091,-0.058281538195298355,-0.028731849938550713,0.0008178383181967064,0.04021742266052675,0.13871638351635207
SOMANYCERA,Somany Ceramics Limited,INE355A01010,Buy Back,2023-12-15,2023-12-15,2023-08-03 22:01:10,Shareholders meeting,850.0;850.0,22,850.0,ok,2023-08-04,3933.0,3844.0,89.0,740.7999877929688,0.1632680796495829,0.15222988468848286,0.013822416288818529,0.0002834968164873164,0.032419589475501276,0.0002834968164873164,False,0.09938260955192901,-0.05842898606556113,-0.02678115742682885,0.004866671211903206,0.04706377606354617,0.15255653819265347
DHAMPURSUG,Dhampur Sugar Mills Limited,INE041A01016,Buy Back,2024-01-17,2024-01-17,2023-11-08 19:51:44,Shareholders meeting,,17,,ok,2023-11-09,3955.0,3909.0,46.0,262.5,,,-0.005493543558512615,0.00019042335769481333,0.01047625022057841,0.00019042335769481333,False,0.11222555721354066,-0.056761845282147116,,,,
CHAMBLFERT,Chambal Fertilizers & Chemicals Limited,INE085A01013,Buy Back,2024-01-18,2024-01-18,2024-01-08 12:50:27,Outcome of Board Meeting,450.0;450.0;450.0;450.0,14,450.0,ok,2024-01-09,3956.0,3949.0,7.0,384.0,0.20708158458927728,0.17616307585277124,0.030042897500433208,-0.0036458046817586798,0.002474027060343831,-0.0036458046817586798,False,-0.003833844787621943,-0.04778641651565074,-0.014837201787655796,0.01811201294033915,0.06204429924433241,0.17187501500431557
ORBTEXP,Orbit Exports Limited,INE231G01010,Buy Back,2024-02-13,2024-02-13,2024-02-01 19:21:05,Outcome of Board Meeting,250.0,13,250.0,ok,2024-02-02,2533.0,2526.0,7.0,199.99999999999997,0.29399587965301266,0.3480722788567814,0.035196703386904726,-0.07275004546864039,-0.01224997759100277,-0.07275004546864039,False,-0.005058652376150996,-0.24300004787985618,-0.16905004680663716,-0.09510004573341824,0.003499955697540358,0.2499999592749369
KSCL,Kaveri Seed Company Limited,INE455I01011,Buy Back,2024-02-23,2024-02-23,2024-01-05 13:29:17,Outcome of Board Meeting,725.0,19,725.0,ok,2024-01-08,3980.0,3948.0,32.0,666.0499877929686,0.10670130822633928,0.08476101815429526,0.01671505103087667,0.00345320321425735,0.0272502021746992,0.0885068888032996,True,0.032524483742388366,-0.04992114999470154,-0.02915693973716338,-0.008392729479625216,0.01929288419709252,0.08850691838888691
ZYDUSLIFE,Zydus Lifesciences Limited,INE010B01027,Buy Back,2024-02-23,2024-02-23,,,,57,,no announcement date,,,,,,,,,,,,,,,,,,
BAJAJ-AUTO,Bajaj Auto Limited,INE917I01010,Buy Back,2024-02-29,2024-02-29,2023-10-18 16:56:19,Outcome of Board Meeting,10000.0;10000.0,20,10000.0,ok,2023-10-19,3984.0,3895.0,89.0,5300.0,0.9450522732798443,0.2643263828924787,0.030877701761062193,0.49233012287001765,0.5450282569748275,0.49233012287001765,False,0.12015988302368497,0.750207388662983,0.7706951323129962,0.7911828759630095,0.8184998674963602,0.8867923463297374
DWARKESH,Dwarikesh Sugar Industries Limited,INE366A01033,Buy Back,2024-03-20,2024-03-20,2024-03-08 15:00:43,Record Date,,17,,ok,2024-03-11,3997.0,3990.0,7.0,84.30000305175781,,,0.04009864656243045,-0.0818505660945279,-0.04863588400689578,-0.0818505660945279,False,-0.022099964519087578,-0.12870698932959235,,,,
GARFIBRES,Garware Technical Fibres Limited,INE276A01018,Buy Back,2024-03-26,2024-03-26,2023-11-06 15:07:52,Outcome of Board Meeting,38001.0;38001.0,16,,ok,2023-11-07,4000.0,3907.0,93.0,619.9999999999999,,,-0.024390237591818242,0.0777581862065373,0.1235162083525787,0.0777581862065373,False,0.1338712972626439,0.050129187735546976,,,,
TIPSMUSIC,Tips Music Limited,INE716B01029,Buy Back,2024-04-22,2024-04-22,2024-02-28 14:10:10,Outcome of Board Meeting,625.0;2600.0;140.0;625.0;10.0,13,625.0,ok,2024-02-29,4016.0,3984.0,32.0,502.39999389648443,0.21500771838399224,0.34509847887620704,-0.023328150790588476,-0.07513929237471495,-0.0756369311429892,-0.07513929237471495,False,0.01608528471388415,-0.1561504696165481,-0.09612358952419431,-0.036096709431840734,0.04393913069129751,0.24402873099914335
AJANTPHARM,Ajanta Pharma Limited,INE031B01015,Buy Back,2024-05-30,2024-05-30,2024-05-02 16:43:09,Outcome of Board Meeting,2770.0;2770.0;2770.0,12,2770.0,ok,2024-05-03,4042.0,4024.0,18.0,2540.0,0.2503103482589586,0.1484007147139348,0.14649415398986187,-0.050374127603053154,-0.05702769490518089,-0.050374127603053154,False,0.0005695349218148849,-0.09952766164068227,-0.07101585780885533,-0.04250405397702839,-0.004488315534592391,0.09055103057149783
SHARDAMOTR,Sharda Motor Industries Limited,INE597I01010,Buy Back,2024-06-05,2024-06-05,2024-04-18 18:51:33,Outcome of Board Meeting,1800.0;1800.0,17,1800.0,ok,2024-04-19,2156.0,2125.0,31.0,772.9788010434723,1.2429862382955368,1.2553900085653753,-0.0367883747944181,0.03248384954040806,-0.039000026841659596,0.03248384954040806,False,0.02137308029868601,0.668516127995396,0.7675367725348692,0.8665574170743426,0.9985849431269742,1.3286537582585525
CHEVIOT,Cheviot Company Limited,INE974B01016,Buy Back,2024-06-14,2024-06-14,2024-05-24 13:40:10,Outcome of Board Meeting,1800.0;1800.0;1800.0,10,1800.0,ok,2024-05-27,489.0,475.0,14.0,1499.75,0.15573537284175498,0.18737429201310096,-0.037047660860262344,0.014032547685300933,0.0464078029584154,0.014032547685300933,False,0.0232487330742277,-0.06526659058060469,-0.024871175235602783,0.015524240109399345,0.06938479390273522,0.20403617838607535
GPIL,Godawari Power And Ispat limited,INE177H01013,Buy Back,2024-06-28,2024-06-28,,,,24,,no announcement date,,,,,,,,,,,,,,,,,,
BAJAJCON,Bajaj Consumer Care Limited,INE933K01021,Buy Back,2024-07-02,2024-07-02,2024-05-08 16:28:48,Outcome of Board Meeting,290.0,20,290.0,ok,2024-05-09,3419.0,3383.0,36.0,252.6499938964844,0.1255579540844578,0.09869288345603944,-0.01940617162214575,0.04472597895718411,0.07084897814728741,0.04472597895718411,False,0.09866103196515996,0.04868402377870784,0.06355636994818692,0.078428716117666,0.09825851101030514,0.1478329982419022
ECLERX,eClerx Services Limited,INE738I01010,Buy Back,2024-07-04,2024-07-04,2024-05-16 21:08:04,Outcome of Board Meeting,2.0;2800.0;2.0;2800.0,21,2800.0,ok,2024-05-17,4066.0,4034.0,32.0,1170.0,1.4321918472754533,1.2250918843746894,0.016308822202996343,0.07553417228788017,0.07628205940996136,0.07553417228788017,False,0.0817253912861593,0.042713626421483575,0.2452809361770727,0.4478482459326618,0.7179379922734475,1.3931623581254113
AUROPHARMA,Aurobindo Pharma Limited,INE406A01029,Buy Back,2024-07-30,2024-07-30,,,,28,,no announcement date,,,,,,,,,,,,,,,,,,
WELSPUNLIV,Welspun Living Limited,INE192B01031,Buy Back,2024-08-05,2024-08-05,2024-04-25 14:32:22,Outcome of Board Meeting,,22,,ok,2024-04-26,4087.0,4020.0,67.0,158.0,,,-0.00878292168218886,0.10392541282784062,0.1721369324731774,0.10392541282784062,False,0.07295513360293837,0.1864505479837424,,,,
INDUSTOWER,Indus Towers Limited,INE121J01017,Buy Back,2024-08-09,2024-08-09,,,,27,,no announcement date,,,,,,,,,,,,,,,,,,
NAVNETEDUL,Navneet Education Limited,INE060A01024,Buy Back,2024-08-13,2024-08-13,2024-05-24 11:52:30,Updates,2.6,15,,ok,2024-05-27,4093.0,4039.0,54.0,157.60000610351562,,,0.007672808501762107,0.025175209244974406,0.0979694350089757,0.025175209244974406,False,0.05261325424689045,-0.015409275442073933,,,,
TTKPRESTIG,TTK Prestige Limited,INE690A01010,Buy Back,2024-08-14,2024-08-14,2024-07-29 14:12:54,Shareholders meeting,,26,,ok,2024-07-30,4094.0,4083.0,11.0,907.9999999999999,,,-0.015024125191217874,0.07757727291150918,0.11663002274228407,0.07757727291150918,False,-0.028705883536165544,-0.00025117761244364267,,,,
SOTL,Savita Oil Technologies Limited,INE035D01012,Buy Back,2024-08-16,2024-08-16,2024-08-03 16:07:21,Outcome of Board Meeting,675.0,12,675.0,ok,2024-08-05,4095.0,4087.0,8.0,598.0499877929686,0.07355864811133195,0.1681232647203157,-0.048827131802094526,-0.033776434908120656,-0.008444053571633248,-0.033776434908120656,False,0.02018452207114274,-0.02499787139388565,-0.0019479568890785615,0.021101957615728528,0.05183517695547124,0.12866822530482835
DHANUKA,Dhanuka Agritech Limited,INE435G01025,Buy Back,2024-08-16,2024-08-16,2024-05-17 13:02:11,Record Date,6.0;2.0;6.0;6.0,28,,ok,2024-05-21,3234.0,3174.0,60.0,1326.5500488281248,,,-0.010886151503078367,0.35303392639786235,0.3773182051746098,0.35303392639786235,False,0.08931133534705271,0.20539931707870762,,,,
CERA,Cera Sanitaryware Limited,INE739E01017,Buy Back,2024-08-16,2024-08-16,2024-04-15 18:15:59,Shareholders meeting,,25,,ok,2024-04-16,4095.0,4013.0,82.0,7100.499999999999,,,-0.004654023518342099,0.4320447085241015,0.4410185353409577,0.4320447085241015,False,0.10805764690060826,0.1983302011694721,,,,
CLSEL,Chaman Lal Setia Exports Limited,INE419D01026,Buy Back,2024-08-19,2024-08-19,2024-08-06 16:55:42,Outcome of Board Meeting,300.0;300.0;2.0;300.0,9,300.0,ok,2024-08-07,807.0,800.0,7.0,238.00999450683594,0.3599891426648032,0.21886805366471318,0.07897003424909088,0.034116233465574464,0.06756018220319526,0.034116233465574464,False,0.011324226386459468,-0.021553626494122846,0.02074710359208587,0.06304783367829447,0.11944880712657269,0.26045124074726855
AIAENG,AIA Engineering Limited,INE212H01026,Buy Back,2024-08-20,2024-08-20,2024-04-27 16:19:38,Updates,,18,,ok,2024-04-29,4097.0,4021.0,76.0,3904.600097656249,,,2.5657150636071435e-05,0.16369627561732347,0.17704748835362527,0.16369627561732347,False,0.09077475923629441,0.11178161769292982,,,,
SYMPHONY,Symphony Limited,INE225D01019,Buy Back,2024-08-21,2024-08-21,,,,42,,no announcement date,,,,,,,,,,,,,,,,,,
MAYURUNIQ,Mayur Uniquoters Ltd,INE040D01012,Buy Back,2024-08-23,2024-08-23,2024-05-21 20:20:30,Updates,800.0;800.0;800.0;800.0;800.0;800.0;800.0,17,800.0,ok,2024-05-22,2933.0,2869.0,64.0,552.0,0.5009380863039399,0.209007080612986,0.03564718409807344,0.20413495186532438,0.21123187463509896,0.20413495186532438,False,0.0984763796670618,0.13116257688020894,0.1798593427709907,0.22855610866177245,0.2934851298494816,0.4558076828187543
VLSFINANCE,VLS Finance Limited,INE709A01018,Buy Back,2024-08-26,2024-08-26,2024-05-28 21:29:01,Updates,2.5;10.0;2.5;10.0,14,,ok,2024-05-29,4101.0,4041.0,60.0,288.00000000000006,,,-0.008776335703200244,0.2651040686969006,0.27951382435089367,0.2651040686969006,False,0.10156049055786398,0.38521860818029774,,,,
TIIL,Technocraft Industries (India) Limited,INE545H01011,Buy Back,2024-08-27,2024-08-27,2024-08-13 18:55:58,Outcome of Board Meeting,4500.0,10,4500.0,ok,2024-08-14,4102.0,4094.0,8.0,3540.0,0.34020313471709995,0.26376093526536826,0.05429319900680296,0.005875660590403342,0.09930795221872168,0.005875660590403342,False,0.03619984468030024,-0.11453386192668114,-0.056675827799419154,0.0011822063278426054,0.0783262518308585,0.27118636558839837
SUPRAJIT,Suprajit Engineering Limited,INE399C01030,Buy Back,2024-08-27,2024-08-27,2024-08-14 15:26:19,Outcome of Board Meeting,750.0;750.0,14,750.0,ok,2024-08-16,4102.0,4095.0,7.0,570.0000000000001,0.4359563804877742,0.37098988526773846,0.09132681841787327,-0.04026311606193411,0.002368311525630773,-0.04026311606193411,False,0.019420426581024053,-0.069110789726603,-0.011375737207992676,0.046359315310617655,0.12333938533543143,0.31578956039746586
KDDL,KDDL Limited,INE291D01011,Buy Back,2024-08-27,2024-08-27,2024-05-14 21:11:10,Outcome of Board Meeting,878.0;1547.0;4.0;58.0;120.0;4.0;878.0;868.0;1547.0;1537.0;58.0;4.0,19,,ok,2024-05-15,2066.0,1996.0,70.0,2640.0000000000005,,,0.07356361052386196,0.2340055670122061,0.2577462285705878,0.2340055670122061,False,0.12689771738137834,0.10853233477849122,,,,
WEIZMANIND,Weizmann Limited,INE080A01014,Buy Back,2024-08-30,2024-08-30,2024-08-20 18:49:30,Outcome of Board Meeting,160.0,16,160.0,ok,2024-08-21,4105.0,4098.0,7.0,136.99000549316406,0.22746446112889518,0.20021005873678144,0.050939777053145674,-0.026863382390303614,0.024381413552575282,-0.026863382390303614,False,0.018800865013733237,-0.061464342735062405,-0.027049437777766028,0.0073654671795302384,0.05325200712259215,0.1679683569802466
NUCLEUS,Nucleus Software Exports Limited,INE096B01018,Buy Back,2024-09-03,2024-09-03,2024-06-21 16:29:01,Shareholders meeting,103.15,24,,ok,2024-06-24,4107.0,4058.0,49.0,1364.699951171875,,,0.03759737821629239,0.01963765873076473,0.04196199522303323,0.01963765873076473,False,0.0740084599447084,-0.08437003175582536,,,,
TCI,Transport Corporation of India Limited,INE688A01022,Buy Back,2024-09-04,2024-09-04,2024-07-05 16:01:37,Shareholders meeting,,28,,ok,2024-07-08,4108.0,4068.0,40.0,974.0,,,0.02938076022086089,0.12627490727748847,0.13409377740289874,0.12627490727748847,False,0.03610725946951043,0.10837375610927968,,,,
AARTIDRUGS,Aarti Drugs Limited,INE767A01016,Buy Back,2024-09-05,2024-09-05,2024-05-03 16:30:33,Outcome of Board Meeting,,21,,ok,2024-05-06,4109.0,4025.0,84.0,501.99999999999994,,,0.002396198017437845,0.12918322947493732,0.14462149251041745,0.12918322947493732,False,0.12041334085016153,0.028585547121395383,,,,
JAICORPLTD,Jai Corp Limited,INE070D01027,Buy Back,2024-09-10,2024-09-10,2024-08-29 17:07:51,Outcome of Board Meeting,400.0;400.0;400.0;400.0,16,400.0,ok,2024-08-30,4112.0,4105.0,7.0,367.6000061035157,0.019887780597139137,0.13346559058692242,-0.06272312416571357,-0.03998912910656938,-0.03577263866047098,-0.03998912910656938,False,-0.007719192825882626,-0.07494560229592961,-0.05048286863947693,-0.026020134983024357,0.006596843225579185,0.08813928874708798
INSECTICID,Insecticides (India) Limited,INE070I01018,Buy Back,2024-09-11,2024-09-11,2024-07-18 16:37:12,Shareholders meeting,10.0;3.0;3.0;3.0;10.0;3.0;3.0;3.0,18,,ok,2024-07-19,4113.0,4076.0,37.0,764.0,,,-0.04476117106682942,0.23058548434548398,0.25124608205781884,0.23058548434548398,False,0.01579839394207938,0.06471026673439151,,,,
MATRIMONY,Matrimony.Com Limited,INE866R01028,Buy Back,2024-10-25,2024-10-25,2024-07-12 17:17:00,Updates,,22,,ok,2024-07-15,1751.0,1680.0,71.0,609.4000244140625,,,-0.012477615560761879,0.26599610997738377,0.3363980802663826,0.26599610997738377,False,-0.01650886253126893,0.07412599179497881,,,,
NAVA,NAVA LIMITED,INE725A01022,Buy Back,2025-02-28,2025-02-28,,,,24,,no announcement date,,,,,,,,,,,,,,,,,,
DHAMPURSUG,Dhampur Sugar Mills Limited,INE041A01016,Buy Back,2025-05-23,2025-05-23,2025-05-16 16:57:47,Outcome of Board Meeting,185.0,20,185.0,ok,2025-05-19,4285.0,4281.0,4.0,146.0,0.3136405424600748,0.25996048282328843,0.03671093899482836,0.005684849664275404,0.005068524712093181,0.005684849664275404,False,-0.003700026698882808,0.01863011098367262,0.05590406964878181,0.09317802831389077,0.14287663986736954,0.2671231687510667
INFOBEAN,InfoBeans Technologies Limited,INE344S01016,Buy Back,2025-05-27,2025-05-27,,,,18,,no announcement date,,,,,,,,,,,,,,,,,,
SIS,SIS LIMITED,INE285J01010,Buy Back,2025-06-06,2025-06-06,2025-03-25 19:22:57,Buyback,404.0;5.0;404.0,22,404.0,ok,2025-03-26,1930.0,1883.0,47.0,329.79998779296875,0.19121334887391805,0.09203942875913107,-0.027568963459985385,0.12174053812864405,0.14175256861012464,0.12174053812864405,False,0.06455532338699843,0.12492422518746915,0.1399333258804436,0.15494242657341784,0.17495456083071703,0.2249848964739649
TRACXN,Tracxn Technologies Limited,INE0HMF01019,Buy Back,2025-07-18,2025-07-18,2025-05-26 15:46:28,Outcome of Board Meeting,70.0;70.0,17,70.0,ok,2025-05-27,677.0,639.0,38.0,59.95000076293945,0.10812097560598555,0.17489086688000288,-0.05097352381417075,-0.00617179194622286,-0.004336983034555764,-0.00617179194622286,False,0.005727867186677615,-0.12643872784970134,-0.08232696593873079,-0.03821520402776035,0.020600478520200305,0.16763968489010206
TANLA,Tanla Platforms Limited,INE483C01032,Buy Back,2025-07-23,2025-07-23,2025-04-24 20:37:00,General Updates,8.74;37.76;6.0;1173.0;6.0,24,1173.0,ok,2025-04-25,4328.0,4266.0,62.0,481.29998779296886,1.4333575971456738,0.7285588597128558,-0.0015558603339759225,0.42748239598853344,0.4187528289287754,0.42748239598853344,False,0.04910909822575249,0.3231454577191093,0.4947967404617599,0.6664480232044108,0.8953164001946119,1.4674873426701147
BAJAJCON,Bajaj Consumer Care Limited,INE933K01021,Buy Back,2025-09-05,2025-09-04,2025-07-18 19:24:54,Shareholders meeting,290.0;290.0;290.0;290.0;290.0;290.0;290.0;290.0;290.0,18,290.0,ok,2025-07-21,3713.0,3681.0,32.0,242.8000030517578,0.2386280867552697,0.2878586438962538,0.03703070084197391,-0.0725700582969947,-0.003418458898774235,-0.0725700582969947,False,-0.013937404282805876,-0.0007825471129245809,0.028494635008576186,0.05777181713007695,0.09680805995874464,0.19439866703041409
GHCL,GHCL Limited,INE539A01019,Buy Back,2025-11-14,2025-11-14,2025-06-25 16:37:43,Shareholders meeting,10.0;10.0;10.0;10.0;10.0;10.0,24,,ok,2025-06-26,4405.0,4309.0,96.0,608.5499877929688,,,0.03565352424146062,0.015426893621137694,0.07414292416510349,0.015426893621137694,False,0.014131699136952447,-0.03474553246987755,,,,
INFY,Infosys Limited,INE009A01021,Buy Back,2025-11-14,2025-11-14,2025-06-25 22:01:24,Shareholders meeting,22.0;43.0,74,,ok,2025-06-26,4405.0,4309.0,96.0,1608.800048828125,,,0.01719790046124925,-0.051587505077545504,-0.026974716850528768,-0.051587505077545504,False,0.014131699136952447,0.008619108231133543,,,,
NURECA,Nureca Limited,INE0DSF01015,Buy Back,2025-12-12,2025-12-12,2025-10-17 15:21:09,General Updates,330.0;330.0;330.0,18,330.0,ok,2025-10-20,1185.0,1148.0,37.0,303.0,0.36121771220499244,0.10943011079896436,0.24984535393367469,-0.01831679139593645,0.03333335347694932,0.08910891089108919,True,0.007885990099679718,-0.07755775577557755,-0.05255775577557764,-0.02755775577557762,0.005775577557755707,0.08910891089108919
VLSFINANCE,VLS Finance Limited,INE709A01018,Buy Back,2025-12-12,2025-12-12,2025-09-03 15:45:44,Shareholders meeting,380.0;179.22;380.0;2.5;179.22;380.0;2.5;10.0;10.0;179.22;380.0;2.5;2.5;10.0,21,380.0,ok,2025-09-04,4425.0,4357.0,68.0,224.80000305175784,0.7160404435081653,0.2689931023855787,0.015173385969220465,0.3411525051148936,0.49186138136977986,0.3411525051148936,False,0.05306996341271386,0.2918866069349477,0.3533906076303963,0.4148946083258451,0.49689994258644354,0.7019132782379394
ECLERX,eClerx Services Limited,INE738I01010,Buy Back,2025-12-17,2025-12-17,2025-08-19 14:32:32,Shareholders meeting,2800.0;10.0;10.0,28,2800.0,ok,2025-08-20,4428.0,4347.0,81.0,2029.9999999999998,0.4313099041533546,0.2560560117220796,0.0376996741806519,0.09840277861504143,0.10074323896875836,0.09840277861504143,False,0.03065800854865186,0.13392890857556394,0.17078788429497838,0.2076468600143926,0.2567921609736119,0.3796554133716594
NECLIFE,Nectar Lifesciences Limited,INE023H01027,Buy Back,2025-12-24,2025-12-24,2025-08-07 16:21:37,Shareholders meeting,,37,,ok,2025-08-08,4433.0,4340.0,93.0,13.199999809265137,,,-0.059158940805644766,0.6015151284176674,0.6856060849624126,0.6015151284176674,False,0.0730114053139288,0.10151516454169474,,,,
FAIRCHEMOR,Fairchem Organics Limited,INE0DNW01011,Buy Back,2026-01-05,2026-01-05,2025-11-20 15:17:16,Outcome of Board Meeting,800.0;800.0;800.0,16,800.0,ok,2025-11-21,1243.0,1213.0,30.0,689.0,0.1514933429291112,0.07671601615074031,-0.00827637429235406,0.07837443582229908,0.11335260437852379,0.07837443582229908,False,0.0069874689187963135,-0.05682155754860063,-0.024132869947702362,0.008555817653195685,0.05214073445439382,0.16110302645738783
MATRIMONY,Matrimony.Com Limited,INE866R01028,Buy Back,2026-01-30,2026-01-30,2025-12-15 11:16:14,Outcome of Board Meeting,655.0,12,655.0,ok,2025-12-16,2065.0,2034.0,31.0,526.9999999999999,0.1996336996336996,0.26606751891340785,-0.03479847893876642,-0.018311296232661256,0.06470574145899022,-0.018311296232661256,False,-0.02086029160361136,-0.23349147011561566,-0.16203512236966822,-0.09057877462372077,0.004696355704209232,0.24288418152403413
GOCOLORS,Go Fashion (India) Limited,INE0BJS01011,Buy Back,2026-02-09,2026-02-09,2026-01-29 14:59:11,Outcome of Board Meeting,460.0;460.0;460.0,17,460.0,ok,2026-01-30,1038.0,1032.0,6.0,383.4500122070313,0.09968925035606269,0.25153044559235793,-0.08331335549353625,-0.041465703241333585,0.005215803719730072,-0.041465703241333585,False,0.02158911332022484,-0.2602686533666432,-0.19128312703095696,-0.12229760069527085,-0.03031689891435596,0.19963485553793126
AUROPHARMA,Aurobindo Pharma Limited,INE406A01029,Buy Back,2026-04-17,2026-04-17,,,,36,,no announcement date,,,,,,,,,,,,,,,,,,
WINDLAS,Windlas Biotech Limited,INE0H5O01029,Buy Back,2026-04-24,2026-04-24,2026-04-17 14:09:35,Outcome of Board Meeting,1000.0;1000.0;1000.0;1000.0,11,1000.0,ok,2026-04-20,1158.0,1154.0,4.0,873.0,0.14836933166993616,0.16272311399732264,0.0025263869887219847,-0.014833861924256175,0.024685012584167332,-0.014833861924256175,False,-0.019162867742280154,-0.10051546543922463,-0.06361682964311921,-0.026718193847013794,0.022479987214460317,0.14547543986814526
JAGSNPHARM,Jagsonpal Pharmaceuticals Limited,INE048B01027,Buy Back,2026-05-04,2026-05-04,2026-03-12 14:02:28,Outcome of Board Meeting,250.0;250.0;250.0;250.0,23,250.0,ok,2026-03-13,4519.0,4487.0,32.0,191.8999938964844,0.3947779086044194,0.174425732768829,0.07063155582189817,0.10927564062971618,0.09624804403960696,0.10927564062971618,False,0.0418209583221234,0.05054720642070465,0.08837940402097377,0.12621160162124312,0.1766545317549355,0.3027618570891666
SARLAPOLY,Sarla Performance Fibers Limited,INE453D01017,Buy Back,2026-05-15,2026-05-15,2026-04-22 23:50:49,Outcome of Board Meeting,,22,,ok,2026-04-23,4528.0,4512.0,16.0,90.0,,,-0.044890150498650194,0.06544442093820124,0.07599994080662187,0.06544442093820124,False,-0.02190665903290745,0.08688886203388635,,,,
ONWARDTEC,Onward Technologies Limited,INE229A01017,Buy Back,2026-05-18,2026-05-18,,,,20,,no announcement date,,,,,,,,,,,,,,,,,,
GARFIBRES,Garware Technical Fibres Limited,INE276A01018,Buy Back,2026-05-20,2026-05-20,2026-05-08 14:41:19,Outcome of Board Meeting,680.0;680.0;680.0,19,680.0,ok,2026-05-11,4530.0,4523.0,7.0,640.2000122070311,0.011227582208213738,0.0705289466813912,-0.04795896645135933,-0.007810040793695738,0.0031240352065158294,-0.007810040793695738,False,-0.006585933819184708,0.0852077350692626,0.08175178559941965,0.07829583612957713,0.07368790350312016,0.06216807193697749
WELSPUNLIV,Welspun Living Limited,INE192B01031,Buy Back,2026-05-22,2026-05-22,2026-05-15 14:06:35,Outcome of Board Meeting,175.0;175.0;175.0;175.0,17,175.0,ok,2026-05-18,4533.0,4529.0,4.0,141.0,0.30373244110963227,0.25718393560790864,0.050435939156280085,-0.012765994603751163,0.031914869480676344,-0.012765994603751163,False,0.0029324190871842237,0.15056725277759475,0.16415237470145772,0.1777374966253209,0.19585099252380522,0.2411347322700157
CMSINFO,CMS Info Systems Limited,INE925R01014,Buy Back,2026-05-22,2026-05-22,,,,20,,no announcement date,,,,,,,,,,,,,,,,,,
ZYDUSLIFE,Zydus Lifesciences Limited,INE010B01027,Buy Back,2026-05-29,2026-05-29,,,,68,,no announcement date,,,,,,,,,,,,,,,,,,
CYBERTECH,Cybertech Systems And Software Limited,INE214A01019,Buy Back,2026-05-29,2026-05-29,2026-05-13 23:12:01,Outcome of Board Meeting,170.0;4.0;170.0;10.0;10.0;4.0,21,170.0,ok,2026-05-14,4537.0,4526.0,11.0,144.00000000000003,0.246517039987469,0.21168921099228788,0.05587316393384678,-0.02569432775901115,0.05013894032578481,-0.02569432775901115,False,-0.005987843260924719,0.04944450147047941,0.06911117693935664,0.08877785240823388,0.11500008636673686,0.18055567126299432
DHANUKA,Dhanuka Agritech Limited,INE435G01025,Buy Back,2026-05-29,2026-05-29,2026-05-19 13:16:33,Outcome of Board Meeting,1400.0;1400.0;1400.0;1400.0;2.0;2.0;2.0,20,1400.0,ok,2026-05-20,3675.0,3668.0,7.0,1182.0,0.28925312507974366,0.2336975147698832,0.08849798875217951,-0.0399322708956783,-0.0014381451673464163,-0.0399322708956783,False,-0.004702227482142107,-0.1010152322007245,-0.05819797165960072,-0.015380711118477164,0.041708969603021284,0.1844331714067673
WIPRO,Wipro Limited,INE075A01022,Buy Back,2026-06-05,2026-06-05,,,,70,,no announcement date,,,,,,,,,,,,,,,,,,
CYIENT,Cyient Limited,INE136B01020,Buy Back,2026-06-17,2026-06-17,,,,46,,no announcement date,,,,,,,,,,,,,,,,,,
BAJAJ-AUTO,Bajaj Auto Limited,INE917I01010,Buy Back,2026-06-24,2026-06-24,,,,38,,no announcement date,,,,,,,,,,,,,,,,,,
KAJARIACER,Kajaria Ceramics Limited,INE217B01028,Buy Back,2026-06-29,2026-06-29,,,,39,,no announcement date,,,,,,,,,,,,,,,,,,
PATINTLOG,Patel Integrated Logistics Limited,INE529D01014,Buy Back,2026-06-30,2026-06-30,2026-02-19 16:12:47,Shareholders meeting,,25,,ok,2026-02-20,4550.0,4464.0,86.0,11.430000305175783,,,-0.05925915189445019,0.3455817760868176,0.4155730449751942,0.3455817760868176,False,-0.06669599648042235,0.2370953347092979,,,,
TEAMLEASE,Teamlease Services Limited,INE985S01024,Buy Back,2026-07-03,2026-07-03,2026-05-20 16:38:36,Outcome of Board Meeting,1600.0;1600.0;1600.0;1600.0,13,1600.0,ok,2026-05-21,2565.0,2534.0,31.0,1420.0,0.1646527464930776,0.12572992685057227,0.03362931251260637,0.00091552734375,0.03366200621698945,0.00091552734375,False,0.026047695002463067,-0.1303520954830546,-0.09178519665355422,-0.05321829782405374,-0.001795766051386427,0.12676056338028174
ROLEXRINGS,Rolex Rings Limited,INE645S01016,Buy Back,2026-07-03,2026-07-03,2026-04-23 20:02:12,Outcome of Board Meeting,180.0;180.0,17,180.0,ok,2026-04-24,1213.0,1163.0,50.0,156.5,0.1699707043163181,0.2674270848117679,0.017224529030576585,-0.09252393436127193,-0.04300316758810907,-0.09252393436127193,False,0.015603865721349308,-0.1249201472955771,-0.08365816353989863,-0.04239617978422028,0.01261979855668427,0.15015974440894575
ORBTEXP,Orbit Exports Limited,INE231G01010,Buy Back,2026-07-15,2026-07-15,2026-07-07 21:37:55,Outcome of Board Meeting,250.0;250.0;250.0,12,250.0,ok,2026-07-08,3130.0,3125.0,5.0,226.85000610351565,0.07944729452321497,0.06778283340971525,-0.020509514292083808,0.03209172062590593,0.045757095063729825,0.03209172062590593,False,0.008225810276906165,0.15045192432824095,0.14319160894730065,0.13593129356636013,0.12625087305843952,0.1020498217886383
IITL,Industrial Investment Trust Limited,INE886A01014,Buy Back,2026-08-18,2026-08-18,2026-05-23 19:31:05,Updates,150.0;150.0,16,,ok,2026-05-25,3948.0,3887.0,61.0,171.10000610351562,,,-0.01126840169808585,-0.13448281089893077,-0.12127410438224207,-0.13448281089893077,False,0.0051266109297372076,-0.1300994095357173,,,,
GANDHITUBE,Gandhi Special Tubes Limited,INE524B01027,Buy Back,2026-08-21,2026-08-21,2026-05-25 19:31:21,Outcome of Board Meeting,900.0;900.0;900.0,18,900.0,ok,2026-05-26,4596.0,4533.0,63.0,880.0,-0.038769612588092084,0.008572896983651823,-0.06013027214574185,0.03121523153728778,0.034219879309554724,0.022727272727272707,True,0.014146735649528841,0.05080296195791845,0.04919087768701513,0.04757879341611182,0.04542934772157414,0.04005573348522984
PVRINOX,PVR INOX Limited,INE191H01014,Buy Back,2026-09-04,2026-09-04,2026-08-19 19:15:41,Shareholders meeting,,21,,ok,2026-08-20,4607.0,4596.0,11.0,1205.699951171875,,,0.006343356765549313,0.017831965555860974,0.034668699113322266,0.017831965555860974,False,-0.013789718738421053,0.007962260964611723,,,,
SHARDUL,Shardul Securities Limited,INE037B01020,Buy Back,2026-10-08,2026-10-08,,,,0,,no price data,,,,,,,,,,,,,,,,,,
