k,mean,median,count
-25,0.0005662419518606997,-0.0011170210092921184,163
-24,0.0002958977027797645,-0.002200167526752561,163
-23,0.001284776113276445,-0.00042028274681826794,162
-22,0.00019029569648070657,0.0008099353211654114,162
-21,0.0009678139348489529,-0.0018551995303477398,163
-20,0.0015611156236644763,0.0006909687874163684,163
-19,0.0020121242123131845,8.525466917541635e-05,163
-18,0.004206343921271212,0.0004441268792532149,163
-17,0.003420220128883469,0.0014696537245076913,163
-16,0.0047265775944198805,0.0030809399071211607,162
-15,0.0002884149513031798,-0.0008913486589386954,162
-14,0.002508496438573186,-0.00023018627113802204,162
-13,0.0007552941809446898,0.0019669805934794393,161
-12,0.0038042276751683434,0.0003614050674049518,162
-11,0.007421360357715298,0.0037377947297853042,163
-10,0.009273209979491997,0.004884726379688287,161
-9,0.00812648251920622,0.002658057712860762,163
-8,0.0043533991418102744,0.0007935719336334413,162
-7,0.0015270668971936337,0.0008991407147568853,162
-6,0.0015380966218855538,0.0005779698904069264,162
-5,0.00019206387237092885,0.0005798372503673654,161
-4,0.003274122216410814,0.002962470008315843,163
-3,0.004131306164832567,0.0025541354479760026,162
-2,0.004404094116744347,0.0035322568551734435,161
-1,0.0043165156709452325,0.0033522183653438287,159
0,-0.028116370463846678,-0.024433356359120417,162
1,-0.008937295508763531,-0.010040668740818659,163
2,-0.004875611908511497,-0.0036090035802937015,163
3,0.00018661948057481487,-0.001671676332978711,162
4,0.0003081292322860504,0.0003166331308165349,162
5,-6.359593950480177e-05,-0.002931710203959381,162
