symbol,date,action,a,b
ADANIENT,2015-06-03,bad_open,294.1943068687257,56.31924819946289
ADANIENT,2015-06-03,spliced_drop,-0.38749246487793,0.61250753512207
BAJAJFINSV,2008-03-14,spliced_drop,-0.6378505408746518,0.36214945912534824
BAJAJFINSV,2008-05-26,spliced_drop,-0.9264826515972662,0.07351734840273379
NESTLEIND,2010-01-08,spliced_drop,-0.7633383071299457,0.23666169287005437
BAJAJ-AUTO,2008-05-26,spliced_drop,-0.4243354313185984,0.5756645686814016
TRENT,2026-01-01,spliced_drop,-0.3304666656457682,0.6695333343542318
VEDL,2026-04-30,spliced_drop,-0.6489788051152765,0.35102119488472355
BAJAJHLDNG,2008-03-14,spliced_drop,-0.6378505213198735,0.3621494786801264
