family,variants,chosen_on_IS,sharpe_is,sharpe_oos,cagr_oos,maxdd_oos,oos_vs_family_median
52-wk high breakout,1,high52_trail3atr,0.8209846946924977,0.7617322270668503,0.10151162346251574,-0.052521888188793,0.0
Cross-sectional momentum,4,xs_momentum_12-1_top20,1.0885703948935335,0.6456273635738534,0.19896859721073845,-0.4031921102087974,0.03294753828401786
Donchian breakout,3,donchian_100_50,0.852534292445442,0.8795503136211542,0.14401299301540216,-0.09430944840306332,0.045776756599190005
EMA crossover,4,ema_cross_50_200,0.9275254054095544,0.7881137435106259,0.1595725038597935,-0.20431836235255751,-0.26608362017562925
Low volatility,1,xs_lowvol_top20,1.0168405578004682,0.6864795228570157,0.1604073177417269,-0.24570181975840077,0.0
RSI(14) pullback,1,rsi14_pullback_35_55,0.706357589991797,0.28897448800818626,0.07324794842318094,-0.12263623759245024,0.0
RSI(2) mean reversion,2,rsi2_oversold_5,0.43034606800665604,0.21972556849270994,0.0662578935580227,-0.05138536958337292,0.08828407100805127
SuperTrend,2,supertrend_10_3,0.7248539503311769,0.8607303865845257,0.15072948480459347,-0.12422995577676321,0.025587344129162082
trend filter,1,sma200_filter,0.7378139976032406,0.976776050491184,0.17246580439483927,-0.11711154083875885,0.0
