period,strategy,exposure,cagr,vol,sharpe,maxdd,calmar
1998-2009,BUY&HOLD Sensex (price),1.0,0.1392108912428005,0.31958492100100355,0.38870186973624377,-0.6135563744309693,0.2268917691090878
1998-2009,sma200_filter,0.6056005398110661,0.1576787437392344,0.21232845519539406,0.5272246922077461,-0.45206056397642513,0.3488000420834261
1998-2009,ema_cross_10_30,0.6079622132253711,0.1684238920578509,0.20803137058039667,0.5790213173011697,-0.43827223880769484,0.3842905781941438
1998-2009,ema_cross_20_50,0.5907557354925776,0.21901444584524898,0.20760714446746864,0.7880593676316759,-0.3802290309058809,0.5760066382186957
1998-2009,ema_cross_50_200,0.5910931174089069,0.1581493119889592,0.2238946440168143,0.5135923166813975,-0.35204813817244907,0.44922638366998136
1998-2009,ema_cross_20_50_adx,0.5617408906882592,0.1847894122565008,0.20002000055901503,0.6648960545445052,-0.3178499156974145,0.5813731674304293
1998-2009,donchian_20_10,0.4689608636977058,0.13551949743932767,0.19601192349240218,0.4536042321200797,-0.4156418818807548,0.32604870526066815
1998-2009,donchian_55_20,0.42105263157894735,0.15054604937694638,0.1741894191814726,0.5638965309751979,-0.3049432012970291,0.49368554123070085
1998-2009,donchian_100_50,0.4601889338731444,0.15413426372673555,0.1901561091288297,0.548609184026954,-0.2664888520888756,0.5783891615673696
1998-2009,supertrend_10_3,0.5732118758434548,0.13791836704011895,0.20111613449595736,0.45776014907675683,-0.5214398698773572,0.26449524673392805
1998-2009,supertrend_20_3,0.5867071524966262,0.1700862977201767,0.20477328976788256,0.5921660951905052,-0.43544293215579477,0.3906052553846997
1998-2009,high52_trail3atr,0.2432523616734143,0.11117034188087827,0.11869800654509993,0.4600104233725935,-0.1918533708281096,0.5794547231618931
2010-2026,BUY&HOLD Sensex (price),1.0,0.08878130410976137,0.1696480114314318,0.24496396919241814,-0.3729784788851954,0.2380333159573228
2010-2026,sma200_filter,0.737084647101625,0.05460558665615589,0.11951490340772039,0.013518277895464934,-0.21159919175938424,0.2580614141392824
2010-2026,ema_cross_10_30,0.6281833616298812,0.10038093600516129,0.11040462251175674,0.3994808347509543,-0.14070293968135295,0.7134245825459791
2010-2026,ema_cross_20_50,0.6711132670385641,0.08573126683585675,0.11385060949032967,0.27014097490606725,-0.21927895238264283,0.39096897310169226
2010-2026,ema_cross_50_200,0.7948096046568033,0.06435585292214996,0.1364759815634335,0.09690433122969205,-0.2614312552498642,0.24616740206002352
2010-2026,ema_cross_20_50_adx,0.5932573368906137,0.09058698269648158,0.10507237320472007,0.3270477346352542,-0.14160505871524032,0.6397157242711704
2010-2026,donchian_20_10,0.4588891583798205,0.05978670865992486,0.09380815927076006,0.041561869258245884,-0.2145999033557905,0.2785961583626764
2010-2026,donchian_55_20,0.45743390734901773,0.06401119204858574,0.09010692470916891,0.0846735095455025,-0.11420058724521631,0.5605154368526863
2010-2026,donchian_100_50,0.538442881397041,0.06873082695743982,0.10089880792799602,0.13074780024267293,-0.18850800360668907,0.3646042907591482
2010-2026,supertrend_10_3,0.5714285714285714,0.061622912589240686,0.10701436375486008,0.06544671458688658,-0.2184974229640665,0.28203038623194665
2010-2026,supertrend_20_3,0.6034440941062333,0.08453888643702201,0.11238074614420915,0.2622479786746826,-0.20823872963468426,0.40597100541925896
2010-2026,high52_trail3atr,0.28741207858355566,0.05843066387608431,0.06631012407916687,0.005720521445920424,-0.12989939716529675,0.44981474241740627
1998-2026,BUY&HOLD Sensex (price),1.0,0.10950209488157214,0.24384463766950734,0.3122308246978403,-0.6135563744309693,0.17847112253234707
1998-2026,sma200_filter,0.6820939748835897,0.0964094901151189,0.16484586088261266,0.2897566104851395,-0.45206056397642513,0.21326675626619498
1998-2026,ema_cross_10_30,0.6197262593481021,0.1282247946723436,0.15872702875368006,0.4790675501424057,-0.43827223880769484,0.29256882667534434
1998-2026,ema_cross_20_50,0.6375052913785805,0.13941778638533653,0.15994196744348776,0.5397327703680997,-0.3802290309058809,0.36666791605359295
1998-2026,ema_cross_50_200,0.7096091435021871,0.10248991425755505,0.17834770909471753,0.31283016773547956,-0.35204813817244907,0.2911247160391198
1998-2026,ema_cross_20_50_adx,0.5800761958515592,0.12889462556331988,0.15219260431152026,0.4968644392104545,-0.3178499156974145,0.40552040191832067
1998-2026,donchian_20_10,0.4631014533653168,0.09071618974468598,0.14557921482365682,0.2710475747000441,-0.4156418818807548,0.21825565155802062
1998-2026,donchian_55_20,0.4422181459009454,0.0992578333618539,0.13198384583867273,0.3449260978889122,-0.3049432012970291,0.3254961348201105
1998-2026,donchian_100_50,0.5057146888669395,0.10352788586344897,0.1450919393339218,0.353642297094033,-0.2664888520888756,0.38848861801138984
1998-2026,supertrend_10_3,0.5721744038380132,0.0927780984340274,0.15356963275008628,0.27728868495416253,-0.5214398698773572,0.17792674437389844
1998-2026,supertrend_20_3,0.5964441935939043,0.11939789169761728,0.15776685545240732,0.43016425300840744,-0.43544293215579477,0.27419871326536666
1998-2026,high52_trail3atr,0.26894313531818825,0.08009344553226772,0.09193799640329611,0.2508238390433148,-0.1918533708281096,0.417472182983051
