sma200_filter,ema_cross_10_30,ema_cross_20_50,ema_cross_50_200,ema_cross_20_50_adx,donchian_20_10,donchian_55_20,donchian_100_50,supertrend_10_3,supertrend_20_3,high52_trail3atr,rsi2_oversold_10,rsi2_oversold_5,rsi14_pullback_35_55,xs_momentum_12-1_top10,xs_momentum_12-1_top20,xs_momentum_6-1_top10,xs_momentum_12-1_top10_niftyRegime,xs_lowvol_top20
0.8281041809109372,0.6846144460610406,0.8736199223613532,0.8988685422476624,0.9070504293199846,0.6499894648942456,0.8411264316157364,0.9392850277662835,0.7240200398956611,0.737902526176639,0.8016588032731511,-0.2779525420332301,-0.11948519159516163,0.7662289568409055,0.9682765740023619,0.7880692664479338,0.8731641220786538,0.7960386900539692,0.7330878641241251
0.8398186143657058,0.8120086384473044,0.8777710699538994,0.9450183337429258,0.8573218240154269,0.8192983432258523,0.8611162343651021,0.901775215254656,0.8785238502106426,0.8642159446031418,0.8606584542804915,-0.24983760112065675,-0.3704690904800992,0.5458849519820789,0.6498514502428147,0.8616150797237648,0.7013891411381714,0.46237203490670087,0.7400378626610471
0.7671672068431237,0.738641287968733,0.8060561811791548,0.8997447549751902,0.7883598513299096,0.7306785296054664,0.7757473216677401,0.8612827088921194,0.7866396492902689,0.795120612229781,0.7752049016685052,-0.45891247026140464,-0.4553829877525517,0.6679746038371317,0.8174315500636702,0.780967056907005,0.7848514359264058,0.5881488097370503,0.7747012493004016
0.8032008594945164,0.7661391461014451,0.8346275737643366,0.9148468088711751,0.8384780978942489,0.80684837633477,0.8126853100703111,0.8759965777026277,0.8098763205358199,0.8248072295150367,0.7342035579533005,-0.29502896265842554,-0.2029139466272966,0.8187212646878794,0.8756483936795475,0.6525812674173446,0.7396029947132013,0.6872400299688951,0.7939206714483983
0.6780073002078827,0.6745389443790156,0.7755628106070874,0.7942401529968776,0.7607459359125229,0.6857170407691109,0.7841024451327304,0.8001199935708114,0.7554768555722298,0.7374444513607585,0.7479102229481545,-0.5276385699497226,-0.5749618542836359,0.28562208846945514,0.535419669840863,1.019179830612378,0.5671419514298301,0.7756182192372024,0.8278412141785501
0.7579484807219209,0.7878955052085683,0.8226082378109273,0.896344657372349,0.8145537261042295,0.7707114665261929,0.7689182777586624,0.8455045003930213,0.8702523660685244,0.8453610978546726,0.9296866739929088,-0.25043120885994125,-0.3405673200762025,0.4896091183327988,0.7838754411400998,0.8756965579089107,0.7077365120725568,0.8818714217415359,0.7241175484474359
0.8710240017037422,0.8656166343295179,0.9075291257139871,0.9451899339991354,0.9418304853238539,0.7762163502257602,0.9106889517227541,0.97606243482616,0.8626083057131667,0.862667075321165,1.0430220822466725,-0.12983043605265954,0.040932864614529635,0.38050603808635675,0.8138895356096949,0.8622745192023443,0.7184616842192008,0.7959188515048772,0.8293629288060861
0.8399648022039872,0.6836589636204462,0.7836848970336405,1.010154510802432,0.7714242724776513,0.5726019807104841,0.7355714165114343,0.9426178670520241,0.675686068397432,0.6619987209723663,0.820711385392902,0.0977748249805172,0.1183450312513225,0.904919335273558,0.7059925638798227,0.6426955979404433,0.7597533269889062,0.6344399099020902,0.8829106926147087
0.7282844558485347,0.7494754149192823,0.8380545797637883,0.8359946795040346,0.8457289716403802,0.7184515728586615,0.7994120256017886,0.8378149238375704,0.7951462127617058,0.7998943811916134,0.61005622696884,-0.29508087777195274,-0.30349267657368456,0.5582751002798022,0.7746153125390842,0.8767546944759663,0.6997277777216347,0.7407610455705441,0.7823790492083471
0.7576870255589689,0.71905336475107,0.7960444527090724,0.8781287703757242,0.8363396149792056,0.7377262726891279,0.8074890723175022,0.8355012909856699,0.7974719315635166,0.7926063849286391,0.793763982618212,-0.27736864863254695,-0.2525387211003002,0.5706426864802772,0.8052271704117646,0.7439651832818699,0.5230392662942444,0.6618814517984741,0.8884129158190953
0.7397933469210651,0.7331700766211153,0.7816018969912945,0.8101636909506589,0.8244010510002396,0.7010644610826442,0.7852640967021699,0.8678711127923693,0.7457905072007581,0.7458252987538482,0.7647027047832626,-0.23256352183042675,-0.3793514270411813,0.4819990473502094,0.7814501145439042,0.7029263391186779,0.7627223436366467,0.6209602944717015,0.7302869141693926
0.8346142777126472,0.8100065615432024,0.8684005299270071,0.9284472384477112,0.9228775248621846,0.7833039047487681,0.8887324186664319,0.9706763781203437,0.8238490390759575,0.8073652792093916,0.8405998987549647,-0.24228872037242002,-0.2030955808378828,0.5752225846051515,0.7186000059157823,0.808741330570308,0.834109258457806,0.6771289878166057,0.8436137721802519
0.7287655912431152,0.7086642893775821,0.7325438420622078,0.8267231996071421,0.7302318995384823,0.6979353542813054,0.6965830214206179,0.7413770250383217,0.7955238631772455,0.8080060101406336,0.7292016122391567,-0.366642225518376,-0.28267488913796907,0.800509011320698,0.8052526340161186,0.848056463357827,0.7631088939196361,0.589849607173613,0.7879943203608865
0.8646585995101901,0.763508203793538,0.8461282205739786,0.9164507539725352,0.8858212619660564,0.7715525053244444,0.8672811537364697,0.9579176635285733,0.8061404983717728,0.84897886674579,0.8798056681061127,-0.23055966036504885,-0.2847804563433739,0.7978908865259909,0.4714470579587708,0.8378218228292668,0.6901940845209832,0.8560660487110959,0.8158339610494357
0.8352578025733812,0.7605755304442869,0.8753396990547136,0.9137086504391277,0.8852459564750381,0.7473908874748443,0.8726371389483191,0.9032268952284599,0.8176126889039166,0.8029749217554359,0.7830720281013697,-0.19506094130361168,-0.2152537908516032,0.6410332637761295,0.7087369782127636,0.7277229997812487,0.650735774006669,0.6695703412820695,0.7661208719968443
0.7631487014453648,0.7522801422795037,0.7750447502633654,0.9053549999047477,0.8042043443963645,0.738278618466896,0.8199848260966084,0.8846997556392784,0.8135497182777482,0.8461514902088555,0.8540775044301755,-0.2930071219889974,-0.24606284263524347,0.6546946228188487,0.7475302968741718,0.8223819179686487,0.8538916591247282,0.7000725305579071,0.8340571653325772
0.8209357831483409,0.7465069189107978,0.8275559596286043,0.9359634534211294,0.8584501911257335,0.7601830279214797,0.8754570889443638,0.9474338421766326,0.7961292618429047,0.7591809064163858,0.7870332185871108,-0.06399273462005119,-0.12747078665483041,0.8191119598121716,0.8014866907604434,0.8041850951128928,0.7076420429211823,0.5570428781394869,1.0108381130849113
0.8356270948076207,0.7142785997274295,0.7409139161164383,0.9405940849069859,0.7496400356107288,0.6913702698495147,0.6977904262256661,0.9437260804255202,0.7251008715535859,0.7409568536898181,0.8146432282133813,-0.34617466905912414,-0.33523753354675156,0.6676242391286645,0.9478677013437675,0.7243196607082724,0.5080499986966054,0.7181631835446901,0.8169086734418467
0.8714793198464174,0.8632845213759119,0.9480374208052217,0.9568410605782198,0.9451362156865977,0.8169769655760557,0.9002859307156224,0.9303656864278286,0.9226483770651778,0.899968216600347,0.9192658410508872,-0.2638710396218943,-0.22614613273605888,0.2921108219237474,0.817840986868564,0.7119363804870931,0.7489217109901127,0.8286224005178915,0.7856686035404866
0.7570243265724497,0.7272098428772715,0.8064905886238241,0.9010418687543104,0.810256921048164,0.7189548938768544,0.7548062743477647,0.8117865965864154,0.806570470752927,0.7787647272035169,0.8512649260257816,-0.35990237117597684,-0.2885328228277367,0.6921460410732756,0.605482513103532,0.9706826687137609,0.8237076407583341,0.7472952053622547,0.7358253407927542
0.8423188123891616,0.8455622247394825,0.9346579451539984,0.8785149033699152,0.9473857033563666,0.7883658218532436,0.9534463629849733,0.957936153339094,0.8491664672802786,0.8575592080221769,0.8095250328130119,-0.25180841600146153,-0.08308669423316553,0.18037695424960243,0.6985474246679059,0.8626469933201549,0.5821153433267751,0.5596350818489769,0.6759108707600529
0.7919571749875053,0.8518376932340924,0.8913444441612509,0.8804971365582033,0.9130457933770314,0.7229010341688082,0.8766693763346827,0.8314137092505868,0.8627153191484535,0.8356200082193215,0.8304336291376418,-0.2923809481185938,-0.335544854559835,0.4725461460887959,0.6361905553915764,0.9604782796674588,0.5323078232320684,0.7731836800096963,0.863189419271995
0.7300342424674492,0.7091857968875915,0.7859782762562849,0.8770386141609964,0.8055239989200844,0.654416948550579,0.8412831931309149,0.8872317988332916,0.713397170498798,0.7078000188687855,0.7911863909841609,-0.4293481065829049,-0.3366937227637467,0.5297469052343269,0.8910545684252853,0.7809271373412475,0.6678208460530607,0.6468728692450487,0.8512223474754451
0.8633479384564728,0.8021155743471998,0.8630347311009186,0.9674714425670872,0.8858548409711092,0.7876992149763155,0.9145507250407444,0.9462591504528018,0.8797233951703195,0.8643019425760586,0.9711027521401496,-0.4726232392178798,-0.3524932441374306,0.45751642753086613,0.7242463845164125,0.7809049029805144,0.9060808484045163,0.7072167379487438,0.8255364461558832
0.7624922046365632,0.7749835640191789,0.7925653548648104,0.8504441835799811,0.8056222688459403,0.6910012596254749,0.725640049251105,0.8066483709201628,0.7600917608158678,0.7605216410625244,0.7338556286181488,-0.4512504832356179,-0.3609676039692832,0.8361022112649807,0.5391579627749209,0.6717235738751011,0.44829323944245,0.7085795526328386,0.7867651590439867
0.7236325502691229,0.6897591300247321,0.7550759967359636,0.8410968859453235,0.7654074934839841,0.6957589853919974,0.7641289052649977,0.817354013513748,0.7282316048681602,0.735346080350117,0.8261366764782172,-0.3104856577447811,-0.058744114033969674,0.6583381872425286,0.7635667027622975,0.7531238150691025,0.7979704119312334,0.7118288566705661,0.9582578440007252
0.7936414275533632,0.8459834835975247,0.8581236442364296,0.9359668901261535,0.910243441197736,0.796082551388915,0.9177668803523432,0.9333621037116321,0.8677788544620691,0.8498625062159415,0.9333871354451411,-0.2994637464042242,-0.30164982290538095,0.6072688621888147,0.7781405967911025,0.7744085894102201,0.6491889787125203,0.44709784387033963,0.8406321129859583
0.8315370373388961,0.7608707690889935,0.8439226914516834,0.8960763257944484,0.8620303495198777,0.7921024650260879,0.8159910368624619,0.8544257232341418,0.8363025986845736,0.8347697970288221,0.7965543833230037,-0.29378893022649394,-0.33714569168880065,0.46690707264342607,0.5482920329266605,0.9349504872099057,0.827097661306492,0.7794348674898072,0.8439141517799202
0.8157547944467286,0.7833668679404016,0.8754507805024335,0.9280449190215937,0.9028690930439752,0.7555839963684219,0.8258452415960094,0.9128145064184845,0.82119164146535,0.7923761862247886,0.7066245451804207,-0.2806527285728723,-0.34700565611791273,0.5802353588241966,0.7239019414951442,0.8060707817694142,0.4986116852635468,0.6312154189360272,0.777191722058419
0.8744203787791073,0.7682034752784529,0.8792556813805876,0.9293666085580716,0.9056144238567764,0.6401327813422425,0.8585756973050499,0.9619726435578895,0.7670891969084741,0.7614292039911544,0.7363810061628503,-0.1567213595504331,-0.30747328403230395,0.7007424553715449,0.8704213075607358,0.7851188707320799,0.8384456300003857,0.7266806980179491,0.6735463800108783
0.8787534223600828,0.7809129831934889,0.9010902229097099,0.9866006420634155,0.9234171600771336,0.7055884101195093,0.9418557873978717,1.0237004885004113,0.7899745571896543,0.7704743785453323,0.9842735296136406,-0.2032469525767879,-0.03158043917798464,0.7857115021216603,0.7208827443951585,0.6993787766050854,0.7078885076918386,0.7582313128084993,0.9078753115766975
0.7093190196913051,0.6696755954949384,0.7836417216456472,0.8233911787037252,0.7816175412568546,0.6798759798389221,0.7291342708103302,0.7677042341053606,0.7696165618534356,0.7395393691892039,0.5893771236538573,-0.38813799391355946,-0.08295079417126791,0.863864274678069,0.9084910052212795,0.8261904767024482,0.615174009093385,0.5841722689684449,0.7593041552944578
0.8810038427236045,0.8084450298012656,0.8470262770783259,0.9838235967255621,0.8808867006070422,0.7649105170194557,0.8207632125025621,0.8639701809679263,0.8144675333617288,0.8192566983479669,0.8377123202945029,-0.4070419477765427,-0.4569006544541172,0.3387142087469235,0.6258656781547829,0.692874044672137,0.70206639751495,0.4054882316821041,0.735084656012316
0.8231609708540142,0.7953090004271978,0.8600377060561192,0.9079504164081758,0.8668151512595047,0.7977753965660302,0.8356465331249868,0.874787876980494,0.8526875387953647,0.821013956337169,0.7909592532604353,-0.38062336702064414,-0.3647355444579794,0.40844638782965237,0.7002841073360204,0.9106237460025595,0.7630620005770089,0.8337368883357469,0.8079893381392107
0.817707692806176,0.7023161027818322,0.7795307401529733,0.9228444172837346,0.7934349462001673,0.6995441152536596,0.7148984648856254,0.8344096221999633,0.7384790265009923,0.7400751073326011,0.6960232134814593,-0.20558144776281406,-0.08263888528835192,0.9451323210402723,0.7936448720476045,0.8292805154602447,0.7500010495498897,0.677494512816837,0.7239003164148718
0.8720426853342423,0.7481354428499144,0.8503554852818538,0.9423342136545477,0.8790715854907386,0.6559592012023266,0.8365949977520969,1.0149812184589713,0.7839646135352035,0.7804558518810087,0.9724483689016733,-0.3227194833028927,-0.06435059068590025,0.7133657071794073,0.744353818997341,0.9128542246737344,0.8450952775089055,0.648325389780575,0.8351194004781646
0.8181541783735571,0.7985289710562078,0.8326099533830715,0.908800276169343,0.8545203315279453,0.6892360534511063,0.7834543199945266,0.9247418761454195,0.798451986661977,0.7592373579892685,0.7377960971904943,-0.3025965420062445,-0.19183424370946756,0.6230697907117838,0.8056022966728329,0.8968492262088967,0.6871893820067725,0.5737258455467077,0.7766339424243867
0.8040122544518822,0.8189452496329742,0.8146409997348488,0.857723324268118,0.8022812592059217,0.8023219838140934,0.8283565168457017,0.8558913429566058,0.8770877840392364,0.8843990604082458,0.8494588367080205,-0.5045676774418871,-0.5553984998503656,0.4965711829894626,0.8823991835407436,0.7091101590891458,0.643804421160468,0.8157764086127576,0.8187566833240005
0.7917801432373841,0.731978145682094,0.8506745182933257,0.896462573772119,0.8345070736144542,0.7027826495579931,0.8156407967164524,0.8785729722041283,0.7333190886055664,0.7375352174405105,0.7171855053519307,-0.34116259754833345,-0.1810038377368688,0.5559304063788927,0.7097058457625535,0.7696506233329763,0.7892454459838438,0.5540061168081438,0.6010298874869812
0.7469388795045567,0.731905034929331,0.780530010121414,0.8260672460561368,0.7724212017719503,0.7351753733861597,0.7798461234488552,0.8186073404576959,0.8296233193840438,0.8272065658921469,0.7932896218636821,-0.3856490998028307,-0.30574458401425036,0.599607999426488,0.6101826765071817,0.8805359901705127,0.7100912268746881,0.6580402420033055,0.8556892708603011
0.8324165444788103,0.7545966685712482,0.8762428867677835,0.9320975939521003,0.8941783855965715,0.6759077541948454,0.8786740737788632,0.9948338884555163,0.7668803496073575,0.7757672112363,0.8514684810373342,-0.2855561438278766,-0.1963326603438302,0.5316467190322816,0.74347991227361,0.6608007027987174,0.8307196579621638,0.8703514197903199,0.7190663434543852
0.8176551763684665,0.7329229837604428,0.7885007081896426,0.9036527798632004,0.7961961232082873,0.6660972259260579,0.7985258785624401,0.8221687846957516,0.7539373869268463,0.7370853008327083,0.713682884553774,-0.2375300374294194,-0.045187382524088396,0.842674431053472,0.8082858012272028,0.8720482810749848,0.8111008529661421,0.7389703331330185,0.639548415458518
0.9008303873444897,0.8542905697328793,1.000538013548464,1.0041313541808576,1.0186048437688104,0.8807531527680648,0.9835570442615323,1.0103675506934864,0.910705864266751,0.9403380896685044,1.005880488673367,-0.16941723856678548,-0.15064659720413084,0.31600874484305197,0.8932047409061643,0.8147351391427424,0.7643213326975298,0.7827736844923597,0.779645755112522
0.7869703554847646,0.7862109231226099,0.8757793397275586,0.9315802767196257,0.9124802701625392,0.7405658005849355,0.9204089555310624,0.9198644743390919,0.8456906563986526,0.8301772698255528,0.966954002158729,-0.14841498868246716,-0.04466544885591058,0.6205157580100176,0.6636502135522767,0.6660006837603809,0.8218400768462517,0.6831145276277284,0.849865499647558
0.7489040204218079,0.7044702429178595,0.789825306991571,0.9128737154382325,0.7873684445726288,0.7145945496975827,0.7913389511303704,0.8251621852526219,0.7856861128115152,0.7622518851080011,0.7188924468510456,-0.4455193659855964,-0.42853886892659326,0.5298024682523684,0.8731146890830035,0.8525436146018668,0.6817691662954813,0.7316223855692691,0.7581197828028615
0.7733759108814915,0.689608308003214,0.7779670207955312,0.8601282968546304,0.7960427722808877,0.6712203678726139,0.7343888227986922,0.8222377840831361,0.7211239807255564,0.6996919024964027,0.5539697877346283,-0.10101734472934144,0.11553382226924543,0.7672178191075211,0.8624155191007626,0.8658520321210357,0.7338496851091213,0.6758014900721078,0.711282917784057
0.8537112942251682,0.7893498632864592,0.8706944584064447,0.9309112108402869,0.8615439094309314,0.7771480389227968,0.8242951580355999,0.9610878866035035,0.7867700830961358,0.7979991083069583,0.859806804345105,-0.16439049414485932,-0.11719967310269726,0.49915168042832947,0.7981477592473794,0.8334046851820577,0.6862283217509983,0.5605450606475635,0.745131249968026
0.7815158261036579,0.7874213347343033,0.8065701818577782,0.8746617308959347,0.8156230568576069,0.7300645070244264,0.7943537413840714,0.8562381526970398,0.7797612736089645,0.7714139339023512,0.7999537530434783,-0.5024006103911622,-0.4323899107549479,0.6891251398685554,0.6165684525013596,0.8995929706880044,0.7731638600840179,0.6107480421214582,0.6452587954552718
0.7199066858795286,0.724161703188615,0.7542352444542771,0.836971842001817,0.7567756885943467,0.7494914319245649,0.767825208368098,0.7727017943808641,0.777830588448573,0.7974213330895007,0.744758112993289,-0.4772401198303484,-0.3319898153677224,0.7355676902133232,0.73157621763587,0.8507852290200923,0.8451229225508522,0.5860273916500675,0.7210856585562094
0.8689378042869564,0.8195705802533918,0.9216275748878038,0.9177242066559328,0.9356691302872985,0.8008961919611617,0.9981880638965354,0.9405420366776445,0.8578629280904408,0.8191499517301233,1.042656876816177,-0.3258365120366196,-0.10828886436928221,0.48035137575931613,0.64724842407329,0.839291090721974,0.6975999756319674,0.7129740253624535,0.8098028445664778
0.8095161157538173,0.7965851622838458,0.8663401430317309,0.8925925045266505,0.8424167281986725,0.7606467539207504,0.8075044071043003,0.8516290689169989,0.7634843158618523,0.7530587410978592,0.6960287906705062,-0.21372124279220445,-0.25357639626009704,0.8032598880558763,0.8106536288611293,0.851243588824568,0.8888016177021754,0.7317007877289441,0.8416130497469779
0.786233375215369,0.8113484075536034,0.8302744734424776,0.8875540600682864,0.8470351245793262,0.8175024455030431,0.8462019458412274,0.8270276439365957,0.8779589791604889,0.8541693660062585,0.8375964383457571,-0.18601449749858007,0.054370297155394876,0.6295906947866116,0.7266674512824499,0.8694657031657885,0.584382160215521,0.7620492361123746,0.7771874184434516
0.8051610127217478,0.7658532004857033,0.8687962142239718,0.905943882457846,0.9010651787736853,0.7507646855830976,0.7916285449691367,0.8995129971062078,0.8171160829884029,0.8106141014999562,0.8383940262427246,-0.3488746919911698,-0.5182961446727875,0.39369112110081783,0.6695078433920939,0.7732409126917884,0.6096883268394023,0.780035443518229,0.6552394093403782
0.8074969177136592,0.6834453179163781,0.7692446560119603,0.9473379710470318,0.7818806799552765,0.6019618275015767,0.7515101299280543,0.8808293109126163,0.7181845916044237,0.7007181035695568,0.8372532481958486,-0.27489194053820815,-0.21384868671222415,0.7505128301112657,0.8402738135142668,0.7440662794462628,0.6921513618659628,0.8032510184129262,0.6826258687565129
0.7663462040724321,0.7342191737891027,0.8356707444268805,0.9073287999572082,0.855984874979174,0.7277312362932917,0.7548645637072653,0.888194913295002,0.7420487962877447,0.7558044965152761,0.8138450528915564,-0.1605873339214311,-0.2670621443457777,0.5883499994248829,0.6299619752232384,0.736908574288639,0.9280886783947139,0.6173775056130433,0.7061599848882564
0.7841845623922992,0.738038618239245,0.8270227150891254,0.8672219426192814,0.7769957204376527,0.806666776729865,0.7375613522986153,0.7990737581646817,0.8531790659756726,0.846922521467003,0.7691028581295404,-0.3383276982702776,-0.26000532598659826,0.5987910889257174,0.8913259301833022,0.7603459646721253,0.8933166668243241,0.7788338253721351,0.8438910916889097
0.8061090887318177,0.8793798567503738,0.8854820436664012,0.9207730048025293,0.8925331336940014,0.8684483012479783,0.8383923651493665,0.8080529185641597,0.8809846229043881,0.881090972988561,0.8635929807573968,-0.40500093230867246,-0.33334654805552,0.5870009187288049,0.808167495606957,0.7650494025807484,0.9011914797424232,0.5694193836374362,0.6212206811511263
0.8627978053053733,0.8415555191208155,0.9535219905105159,0.9667005400606236,0.9509572786747277,0.7848349619512877,0.9075085211780312,0.9617342544525926,0.9019113739043547,0.8946613218386742,0.9708887333827465,0.06602841217375291,0.1683050417150061,0.624289977629164,0.7498432128656959,0.8362021458296949,0.7973824598684359,0.5713583560900561,0.8310549253876784
0.8516114887819903,0.8112819104539489,0.8470279795814764,0.9550198933733828,0.878607411479313,0.8242643462009419,0.8421170913565561,0.8845994907779353,0.8342247272273621,0.8235175251653503,0.918726337776432,-0.1832394658307907,-0.15484776643843254,0.7181647306234549,0.8713572104622003,0.6959305310213946,0.8238699953204335,0.8281743222637427,0.896497797576468
0.7708005565013262,0.6461331742389264,0.7424624132453768,0.9012895509269967,0.7407617571157378,0.5935582157917706,0.6561721593115214,0.8298697550112248,0.7128932069735238,0.7285387970035194,0.7585993668888871,-0.4149070993570801,-0.39218540658878004,0.8844083197464825,0.8237892912181,0.7595270439871533,0.637830068693546,0.4753160096899841,0.7653249247523783
0.7343500220080924,0.7299611653272494,0.7587078498831475,0.8847064524563311,0.7638845687098186,0.6608293235618578,0.6853348366428604,0.7649203938122314,0.7936135605609719,0.7934917913475883,0.6835150630896426,-0.2978331638367228,-0.31515532488533543,0.6147913227870598,0.645618591979141,0.9040136841982308,0.7843372700767922,0.7119755714234253,0.7279859331269055
0.7497816513467056,0.7231447853003193,0.8398505275571663,0.8473655261191614,0.848066749855523,0.7095925968989999,0.8126143114535879,0.8754134278873389,0.7988480945774521,0.7814561070949128,0.8301201963304965,-0.3005511971298631,-0.3520940167503393,0.43518237670164917,0.7827471347013474,0.7628639771922758,0.6318152405393989,0.7204594278968833,0.8265560248680246
0.819430904380501,0.7170153988846791,0.862743797125383,0.8962135011544858,0.8555821157908174,0.6913953907157252,0.7925296362967835,0.9064923372120302,0.7980618895861087,0.7728084936210363,0.8327471726542909,-0.28921428255241577,-0.3365761454095117,0.6100333751445026,0.8953405650265532,0.7761638735680053,0.7695821217542977,0.713222003014759,0.7885864759959511
0.7326350416769428,0.7316761395213125,0.7742776513529395,0.8392621604168161,0.777913096793989,0.7066555708830289,0.7773256860540962,0.8514907578727288,0.7661498172873852,0.7377772342564594,0.721541600045093,-0.33958015332775443,-0.2762395444725479,0.6616146208307799,0.6265794404145726,0.7806936982229236,0.6179159561309088,0.7036272798362593,0.765255795902661
0.8183749343762428,0.7345695797943496,0.8333958310544348,0.9200206969861223,0.8659728473533373,0.6551518318553025,0.8434479434565583,0.9428372497605856,0.7123288948816275,0.7326596192680634,0.8960599136839761,-0.2989729945620411,-0.25363460640946733,0.424627660716554,0.7707950208101698,0.8124825233617349,0.6522804483120173,0.8201321071325982,0.7644589429655442
0.8514790589027915,0.7724497746033969,0.8488482100320194,0.9923694855799259,0.8628932103335584,0.7347813591919155,0.8972976658346171,0.9743296461986355,0.8085154315060862,0.8151106409012214,0.8681604327681448,-0.2877375167639085,-0.3596962509268036,0.6329445147305367,0.7424767087405398,0.7801636241432747,0.6608965001996308,0.5629385272429946,0.837947529663609
0.9580451676049111,0.773840747079078,0.9143391831741376,1.0443517417824304,0.9391291393700797,0.6912998624375835,0.8875387915475448,1.0355287687430463,0.7677322302958793,0.7550118128658873,0.8855897587681196,0.0826695371126857,0.20162126893995655,0.7021766002255853,0.7395242115552001,0.8814502915442033,0.6807213945470765,0.6709415005593574,0.8747224493915589
0.8295965785607772,0.7788197401608982,0.8468809975396427,0.9192528417504265,0.8382804602185348,0.7780825327055073,0.8794939093395582,0.8413078655087157,0.830806934721261,0.8429624567876861,0.9585769742213598,-0.3656350955718068,-0.40929687491364114,0.607047684417246,0.6302340433000747,0.8790289800671731,0.5002595267252403,0.4852695384639561,0.7873287167973939
0.8508307210019237,0.7630212032939859,0.8485791867399533,0.9304970885879823,0.8292743828913596,0.7158816605233227,0.8042677216473653,0.9230108960401608,0.7817699601386622,0.7751101473473305,0.8626230813899417,-0.3073978126546886,-0.37951315264690133,0.7331362437188825,0.5766150256452509,0.7424960302415079,0.9556457049971765,0.5418481155277008,0.8378761695131215
0.7870516662964903,0.6964528222656298,0.798284018274441,0.9142341073939787,0.8262443426752589,0.6782997269588243,0.7113518144986788,0.8357417503658972,0.7593745464360738,0.7737071940174145,0.6846884089038651,-0.07970462356497578,-0.1503840220761372,0.7779875837353398,0.8442609166546965,0.7952241329292077,0.8985003206202432,0.6666385349794808,0.8745181219373143
0.8658531266152398,0.8068844258830328,0.8825220283785981,0.9112848312451417,0.8965539667753422,0.8255797558631979,0.8911641834598059,0.8787340150505824,0.8406954291417775,0.8024216500790377,0.9508216383356595,-0.25711521274923066,-0.23495756796785158,0.6566157686425235,0.7210690747479847,0.8681881046388406,0.8636856896136623,0.6236955886248633,0.811072491515738
0.8917945000768392,0.8092678168307305,0.8564183760445894,0.9652917984768723,0.8811163829297779,0.8493764599055647,0.9202901431755156,0.9387450187139615,0.8365308181398552,0.8102661428920942,0.9051444798612721,-0.6569342307809727,-0.7495056500253078,0.4467444982080187,0.7117400272610528,0.8716705264665533,0.7246310470599023,0.8330755563212378,0.9176336045419985
0.8196292527477478,0.7404356082160584,0.8262970603492304,0.9242390923504334,0.8565883784809958,0.6878459272256239,0.7687835961795795,0.8922669096884942,0.7940206349351273,0.7847665766655155,0.7329286144477039,-0.3306722705557513,-0.44768964172973635,0.5894783600433345,0.689061488209964,0.8228450095698384,0.5995988655149693,0.8744805929093521,0.8252097121077635
0.7576961528463205,0.7368839977449317,0.8106344606547281,0.872934918972503,0.8069512928933014,0.7913364540448565,0.8192471387391075,0.78507001771731,0.7910598280791066,0.7682996898590123,0.7441259878958727,-0.19037204146484307,-0.3316297382759172,0.5606206262148612,0.7325081999617498,0.7222412145917271,0.8351085240768907,0.6823365862593866,0.7717398186590656
0.7372872085405912,0.6956808912155066,0.7825278489058931,0.816339644323096,0.8022190979857764,0.6393696253595533,0.7505910257451235,0.8024866737685767,0.7658251262801818,0.7254882940061871,0.6446687811225331,-0.19393031894305254,0.09304075345306229,0.5702531080512309,0.756151801531358,0.8519152559643813,0.517177431798579,0.7371576232417362,0.8950496655991775
0.7248245478171781,0.6980765920233811,0.7334928612572882,0.8610634658752749,0.7238528209216629,0.6251416030929922,0.722898329980406,0.8150178834565,0.7236069519941463,0.7301495887007465,0.7665119000599042,-0.12701757475194336,-0.1705582531667188,0.773047425230828,0.905896740916775,0.5779073938541153,0.6145401854258542,0.6390023977338466,0.8006193470882064
0.7418436076286558,0.7511548014600067,0.8386577136093788,0.8276455082457878,0.8454163802110968,0.7581547911097207,0.7795068094136377,0.852540233168667,0.8097980599587654,0.8051070250672924,0.7687024534773094,-0.33480836092841,-0.2843988583999375,0.36841404896146396,0.7916546133305107,0.8087627527550857,0.7122624186930415,0.633681194960111,0.8029845620205308
0.870389564134164,0.7815741048962761,0.8886596648228507,0.9404617121918781,0.9094098403796967,0.6759002219538283,0.9593329589351635,0.9550777906420189,0.7552809771868974,0.7347009704696073,0.8354995650667512,-0.13590112494091833,-0.10429775571704987,0.35216756038533326,0.686350297903337,0.8434645166359036,0.6443130746577077,0.5657624967677248,0.8594818763691999
0.7959185122818725,0.6792369392907902,0.7505426170886912,0.8956899713691668,0.7414320509140687,0.6071465566351287,0.7250023533498827,0.8839257002198703,0.7168408626668081,0.7354141055315043,0.7273137276695393,-0.3410206060997612,-0.35827158222097055,0.6720079072355011,0.7413456332537367,0.752105465620465,0.6617387140786414,0.8746650045955805,0.8234647187226267
0.7928095187810316,0.7511466969929482,0.7961678155280961,0.9275697417725554,0.8239086252349652,0.7532234443593374,0.8398455194584044,0.8731344870442987,0.7892008359446415,0.8047280016009617,0.8325558445834585,-0.33982548569679955,-0.24273345208917127,0.7107386640499448,0.6535177168920823,0.8796120051712674,0.7926214761746204,0.6143771662604565,0.6353197170447986
0.7387690777992041,0.747659554574857,0.7953846804822345,0.8664441993553027,0.8003146701018486,0.7476270882393851,0.7603171700128284,0.8915193369895621,0.7701320066266322,0.7568623622987012,0.72961344634348,-0.4197689937401268,-0.2886512557181523,0.5370348599565249,0.7233725823425305,0.8015777957671654,0.7891016684480895,0.6959910329286263,0.8812849621432796
0.7793105011915683,0.7856733967092685,0.7859952609598047,0.90085841253999,0.7727997573978662,0.7371392258295035,0.7011481487728027,0.7962187705651131,0.7985511742538259,0.8051626339959869,0.8020510844085278,-0.38831169548920375,-0.2891507841684121,0.4831637989017459,0.7072417358182609,0.857214538909545,0.744738957610578,0.5168088571280128,0.7537786800324754
0.8244172457248858,0.7190992364691703,0.8304131068689129,0.9253311105837275,0.8286367054083149,0.6694941014960231,0.7342051557732847,0.8367986248579159,0.7672225909154178,0.7693333577390157,0.7055135404304252,-0.1116334327142459,-0.18994922347988763,0.7015279823603364,0.63749014255912,0.9297013316097158,0.5886616223296991,0.6487981252816328,0.8339669465992321
0.840771727911647,0.7488738397415389,0.8254523673959533,0.9393711512287032,0.8419436784820453,0.777047840864513,0.8369436577327702,0.894376013834091,0.8427384225701993,0.8350780309931686,0.8774782656082046,-0.265930465279955,-0.4013837756186188,0.5827660318722907,0.7617796384000197,0.7531845715541476,0.8995830408357431,0.6866118875368268,0.676933684726952
0.8329095341033871,0.8427601887126915,0.8789131666557416,0.8875352298979299,0.9277115816519799,0.8196562838960073,0.8954560315195311,0.9373140430715651,0.8526345042942046,0.831359490246698,0.8897323714415758,-0.21291709639126688,-0.28595248061044193,0.582023767055866,0.6179738780991478,0.6917394990341141,0.7648565232459481,1.0139348870680178,0.7091471221132791
0.806764450161427,0.7727987219161869,0.829454257458263,0.9261915197313288,0.8586761606914961,0.7384747091477077,0.8051877217069711,0.9085086661179925,0.7782063323501281,0.7802208879555814,0.8290665994596745,-0.3135160718037305,-0.25820433995104697,0.48577896818595606,0.8031594968117494,1.0290024948173682,0.8397661915135941,0.7758251648604466,0.7438747978280807
0.7873967979295023,0.697342082162209,0.809616777200621,0.9026473035852823,0.8571025282749478,0.7216420371342741,0.8008792900420472,0.9755134747905766,0.7612198582357417,0.7264185849402417,0.8374475385808611,-0.31747310190027533,-0.3561209411752984,0.6107323513098202,0.699862691206266,0.8353559191402132,0.7604186253412211,0.6649576628437976,0.8318288791662449
0.7354597380439175,0.7120666649718643,0.7794282888862234,0.8779359421121032,0.7639004249638949,0.6409843387082547,0.7346667785226317,0.7685128269745758,0.7739360106253431,0.7612741230119094,0.7042463589274939,-0.3813583487105844,-0.26323788239954127,0.706362854053625,0.9532396953934925,0.9151092694433575,0.9121116044311625,0.6413613842401367,0.7665625507093894
0.7749468258667138,0.7842753545918165,0.857661233144491,0.8654669714760599,0.876985351299699,0.7672766946759816,0.8925562506908852,0.8831879316491081,0.8119128939354867,0.8113316730837711,0.8124329824061918,-0.3145257948368662,-0.1954182961080458,0.5164129761708084,0.8939408926591761,0.7804988467266707,0.6511248821422602,0.569598225994001,0.8420160833627203
0.8546212190249612,0.7455102851792312,0.8362850501230098,0.9763867686279369,0.8677368341222478,0.6935166059575868,0.8229545944658074,0.917114810910344,0.7617534305084778,0.7395710088245862,0.9505127136408078,-0.15719764707788783,-0.21778448141464668,0.6071029838219734,0.5874601351817701,0.901085715940312,0.7760075596249604,0.8944678430167012,0.7217437308982618
0.8348134670136083,0.7437051606863485,0.8335222206301557,0.940501377930448,0.8602158688759635,0.728202308065549,0.8771965928377234,0.9203385342780399,0.7865636969869971,0.7648472552242015,0.9131933589508444,-0.14345261036968807,-0.06248679013025982,0.4396499149739435,0.7297266205502215,0.7958900141405767,0.6669902113629694,0.7811072121463714,0.8579485213423957
0.7743241313426474,0.7482110658453183,0.8234126925849962,0.8846836020659993,0.826116635558,0.790227636260986,0.7961643250029916,0.8054851420495661,0.8357618415459938,0.8383671249532458,0.7813759092524197,-0.6397085971545138,-0.4764358721044438,0.41017201332749414,0.7273839005725317,0.8796133869874982,0.6585386575552545,0.7970515022106817,0.9320031086386349
0.8489958371396051,0.7413950587708522,0.8505662999306539,0.9596151070161816,0.8666670788548985,0.6838476416992402,0.8300418425542726,0.9398484339240656,0.7421807436250654,0.7403664693213391,0.8367714713504689,-0.028666041776627276,-0.0027795466558609093,0.5527868486754834,0.8029004681263167,0.7377715022207982,0.8147332681922346,0.9148464374436535,0.7453610418997733
0.7820106860512779,0.7335247699065277,0.782796873592147,0.909599355071677,0.7821289616114233,0.6957836031318335,0.7922956487657736,0.8276749342743545,0.7413385627242078,0.7226387977100758,0.7594134058955392,-0.30471650090420443,-0.24801602844048729,0.6522323375404093,0.7601043157816282,0.7674332664913577,0.7806608674481175,0.6411338330595909,0.7998787989846083
0.8375161921761699,0.716775556581633,0.8077059128979235,0.9541810896187403,0.7745886626513602,0.6716513075920767,0.7141893006196485,0.8315491600963024,0.749724353059103,0.7419492577169591,0.7051986318780971,-0.33601366774142644,-0.15889825271536834,0.746583042418346,0.7504326061629107,0.9431944259331526,0.7123318918474767,0.6325638723744484,0.7180775884629805
0.7724766177135663,0.7156721482298762,0.8093193090181795,0.8860629575571061,0.819119780561026,0.7406346337223308,0.8323742373112721,0.8232404886528947,0.7766249807377786,0.7555916967908678,0.8205710379930671,-0.21151996333081063,-0.12019657611996913,0.43669217278929,0.6628849619853387,0.7430156869615878,0.820275165924899,0.6155389110905067,0.8424766015389528
0.78678041803455,0.7819084340905095,0.856636015556738,0.9334252960359077,0.8779861718672021,0.7400091482289226,0.8050215523632936,0.85529293241597,0.7708309727305085,0.774521563156425,0.7531259765875603,-0.427395946931801,-0.22345387853530566,0.5828505744530118,0.7612302482685109,0.8077183537373537,0.8410546782413689,0.6229157279341009,0.8921401951569019
0.7943472345061139,0.8640990656351435,0.9078548018216219,0.8854874655354152,0.9308711524115639,0.7861167865473293,0.827319160591278,0.923635656056681,0.8704684514003169,0.8551641761087633,0.8926937844654776,-0.22365823274463284,-0.11241395057719464,0.2941207980757453,0.6860042887769484,0.651685088162902,0.8050668593650099,0.7286871514141635,0.6407001680252814
0.7895359796817546,0.6991817788104064,0.7785703099919616,0.9199241623758817,0.7772174290269321,0.6691190069286721,0.7903279335749992,0.8479214576302929,0.7448408190747019,0.7150187064043817,0.9111454092279666,-0.5112306839703232,-0.37005936839538733,0.8598091121629962,0.5546325572556965,0.8504982015351044,0.7573648540351814,0.6028354838583131,0.7564446251297504
0.8714849464635259,0.764020089413547,0.8118095355414149,0.984362444166791,0.8315516474210194,0.7419283796538796,0.7847628549456818,0.8852945786752107,0.8198225721282294,0.8154522622756247,0.6832633723883048,-0.21486822607785722,-0.08671797758426798,0.7578811651232228,0.7189867499189002,0.7939144930436258,0.7517198442166647,0.651418367689924,0.7553951988904918
0.7938945688234443,0.8318558651234719,0.8518936795161691,0.8949429918477825,0.8412851624653241,0.9120790778627726,0.8410132237360912,0.8174500238042044,0.9060155230157539,0.8913161622006712,0.8660410355315353,-0.29164673145023307,-0.3063756192504006,0.37503597057184906,0.6791054406425987,0.8319214518192606,0.6405668524331483,0.66710696229253,0.7845234867237253
0.7313541809228948,0.6978316686199739,0.7402663764708296,0.8565516189298711,0.7562243183548385,0.6829193988224929,0.6910349283589348,0.8443929698365966,0.7710309351024309,0.7690360871946753,0.7156197404216997,-0.3083455997307766,-0.2469068500133959,0.6267490259932544,0.84095098832331,0.7685770166708403,0.8850218327592729,0.49336893170071994,0.8542852309564168
0.8319843054766475,0.7879692007328942,0.8223701892055427,0.9103660199872616,0.8246179345615112,0.7255640269882174,0.8355084554544756,0.839884889214118,0.8570022670397772,0.8473275216388082,0.8818011630939955,-0.5035211558790276,-0.47099172384648974,0.46772260800099236,0.6641280823530724,0.8564701158069508,0.8481484721603133,0.5961459838560048,0.8858362193826703
0.7812659992967805,0.8303482389087826,0.8260586653399596,0.902213520392014,0.8312152459913101,0.7622417973302783,0.8384099013159614,0.8647336633201674,0.7725474806368654,0.7545326077018223,0.7505491500151824,-0.25303431081285943,-0.31955477545372846,0.4865320934428562,0.7945000197665399,0.7724122402167393,0.7351905779488873,0.728425337850129,0.8783778149537079
0.7618381103006354,0.7342775445879889,0.8193983113860521,0.888132993323243,0.8433568166452778,0.7225775141944177,0.8146643576126954,0.7936124906676932,0.7439981204010838,0.7616691145960893,0.8089646737103152,-0.40845661712911574,-0.156016160812526,0.7164891955903397,0.6087558614374197,0.7237747366067941,0.7300381192169162,0.7241360893030458,0.8301077167837593
0.7761771334748899,0.756861675034473,0.8086812764586202,0.8870094961430053,0.819800478515388,0.7270013464309917,0.8330684959092036,0.8759474295691481,0.8126074534685415,0.7928242300409195,0.9227818160574572,-0.23280293002108127,-0.1918687931420394,0.6440201603256475,0.7618225712267771,0.8160546050934413,0.652855122567542,0.5959431765780352,0.7163048275618864
0.7863734145704915,0.7599399416275926,0.8361103904514715,0.9164690822521852,0.8415467025088508,0.65599526053621,0.8825998721166006,0.8841869097229866,0.7890575117300662,0.7885563866129445,0.7217601586306288,-0.1340897507375257,0.11716163550114699,0.4249662770415112,0.7546763386772849,0.6792205605317042,0.6438202565575856,0.7403153852470716,0.7951790726429756
0.770172900552818,0.7147516495500391,0.7905775886867362,0.8770602844617271,0.7859912262978416,0.6524456287217704,0.8271392158658154,0.8408666689763757,0.7513979573137526,0.7233867263063076,0.7518665935017511,-0.30424595885578926,-0.08535513407264736,0.6332487087739366,0.6343682532203643,0.7785184800164633,0.8253735868404537,0.845558071204985,0.8156991599354579
0.8354096906536487,0.8450866280916419,0.9131330951147627,0.9137621790747709,0.9248434426109697,0.8795085465520419,0.9712895499381681,0.8998422665457705,0.8536945410012658,0.8892044438462042,0.9419915228440046,-0.39888389673356617,-0.5361023429329138,0.36223064435353497,0.7248345291160966,0.9304601518547352,0.6070970183306122,0.46485991040037494,0.8609703728020128
0.8244428689593002,0.7184646543778523,0.8025119884732947,0.9067724831487388,0.8182404893355716,0.7474816237404761,0.7968886758883401,0.9132877614061627,0.7772820476929949,0.7904017162719089,0.8554267989991541,-0.25542852253876913,-0.15331647761870454,0.6790937837401672,0.8006018740398707,0.7228847347245162,0.5444453540280266,0.6447405197231297,0.6299688111117093
0.8384922685761537,0.7819414251163292,0.8668358795741384,0.9278681035249013,0.9343169888792168,0.731053365882794,0.8804178587960274,0.9469592969262376,0.7893067128421432,0.7878523887428345,0.8402974437871565,-0.29853922130505284,-0.21506895210056873,0.6184780828990892,0.6342165487708261,0.9023823832521818,0.7574334252715258,0.4712338578285664,0.8962094172186731
0.8377653248029209,0.8420319240232859,0.9129813707053739,0.9383936965402574,0.9027067706163369,0.7886367218410475,0.8498790526007187,0.922841093529089,0.8594656004881378,0.8323521942011336,0.9840484115721498,-0.3235702528524761,-0.09309649261969058,0.5489876751178385,0.8529866239443645,0.8069949562882773,0.7500886058019256,0.949559922371947,0.8598464445606571
0.7559928215214552,0.752688324032131,0.8418739050984616,0.8458677768167004,0.8565487068409666,0.6666521260528715,0.7955538171653644,0.8441445572392428,0.7609798439606063,0.7627012144550961,0.7476052589067224,-0.2885357801798209,-0.28916926916824387,0.45483728250331396,0.5866462060492348,0.7697405510924599,0.7286139413998132,0.7383864976700334,0.802740087923827
0.7425502895059499,0.6713358485504524,0.7222636749164988,0.8193951848777251,0.7265957155565657,0.640401593868143,0.6895379875645067,0.8176514820891532,0.6880024766388337,0.7015832951237572,0.6056829620953819,-0.3991835837246758,-0.39092547886956147,0.5651262407212883,0.7223406887779871,0.7388638693367984,0.6312994668089563,0.7815377168991603,0.7441375638061837
0.8042778808624286,0.7580215161087602,0.8566537929113696,0.9341181228831424,0.8673202024326206,0.7141652711552211,0.8436573775711168,0.9102345356136514,0.8023456368442873,0.8079298844051856,0.9385173463826969,-0.25127726410129636,-0.05163151203827059,0.7339805689011585,0.8464423198535169,0.866005390140631,0.812730427209504,0.6111238776387934,0.8414403228948693
0.7934746257217963,0.8026379615205372,0.8553459320929315,0.9187322265638264,0.8572722658937556,0.8533212417877645,0.9310412264725332,0.9190705157929545,0.8139120962028027,0.8291839608543056,0.8719947665063229,-0.2927445301248807,-0.2867707464075316,0.4988107257507539,0.7727841594049825,0.6975966628612429,0.6832548422611143,0.6440114893979533,0.7146536905707019
0.8393380532970147,0.7724006789294164,0.8078587013977964,0.9488178054106953,0.8347984562504156,0.7818490846139815,0.8203289720029289,0.9103551174743149,0.8087045185469561,0.8055520642540672,0.8446230287796668,-0.34332524020144395,-0.3015712814973843,0.6238955552809233,0.6111984257053747,0.870070258219677,0.9467799643059481,0.6681590910980169,0.8096093465927823
0.8112593327005582,0.7885998775315536,0.8526442309703925,0.9096006038453749,0.8730112451970435,0.722245087415149,0.8003659736976616,0.8842323407985737,0.8234247493094545,0.799603122813052,0.8132943888502767,-0.11732310077131722,-0.051068977614920394,0.7429655695750755,0.8334144267206277,0.8416372691136427,0.9461663005654163,0.709178060014513,0.7390918364010767
0.7878648730361567,0.7752100511919089,0.8756835259929316,0.8343802777581151,0.8857649351255961,0.7895995468101331,0.8839318074011658,0.8088420648734981,0.8590199530787883,0.864105580249008,0.8944184651739372,-0.4170479962869908,-0.5020895631079778,0.35907688917976516,0.6388614195533407,0.7797315163565265,0.5616963916449019,0.6939673065524198,0.8110541273183799
0.6718024575413251,0.7126648923629575,0.7479418119642074,0.769044291942662,0.7700403555379551,0.6080740448455016,0.7138166376195048,0.7685981375387283,0.7450603709738982,0.7512297763540935,0.6642961696260561,-0.6943250072246593,-0.6091566849049245,0.5479542457152266,0.8625352449697208,0.6402180367630617,0.9336390039560486,0.7497991059997606,0.7515786442268387
0.799533697968491,0.8124952099673346,0.862039361802273,0.8472587542110812,0.8653684898961923,0.749303795980967,0.8466566170703889,0.860648668858451,0.8560874338001008,0.8694122025278855,0.7833605470855336,-0.44063045162757264,-0.4763311231307183,0.30473522007494763,0.7451393041342346,0.9069219501441366,0.680527731481135,0.8678041341106862,0.7375189157952601
0.8206461889248532,0.7417796975906278,0.7820615738754861,0.9286280872452649,0.8305064813538721,0.6618234392693212,0.7921302936190807,0.887309677773411,0.7591597968546208,0.71385296232662,0.8071764019241816,-0.08301984772442664,0.027622668271074076,0.8793161971223926,0.6412242811405329,0.6497569535206188,0.5732787845657288,0.8150659252681135,0.7679152355544382
0.7341537374063389,0.7239890855387839,0.8313861581920753,0.8580691320542116,0.855697491257528,0.6978392677456102,0.8516882412904614,0.8966402201835345,0.793594256465684,0.8103872927560527,0.8752112003712949,-0.30441234813119655,-0.10760258528425565,0.603977467492906,0.8017277026013693,0.8014033785849222,0.5908113482733418,0.6736851732071624,0.8329970356346975
0.7419627300648934,0.7428380435386551,0.8378608532824097,0.8524760117784027,0.8449020980513401,0.6643388106031364,0.8694565357792229,0.8651027048247574,0.7894185730283076,0.7653703342278677,0.8449480278755518,-0.33827306176449945,-0.1462177257505582,0.5852081057190305,0.7588889598265779,0.8618406819193377,0.8147531972675564,0.7870523620996234,0.8121253944486997
0.85618068312927,0.8055296609945706,0.873340808688178,0.9492994654111788,0.8582109163673453,0.7532376705669547,0.8106627319791588,0.9179287351429408,0.8524984989556833,0.8237841980853998,0.8926629372949216,-0.22013611755454288,-0.34746665755474765,0.44100615320320435,0.7340970536457869,0.8317698995148962,0.8232274815869073,0.5209097082183655,0.8321623389284118
0.7660742262023784,0.6637692175497948,0.7712521126231757,0.8445999814805837,0.7843385607336486,0.6566043948063938,0.665224346610359,0.8273286976905792,0.7559329410978929,0.7503888664731146,0.7423107497492178,-0.49211571277025323,-0.3703932964530526,0.9797916588357144,0.8404390480950205,0.8095747240724622,0.6849967098941644,0.7434724583840597,0.8391432760948341
0.759216296590698,0.7840694279342159,0.8298958885008575,0.8877112734877729,0.8519432540979084,0.717056997863924,0.8046889217261941,0.8379205372896342,0.7870340719959485,0.7707170662349377,0.7970318149345307,-0.17377800753294806,-0.14118393975467075,0.6630527732051259,0.790148662042081,0.8119704417549141,0.7878423702379268,0.5995613300591377,0.9403408498718839
0.762870222569655,0.6757793433011803,0.741195919554559,0.892279095866718,0.7207295903149032,0.6691388342269812,0.738957907552834,0.8185599671461098,0.7353625647419213,0.7204543196338355,0.7331220166992634,-0.24490476442437448,-0.1274818292055981,0.7327764526312469,0.7453946225829299,0.9278110852946775,0.7943445410105631,0.6133752286586075,0.6634116212100017
0.7908471908691241,0.688863645425187,0.767805760792295,0.8856543912665741,0.7726014178035071,0.6358682412038299,0.7876523749765263,0.8780036305454272,0.7843326965342376,0.737757770130799,0.8283353078013814,-0.33362186535639526,-0.3498744267910576,0.6340987723012891,0.7238231132118711,0.8628585623340079,0.6949201072499545,0.6885784811293788,0.8243989890918382
0.7945715282129346,0.7606352559515335,0.8236835737510874,0.9311770626022549,0.8729948079525904,0.7114981518005943,0.8330494183851835,0.9419779278843688,0.7657229734476158,0.766483552440008,0.8588953239615345,-0.5007329733305398,-0.4987843118389326,0.7196653994559361,0.6271389530582068,0.8091552179990655,0.7198695182052524,0.8590153389007067,0.6699543025129738
0.7478665601408357,0.7463615065404248,0.8162563257770642,0.8767842799554418,0.8124831565022518,0.6475628738621318,0.7890746824636927,0.8421759445136535,0.7799918788221166,0.7777375446761018,0.7009268400193746,-0.24358559242950426,-0.08703286197531986,0.7962442488822097,0.6430825315558173,0.831991625614038,0.7855922983820627,0.6150978517645395,0.9522966439552559
0.786962276798646,0.7585309442877102,0.8148595231379328,0.8965274568265481,0.8275313905883269,0.7270222133119218,0.8217437034333693,0.8763971142203069,0.8455787215607081,0.8351640730399977,0.9081932642808136,-0.2893940864319451,-0.2413737482604513,0.45762301421155305,0.7551179843354971,0.7761507688317852,0.8383134434727243,0.718009671961144,0.7708783154016734
0.6848677916641595,0.6735393990715658,0.726262748481921,0.7986200253307757,0.7463705564678784,0.6464888798737003,0.7289226567298523,0.7550872183052488,0.70693942144263,0.6665455998711588,0.5515575278170229,-0.43092279849078136,-0.3429920146076075,0.5600594744644305,0.8477310612592569,0.6846894176397214,0.770376090886945,0.7716435083480176,0.8423221400867791
0.8419405174618562,0.7523021029970258,0.786476007387099,0.9673188307927587,0.8031898196687555,0.6760266918177142,0.7251426233101506,0.8961145551299027,0.7038550533944274,0.6994383003095589,0.7263984246622442,-0.48909925998539033,-0.45189537756095,0.7585818225884843,0.8708934548915572,0.7794195656374623,0.7187207079090171,0.6643893953252493,0.8974458449810692
0.7911524476090263,0.8011499300996108,0.8231606473055073,0.8773198696724679,0.8247067592269228,0.7684042110034451,0.7596585965350898,0.8524978780923228,0.78176586209912,0.7929539974728145,0.8087786523007925,-0.4227995979884877,-0.4572021137804346,0.645495687439654,0.7501539878293766,0.8126539183308253,0.590198429680489,0.7554139595491306,0.7034424315990834
0.825049533734879,0.8163420005432486,0.8548178836482849,0.956625281898955,0.8735786751670052,0.7826813689068971,0.814468528980396,0.9685645749599812,0.7947223368394686,0.7858034980254781,0.7529012452857935,-0.29797298030756963,-0.32480346655172443,0.6202118333203722,0.7780324901413458,0.7318927698513454,0.629109758204217,0.7216847825378617,0.7573862567417086
0.8458905333185112,0.8340589968289425,0.9140957490521353,0.9419059211540335,0.9083423106220463,0.7589884724529848,0.9606380376214027,0.9829181386453314,0.9321679038007356,0.8913864986883966,0.8517599455561065,-0.2510465850441483,-0.22353245381873585,0.779108848709642,0.6269076010218885,0.8140171299340772,0.6688945191141413,0.6323516516834958,0.9902222746440251
0.7966415500526682,0.6898506962462896,0.8063379092708732,0.939456297088031,0.8011059884062884,0.6622502564509936,0.7529225836812148,0.8628134104162912,0.7235506878126111,0.7325809128483904,0.7345963272925824,-0.3324188493001209,-0.2343727082266302,0.78962397741316,0.7902834026518876,0.8032090037239126,0.6950534147359287,0.6607160433248359,0.7172778103867439
0.8196111041536008,0.726989035585699,0.7943527125494736,0.9546664798075245,0.810091738899453,0.6549470872552082,0.6703631191147875,0.9040043760871268,0.8067606762949813,0.7748044240507638,0.836490625534381,-0.21129495952031815,-0.36820397207624767,0.9152648899878274,0.7775686692470485,0.887926383924272,0.48491568226332593,0.6602411261573204,0.8107178105656168
0.7765006940861592,0.740016644391838,0.8169917093011955,0.9019579898586715,0.8351693129592934,0.6793143091172689,0.8483325040900382,0.8382448095640294,0.7868709519118774,0.78598064364504,0.8717550615263686,-0.10776871316408564,-0.013581492019061238,0.7058611717657817,0.8452537523233051,0.807698839913731,0.6732610029140343,0.7820712885646677,0.7946254223250571
0.824354971163918,0.7868709831358303,0.8266381611345871,0.95081092355034,0.8402419972670768,0.7481410228189258,0.7970164930565213,0.880460533462101,0.8177174017487686,0.8135491874901061,0.8317507875814937,-0.3822487440895125,-0.2113641270578274,0.6294722866381479,0.7878939223072475,0.7400206333943831,0.9052540907675265,0.8488806040428523,0.806113419226813
0.815032197567482,0.832576488118578,0.8550217199117296,0.8978398737327917,0.8488018167945942,0.736633769879747,0.8006847432324518,0.8605399607181491,0.8567763549798327,0.8735544170214166,0.7773541945607255,-0.5824129805663645,-0.6032560893822094,0.4019055175965938,0.7549812683324649,0.7265806505855932,0.6521445199076386,0.7992217361341799,0.8313301711953495
0.8577652238878571,0.7716137666113061,0.8244874448517069,0.9309619575954357,0.836306308294161,0.7036835923039766,0.8437207150224942,0.8802910926036391,0.8141978146982526,0.8073023809061319,0.8389567289310897,-0.15316497910028423,-0.011442199468804844,0.7077322084635294,0.6197252313817949,0.9659899151880533,0.8909006814855622,0.8125286443217788,0.7806116163104345
0.7977260276085647,0.8811173488986815,0.9228404427634085,0.914576979289911,0.9243221587327809,0.8358951911496493,0.9483110928277882,0.9422680781003504,0.8438666369942314,0.8764057668478992,0.8947983415621866,-0.10275200319149577,-0.2698067797964981,0.5110539455615705,0.6021302068217732,0.8410312684498833,0.8305967814381293,0.6434308031693001,0.7366788926260968
0.838056794051531,0.7074010159681836,0.7916948734418382,0.9908262880805618,0.826247648438953,0.6714899356413947,0.835056494514752,0.8803299896874244,0.7771938010762902,0.7582482305532354,0.8240472587235129,-0.16391434909775804,-0.0917611746062692,0.6650116506747215,0.7269007955447703,0.7197971503213763,0.6625244053633885,0.7364366601064799,0.8106389110569313
0.8144507762319398,0.7533168629309408,0.8404453027089889,0.9373662003659303,0.8642565312415561,0.6525714874308297,0.7780891574365381,0.922583831607886,0.7608773785564334,0.767026429005302,0.7917544269367898,-0.3327988884087612,-0.3196041374272604,0.6688145764882231,0.7690570429324843,0.709683517630837,0.6818075043186335,0.4434889723398498,0.7923532786134699
0.806619280435066,0.7788344898492672,0.8702487600267306,0.887691093135852,0.8821333181303663,0.8112017154783985,0.9065021610697236,0.9031022558450847,0.8228718534803303,0.7978028798011316,0.883293821513885,-0.23003222041332588,-0.3121144231645252,0.5113254672811186,0.7031759539442286,0.7228785968251622,0.6288039862396573,0.541420094659987,0.836305010853866
0.7574786643526211,0.7583950373065527,0.8856646432978628,0.8701268966234512,0.8911019201221636,0.7436866406540706,0.904737282911822,0.8998217635954582,0.885292399541613,0.8423741457375901,0.9008321789465861,-0.36826135981699964,-0.3782644140119353,0.5155342832744404,0.8754433793019333,0.7392195728635358,0.7656067694115444,0.7105954840251434,0.8871192144510238
0.7297410945105047,0.6651322216006167,0.7588822454762597,0.8929724693628205,0.7291609966993023,0.5926993538019334,0.6577323450978536,0.7806060002104463,0.6708428097258404,0.6875490013664983,0.5732419154404457,0.10240016125374643,0.2668326910266667,0.6349933421717289,0.5861169691928821,0.778300848336095,0.6774324831097767,0.5814027504538175,0.8208449371079998
0.7783748134406875,0.6946991063501952,0.782704822853991,0.8806775679037279,0.8157719837347926,0.6316131722891235,0.7907049032300679,0.8557592200448201,0.7356536407633274,0.7331573867551341,0.7706317792160756,-0.25289580971399533,-0.2829769516142077,0.8464678048802439,0.7758575047014842,0.7466679706256855,0.7540515450918158,0.8331587167432568,0.8248057106586741
0.8011826021063595,0.6934883343021393,0.8542262671738466,0.899656972466889,0.8695229321647131,0.7816896714407111,0.8469577370136051,0.9137921113174315,0.7522508991235051,0.77297949088098,0.7871313327077218,-0.5219711064729222,-0.6136341709545381,0.591642762444564,0.5933676060300982,0.8180438311822485,0.8910657001203258,0.8751171365434065,0.7346452415627024
0.8283048538336023,0.7476966076553132,0.8535955732984146,0.9407636517407605,0.8752892074490077,0.6604701205235742,0.8170337247077651,0.916795969219301,0.7810632074313871,0.8054240345022589,0.8779933721601766,-0.1919421944678962,-0.2150112487610086,0.6158490747231181,0.8241753639546983,0.7083286420910633,0.6742044878464787,0.593016855427132,0.878967521535266
0.7725821839684494,0.699731345199439,0.7693330179822202,0.8424506227117,0.7973576800201188,0.6738029154362685,0.7229121971748069,0.8516540623752052,0.7641907309971444,0.7715861577003005,0.7228508540318764,-0.44698539521874686,-0.3739483279669414,0.5850815478488598,0.6474622193810439,0.6841928646830615,0.6261921139073214,0.7451352196169307,0.7569312621429503
0.857178944985061,0.7605845652861469,0.8589676741677448,0.9837330033891133,0.8719339192492693,0.6999743802630581,0.8715848890657603,0.9598479260411761,0.8167550733874972,0.819626156795106,1.004081306022372,-0.2183574137588172,-0.1729527580230677,0.6701421031475294,0.5436514135897296,0.832977497337684,0.6639907792773699,0.6522322326837006,0.8172125867802404
0.8045029085389506,0.8149739635192127,0.8640074870371318,0.9549110090602358,0.9058955423097692,0.6982189452999036,0.8038469618345009,0.8726171807662184,0.7574039385454588,0.7742331473400136,0.8198560183223053,-0.3574540769340481,-0.1628143163697695,0.7370411606290559,0.7403583093072197,0.8481490075789494,0.7771303718271965,0.8054907633377208,0.7983171788164175
0.7719856188604683,0.7833441928111089,0.8375031945465282,0.8832740132535379,0.8281559479781682,0.6714992646801189,0.8372436207355356,0.8560883695209638,0.8275488781354968,0.7891253270372653,0.7968787557407699,-0.2907940911144533,-0.12455610385497455,0.42605820191299043,0.6876275196523052,0.7263278876943046,0.8044605230760293,0.5433886491070901,0.7113725841777861
0.8224024318621408,0.7777119078591226,0.860107282953115,0.9313847304476783,0.8404077783339443,0.7296551027375855,0.8039774131691556,0.9124235200525472,0.7854653552166504,0.779511565472808,0.7132925369994456,-0.16025724847495285,-0.08409457097763917,0.5373907244528102,0.7525100789095162,0.7944974240565186,0.7211101307170379,0.5766022172740528,0.7736430347463101
0.7781632163813046,0.7407076291870894,0.8291330620621628,0.8426947208921876,0.839242242129807,0.7514208384948513,0.6868995976503816,0.8056174566373323,0.761135351236544,0.746639486278377,0.5745756577661829,-0.07388607192165733,-0.10529667490122017,0.6950804754890452,0.724336888931792,0.687908707160124,0.6306982947171355,0.6747048973192423,0.7875617982632777
0.7624896168952263,0.7228702171898389,0.8443329824508092,0.8596838729321319,0.8494956440884408,0.6933908146781398,0.6982291401396415,0.8025242562916527,0.7623504603298614,0.7809606985942003,0.7015119797353446,-0.11721014332452781,-0.08763328563135389,0.7145714478503987,0.8055601646979706,0.8872752852399595,0.7108912772143947,0.775208679687737,0.7814690792800421
0.8198511734432926,0.8305836210062116,0.8666705110493049,0.920271330569952,0.8700276972372735,0.8599376992401081,0.9114714196688455,0.8486984599928186,0.8883635955453061,0.8839105177287262,0.9889528199215675,-0.2994011677214387,-0.431660596313553,0.44993201581751163,0.7109616270275068,0.7669955140093598,0.8283976975690118,0.7790573726201925,0.8434524239493795
0.8001717800389466,0.7528532146572997,0.8173503077532563,0.9607539652579358,0.8175898259654985,0.7132464359382922,0.8415810203629831,0.9089977579858826,0.796049348616198,0.79620522631549,0.9661185956402669,-0.4038009371715275,-0.41578276438116185,0.6709109716824813,0.5974207283173532,0.8818443459502251,0.6595673374517002,0.6467352170099305,0.6973985520638982
0.8155583650307574,0.8336270015281134,0.8715280948849109,0.9213941037034026,0.9041471985407141,0.7551396796322802,0.88352184925861,0.9311923553140978,0.8649773744489782,0.8654989345652714,0.9386055677126911,-0.40195176823762796,-0.39023457985961235,0.46217704488241673,0.7931360209558149,0.7188372237024215,0.525856705779239,0.6742782119545957,0.8954019512794761
0.8119337192860605,0.6990097198682963,0.7847659737406654,0.9731043996384872,0.8095015874832644,0.7344240253237654,0.797596599194692,0.9038377590116481,0.7534793917914303,0.7595522587080457,0.8884276160358019,-0.34906281334665745,-0.37725374004549267,0.8298333197181281,0.6738216912574931,0.7715744832436202,0.8111692480288103,0.5093023545626897,0.8837999036024434
0.8075485917718872,0.7468759863611117,0.8350207268786813,0.9510467558081267,0.8736562211243654,0.7052221799153671,0.8917960275171405,0.9047958840832062,0.7661106321620998,0.7582542880245133,0.8628397467812466,-0.19029141822185774,-0.11909646731052292,0.4391283428661243,0.5406744465385491,0.7116417570870527,0.6388259716576837,0.7824791071613088,0.822005426370653
0.7871763236340273,0.8063318528203338,0.8611663922323421,0.8744680500914683,0.8517394192005875,0.7644143178666039,0.8123572219190934,0.8072540211594625,0.8638757391474132,0.8636836929693751,0.7774588273879002,-0.36837874894784717,-0.4206913471839736,0.41778244514281093,0.5218458091979116,0.7310851879781468,0.6395539847647111,0.8217944991311772,0.8546785305397548
0.8146716793780631,0.7698336570728601,0.8612020928540389,0.9293427664144084,0.885245024618165,0.748156192356908,0.8759116083303544,0.9199503186010595,0.8044562673410981,0.7951372394281262,0.8918471587956812,-0.21567560823351564,-0.18638330255980498,0.5431005334288054,0.7396670115278376,0.8802394697940357,0.5459356283366994,0.8194431564583885,0.6940532182365261
0.7549932981426516,0.7358877975596337,0.7952697892349191,0.8743870832204804,0.8193859025299386,0.6535490889356156,0.7781226009903669,0.8297275263199967,0.7951323812319336,0.7457986675539295,0.8829515618003264,-0.0726310055803837,-0.0827302106594424,0.5896936608633512,0.7381445017316719,0.8166432564931811,0.6941461420702505,0.7984260784113796,0.7996639657822354
0.8404849723052856,0.6675925818964806,0.8045243920175794,0.9534939800803253,0.8072394193112427,0.6495148554877112,0.8257620746189372,0.9284297406255844,0.7618035605618478,0.7495637140714495,0.8015175654710609,-0.07190041306950282,-0.07684744824336773,0.7558250371577165,0.8159553560044214,0.8292852845372926,0.6272451564623314,0.6145550732868923,0.6545800538555321
0.7920858775308174,0.7125235568646064,0.8423354705472978,0.9320916079679326,0.8385130090178304,0.6722673469588074,0.8059977157739577,0.8990886885051302,0.6955164047317226,0.7013158788008446,0.7153618941806201,-0.1090369814240381,-0.20318654688215412,0.8594608962583071,0.5827172001212797,0.7351076560404183,0.6039567583560146,0.7434272988670363,0.787252082145465
0.8560326328078215,0.820353384958637,0.8555825067165121,0.9328877392216921,0.8720512606945706,0.7858841984629005,0.8891077815266524,0.9494254263632396,0.8570208481566719,0.8092046680652626,0.8990673567733156,-0.2785535289865062,-0.2503699304767814,0.5724191231875599,0.6571484300175059,0.921409207395129,0.6618581533627925,0.6864138326336816,0.8221217264603797
0.781079186142456,0.8311484250533929,0.9155479805506975,0.8761674108787153,0.9083559224074585,0.7874482100274509,0.9073740479164824,0.8771463529295872,0.860471631709762,0.822842436665769,0.8331480990182595,-0.07412347109174845,-0.03595545597706334,0.5804781410910096,0.7087159461869039,0.7258627155661573,0.4330120933503498,0.6559126769920426,0.8021957597597567
0.8269997670687665,0.7769472607236233,0.862005381532693,0.9293282095885598,0.8387216907944711,0.7133331169771853,0.8504769324768257,0.8783445385133979,0.8177762013114923,0.7889585216911618,0.8465334783402491,-0.3207782837182054,-0.18360244465924114,0.5532766204850501,0.610376023395149,0.7413355066867555,0.749295988242616,0.7860013585375679,0.8722170737444278
0.8413702520915617,0.6957508670871775,0.8119968418721283,0.9069841999696165,0.7961235319090736,0.6337018105842036,0.7573587156974563,0.856387549567462,0.7078368022755847,0.7293710921070601,0.7354566899447933,-0.21279176106366202,-0.04069121805811475,0.6954507705440057,0.7819012090267141,0.7473097144913632,0.7819458856167248,0.5183810276528503,0.7619191125959842
0.7858820938596802,0.735735634982309,0.8543976873620279,0.905275600355253,0.8907092934197627,0.6933513607975738,0.8189158681946513,0.9070988257304116,0.7653439659001775,0.773996478123059,0.8126264023599744,-0.2719129418649102,-0.32482314500703213,0.5590060318664841,0.9615992400998918,0.8555465547753334,0.7292663912734142,0.7606357497270397,0.912163215354352
0.7926467097419913,0.708539754464729,0.812492981145026,0.9458042056659308,0.8256801587440883,0.6662622026515487,0.8151532416224857,0.8563318814069953,0.7415056848301783,0.7362260538839922,0.710180486706324,-0.07024304547753973,-0.1406469985962254,0.6193752083864733,0.8404395481630674,0.8237661468549187,0.7690375073176928,0.7037689719875672,0.7110690649593594
0.7479392345304615,0.7703697691052712,0.7754305139565381,0.8249843134225495,0.7923902867855369,0.7300500996759194,0.7835279215119603,0.7647567566509702,0.7806037796538869,0.7727912052324342,0.6842312664231197,-0.31253978409115235,-0.20354365850534784,0.398668959833389,0.592122408000198,0.8913819692950193,0.762115081625371,0.8727858639952334,0.6841058945943657
0.8018973637054995,0.8029589147673919,0.8271798362509745,0.8835966783164838,0.8460812128994646,0.7229118717885017,0.8038822683748186,0.8992778415369874,0.8421883989518549,0.8322428554951101,0.782662900317533,-0.2986919309099416,-0.1371141549561547,0.617932306707544,0.8267167730135234,0.7703865280820081,0.7649021621854359,0.6235537644134435,0.8424737454643323
0.768527167617304,0.7721928104010408,0.7841827839897917,0.8921697402519586,0.7930307545831093,0.6952954716979581,0.7020073138591827,0.8214944237429158,0.7807703029212464,0.7513610882226243,0.7927637275120153,-0.3795963708455009,-0.39634131685927704,0.79871215556023,0.7999790085185094,0.6856038958409939,0.6056608686382453,0.8012768195648537,0.7987722688735962
0.8447103349813292,0.7978855296138643,0.8820651196093853,0.9118099810368915,0.8976429446297353,0.7922971968938262,0.8550819503589236,0.9292474535048213,0.8624827780153345,0.8394320790005466,0.8058351308654726,-0.27201960986232476,-0.24189388830019368,0.5136646224252652,0.6213846972239252,0.7846878528473659,0.6568246902190287,0.7383233094068935,0.7859609542318626
0.884403064640083,0.8090869492450259,0.8868611135935801,0.9611738689411388,0.9310310846970429,0.7969922601359082,0.8044428819586124,0.8899421175470645,0.827188282520685,0.8033714574935019,0.8648987132213157,-0.21986104451263244,-0.21763892497150358,0.6231841721797675,0.9086807503430367,0.6834289751571683,0.6585360585043293,0.7572603845217116,0.8557496350586266
0.7613488367881399,0.6835168639395913,0.7914248557999914,0.8949535470886234,0.8027149005749111,0.726899926328741,0.7422683737598932,0.8995657423431166,0.7510343485233526,0.7355728206531582,0.7263091517182688,-0.4508962394190765,-0.11663114048014736,0.5412150690962781,0.6881436819782291,0.7506248136704085,0.5860492772039865,0.641850780349494,0.8228012368024378
0.837414341048146,0.7374323790575217,0.8717693621559357,0.9704787073953969,0.8636924809977204,0.656374512393199,0.7806692699386846,0.8816685659152996,0.7364558146663907,0.7469747508593437,0.7292782754781133,-0.11912268510413924,-0.01316934566566199,0.6884775298668282,0.7969362573322747,0.8683815425468325,0.8588835407375578,0.49056762087582867,0.858103009492803
0.776281536878247,0.7173337747840471,0.7723865977797801,0.8414069558030526,0.8014832666389834,0.7853279993503645,0.8033846805484969,0.8175382702439168,0.7875095647252699,0.7827994115780574,0.8513439247638518,-0.5277856866220972,-0.3765147557977397,0.6855669087263168,0.7479431668611162,0.8261148745156697,0.8873693657709321,0.9495337288047997,0.7806189044289111
0.8400784282463987,0.7530515241099648,0.8642942666079085,0.9143388889747331,0.8835033669208249,0.6877063149079671,0.8459775847525663,0.8919952045202995,0.7650391213525178,0.8080887965335122,0.8770211049241333,-0.14278884185931218,0.0067734592736089965,0.6101910262696392,0.5645888428633208,0.8553308829707466,0.5805776383387276,0.5972506076552079,0.8155935583657747
0.7547621610447872,0.6880751563766854,0.7402890613181138,0.8839961325717206,0.7512313139806621,0.6871578813642276,0.7310834529180693,0.7850935463696804,0.7479020297714292,0.7251795058467119,0.7494312631124729,-0.44713635377099276,-0.43122342666842683,0.7875385711921633,0.6220598039823881,0.8663313115272919,0.7488170503283992,0.6470417015552434,0.7664099602432712
0.851202247915444,0.8543082056919816,0.9018949918242412,0.962888524915192,0.9257862655321465,0.7335091345646698,0.8629474111100897,0.8963152936707477,0.8172199400582374,0.7757255526058159,0.8148379508667637,-0.4189161675415002,-0.3542928473278688,0.5119732946128633,0.898634273996155,0.8466232026510895,0.6980235211705682,0.7120708404451056,0.7990984958403724
0.8017742889773394,0.8050314566896701,0.8728009171535107,0.9060861624989615,0.8689002827792696,0.7949388461599937,0.820087470718627,0.8624544493591747,0.8179618009616757,0.8257609801642696,0.7540901865785848,-0.2872202858964391,-0.27952509273723064,0.33495110256017974,0.9597664978284792,0.793263663255832,0.6467464783517672,0.6825801126976001,0.7443252999317783
0.8017588138991374,0.7963757390556319,0.8846563980067849,0.9148621599106289,0.9036732688046673,0.7835233069532043,0.856446869626277,0.8673138199373452,0.8294538498762725,0.8228110949010725,0.7700344093079531,-0.4063668861238778,-0.25552254994747087,0.2815917725837353,0.6029932101278159,0.7600562904150898,0.7634730019850225,0.8889873677394339,0.6829555709506441
0.7699379247226714,0.7180182960020975,0.8323097755103214,0.855866874344578,0.8621518451487663,0.6559134730956155,0.8181445109555157,0.8555402190710106,0.7886435169686511,0.7941199458086949,0.769852883482546,-0.20464928661042403,-0.39421905523712064,0.6511332100781989,0.6557212692094252,0.7236179581690406,0.6489633279145036,0.6922680371265999,0.7406981586171771
0.7825034356180437,0.7313276868016271,0.8210223534973411,0.8817515293680395,0.8196734815341978,0.691062713049346,0.7751806452442752,0.9360058417949437,0.7988833470028895,0.7999241710643806,0.7996773803835963,-0.4157525052216963,-0.5793591986574376,0.6223403018324639,0.6971307471590928,0.8331905481778225,0.7460375959533431,0.5195423670462864,0.7921342685799971
0.8122064289044125,0.771054000571285,0.8768480099096372,0.9190858501714984,0.8738991334834235,0.6698516449889017,0.7296147739712593,0.8820707112098228,0.7196565191739255,0.7008995041759992,0.6926472488958758,-0.35888733636384107,-0.3524941237361601,0.8827401406440746,0.793244476538113,0.794314999896201,0.7081485327815961,0.45853714650440663,0.6712242880168834
0.7121331624035153,0.7101982008003267,0.8041856193767066,0.8503593297803662,0.8379564425802529,0.6562144809326406,0.7694844201851625,0.8103462207124696,0.7868266236702892,0.7726977423945727,0.8574304884802589,-0.21202517307245736,-0.07083882973689584,0.7061935924077738,0.5323707061481331,0.6996343387377227,0.6835208134190599,0.9250831789697871,0.6687698402893344
0.8329807203636953,0.760420635166248,0.8846136509862466,0.9454950928492248,0.9230973133860568,0.7784214778837054,0.8569128315964303,0.9713622703663276,0.8588046085013004,0.8437746069117074,0.9745974631619833,-0.4860152456834004,-0.3391362098131194,0.6622140385276688,0.705440083550608,0.780291345321696,0.8498214440031587,0.8443240792512383,0.8559933789290706
0.8602880774157963,0.7970457123507539,0.879765145178649,0.9179303552112597,0.9133090634774382,0.7766751443089052,0.8627187293630513,0.9584554117812054,0.8072085293474524,0.7719316483180827,0.7955372988606717,-0.3663773055599579,-0.33810103398838115,0.4740653324084839,0.7462595894566693,0.7426223293117328,0.8519313601500127,0.9431970788726861,0.7247658738872916
0.835356936197416,0.7288940922875439,0.8112039306711333,0.8906864197713228,0.8234132114963266,0.6833398904694838,0.7780038249446831,0.8484558283102364,0.7268066425491517,0.7334592094557002,0.7908203454054631,-0.18452665419834716,-0.21122614394210426,0.636665976011786,0.7039245992404902,0.9915556544671712,0.6920479150789713,0.759086539251106,0.7534119221317889
0.8138012588474045,0.6939394121620687,0.7851512670659048,0.9712089120320851,0.8050227057330722,0.7536164027082529,0.7696228556216754,0.88958081092505,0.7347006141475165,0.708368983019302,0.7868078681024087,-0.10259223080999866,-0.022200614344968974,0.8440264575887357,0.7624497384049292,0.747973108002726,0.7444835827152566,0.7733818117608715,0.7222118996515999
0.8120027072395946,0.7843129731330694,0.8393720505270118,0.9072698436683447,0.8366430279803361,0.763739880885142,0.8629407405793503,0.9408254391508267,0.8176224641442302,0.8083005943618234,0.8416856188725819,-0.2112642114619986,-0.13430052768210723,0.4481251370403028,0.7132851301206359,0.7392937299791396,0.7344788698493786,0.5929363623853201,0.7634325290970624
0.7500587667944502,0.6662595212309536,0.8147895208103735,0.8911349087221194,0.8180782590390864,0.6497408261235029,0.7994516484475394,0.8705006905635235,0.7011792846986237,0.6713453699241789,0.7133167734280748,-0.2829266752049289,-0.22636972577814574,0.7330807251531387,0.7405046132428019,0.7212560615342417,0.8144139252543718,0.5932006412165174,0.7264507639206353
0.7909224770051025,0.7023115303373355,0.8269235791335091,0.9196374133690264,0.8590027847450186,0.7044783913319999,0.8379774378208851,0.8682549149933252,0.808733220645684,0.788484526376823,0.8968179205688377,-0.36877022721634706,-0.16525525467501093,0.6202574083986881,0.7742482365331831,0.784939881373678,0.8573656055124637,0.858836518092248,0.822035940271887
0.8109303224248232,0.7668375041591842,0.862250478976644,0.8706658244634108,0.8927247465857465,0.8451032594847911,0.8825517012054871,0.9045663519502225,0.8328520682352639,0.8501734557464843,0.8630508640447482,-0.27353747559134184,-0.17024770582219143,0.5552408515176674,0.9077299151636177,0.7524141169938814,0.7459897849511752,0.6361573571122825,0.7949227393975572
