rank_by,fill_vacancies,K,capital,cagr,vol,sharpe,maxdd,calmar,sharpe_is,sharpe_oos,maxdd_oos,invested,avg_positions,trades,signals,skipped_full,skipped_price
adx,False,10,500000,0.20000753411895777,0.17678985334751493,0.8073821501869526,-0.2646435728225115,0.7557619177590866,0.8743925361701682,0.7211780302658692,-0.26464357282251205,0.9271389675326764,9.254249635745508,536,2964,2417,5
rel_strength_126d,False,10,500000,0.21277050544958853,0.17864993839262466,0.8615779003350931,-0.27857482500474884,0.7637822457429937,0.9280605403585226,0.7748742577133501,-0.27857482500474817,0.9263487724092645,9.243807673627975,524,2964,2429,5
low_atr_pct,False,10,500000,0.1882415628663705,0.17279785734759762,0.7634184780188228,-0.2758819563841003,0.6823264751837873,0.815265674740229,0.6943406477832071,-0.2758819563841005,0.9235830244158312,9.218552695483245,536,2964,2404,18
adx,False,10,1000000,0.20030657559310283,0.17684464455467427,0.8086324557928011,-0.2647250753486453,0.7566588670502682,0.8749568064140452,0.7233392223368108,-0.2647250753486464,0.927325309788384,9.254249635745508,536,2964,2417,5
rel_strength_126d,False,10,1000000,0.21309839253548568,0.17869843080144723,0.8629443997001056,-0.27861683891463807,0.7648439102446863,0.9300436933769267,0.7753311606823681,-0.2786168389146372,0.9267455863982859,9.241136474016512,524,2964,2428,6
low_atr_pct,False,10,1000000,0.18775100844673975,0.17284365589866027,0.7608091204592285,-0.2759929653640758,0.6802746156919913,0.8076968744831662,0.6985478719765478,-0.27599296536407614,0.9230248681037899,9.216124332200097,537,2964,2414,7
adx,False,10,2500000,0.19946350312253935,0.17675121358326012,0.8048931515872825,-0.2648954768480336,0.7529894639800454,0.8759182978521163,0.7132415844783412,-0.26489547684803394,0.9280648892920573,9.248421563865953,534,2964,2423,1
rel_strength_126d,False,10,2500000,0.21340924226206393,0.1787282914304802,0.8643008848494703,-0.27842398983074135,0.7664901375481294,0.9323454958422187,0.7754063729749565,-0.27842398983074157,0.9270026933855849,9.241136474016512,524,2964,2428,6
low_atr_pct,False,10,2500000,0.18901864684039582,0.1729400116771503,0.7668120672754496,-0.2759245750706957,0.6850373758552193,0.8171572827736626,0.6998395070274274,-0.27592457507069557,0.924078981135902,9.221466731423021,536,2964,2416,6
adx,False,15,500000,0.192140067439186,0.16552748217908,0.809885277588676,-0.271740854938464,0.7070709609811756,0.9343892737061007,0.645659154753761,-0.271740854938464,0.9079414486730011,13.491500728508985,789,2964,2120,47
rel_strength_126d,False,15,500000,0.19144230398696438,0.16524943298144815,0.8073414002370034,-0.27466271966207934,0.697008695692295,0.9337147234777557,0.643309525019126,-0.27466271966207867,0.9079729369373122,13.463817387081107,787,2964,2140,31
low_atr_pct,False,15,500000,0.19356471449447032,0.16386723757195298,0.8238448053020381,-0.2696887813603278,0.7177336540219332,0.964436977040889,0.6331617724652637,-0.2696887813603279,0.9080568907508699,13.463331714424477,785,2964,2152,20
adx,False,15,1000000,0.1919180163163532,0.1655272851709709,0.8087302027250124,-0.2733530313914728,0.7020884873286978,0.9386316628808589,0.636994427216131,-0.27335303139147316,0.9075035145057001,13.493686255463818,789,2964,2114,53
rel_strength_126d,False,15,1000000,0.19101170681008406,0.1652935367081234,0.804926611831305,-0.27513621541832634,0.694244145648596,0.9319152294532277,0.6400463937092691,-0.2751362154183271,0.9082995576966175,13.458474987858184,791,2964,2128,39
low_atr_pct,False,15,1000000,0.1936189527869847,0.16374347978306114,0.8246261858862365,-0.2694453991271162,0.7185832581080412,0.9698087194434719,0.6273167444612718,-0.26944539912711585,0.9080568956076827,13.446090335114134,785,2964,2126,47
adx,False,15,2500000,0.19221407735028695,0.16549856729052068,0.8103814688501784,-0.2730957111914569,0.7038341119005455,0.9418632067629508,0.6366654948370736,-0.2730957111914565,0.9080714185246657,13.50461389023798,788,2964,2151,17
rel_strength_126d,False,15,2500000,0.19192759533137282,0.16530063755772692,0.8096707413776452,-0.2750318992248896,0.6978375812852037,0.9400886841318474,0.6402962163330786,-0.2750318992248899,0.9084597078427618,13.475230694511898,787,2964,2137,34
low_atr_pct,False,15,2500000,0.19342081867549954,0.1637068269084065,0.8237322693417632,-0.26946360559292193,0.7177994158057097,0.9668084949392076,0.6295479084406387,-0.26946360559292315,0.9079517921094986,13.468188440990772,784,2964,2146,28
adx,False,20,500000,0.19707713912671143,0.15563154630984774,0.8783815011956354,-0.28085543977438376,0.701703122734696,1.0056701599124782,0.7150379559889422,-0.28085543977438354,0.8885641306695675,17.485186983972802,1005,2964,1815,135
rel_strength_126d,False,20,500000,0.18761365979274447,0.15577862960391567,0.825414135320254,-0.2842117021078321,0.6601194053634091,0.9264252020436898,0.6978518503694316,-0.28421170210783175,0.8872113405609168,17.540553666828558,1012,2964,1885,59
low_atr_pct,False,20,500000,0.1813522752758625,0.1531939856456354,0.8012858618230909,-0.26344031113095856,0.6883998674967805,0.9368631373917946,0.625299248611835,-0.2634403111309589,0.8856271136545716,17.561923263720253,1008,2964,1896,53
adx,False,20,1000000,0.19698396033711552,0.15577028675785512,0.8772233201621115,-0.2809174483023389,0.7012165371981824,1.009316959300021,0.7075453815546349,-0.28091744830233845,0.8888892252328392,17.493200582807187,1008,2964,1855,93
rel_strength_126d,False,20,1000000,0.18768007078545512,0.15573513405687975,0.8259676519985688,-0.28493283415274473,0.658681795460768,0.9268921703445566,0.6986517227878398,-0.2849328341527442,0.887995418475058,17.544924720738223,1011,2964,1868,77
low_atr_pct,False,20,1000000,0.18199057700884413,0.15318684767109417,0.8049333453609989,-0.2643706671150977,0.688391715294238,0.9407141494675798,0.6285078194613221,-0.2643706671150977,0.8862444331778841,17.56677999028655,1005,2964,1879,73
adx,False,20,2500000,0.19747163105116683,0.15580295242832323,0.8797535845862425,-0.2805052750020872,0.7039854457271703,1.0072135394691633,0.7158909359369608,-0.28050527500208766,0.8891315862907341,17.513841670713937,1005,2964,1843,108
rel_strength_126d,False,20,2500000,0.18907186266387077,0.15580563666988428,0.833375828523695,-0.28393624403416884,0.665895484061971,0.938434562354111,0.7003951312445552,-0.2839362440341685,0.8871366036027444,17.546138902379795,1009,2964,1857,90
low_atr_pct,False,20,2500000,0.1828266459392074,0.1533392957019922,0.8090160329894854,-0.2604462765359944,0.7019745045728855,0.9438584347481226,0.6339852817706382,-0.26044627653599517,0.8866053800474815,17.580135988343855,1005,2964,1884,68
adx,True,10,500000,0.1920020475664368,0.1985124777425107,0.7052814982268538,-0.35099578756908933,0.5470209454540633,0.7302161512644052,0.6810635916119152,-0.35099578756908956,0.9885270004200113,9.95167557066537,534,2964,169360,0
rel_strength_126d,True,10,500000,0.23863585045883573,0.22182315029114058,0.831016717080703,-0.38232294362356056,0.6241735015877029,0.9288993565784932,0.7300717930708011,-0.38232294362356045,0.9847566107252761,9.95167557066537,510,2964,169582,0
low_atr_pct,True,10,500000,0.12842823815475568,0.16040996365383106,0.4792724148376778,-0.2473070305232976,0.5193068627406331,0.5340400537059317,0.41493584088960406,-0.24730703052329772,0.9903851228184859,9.95167557066537,630,2964,165584,0
adx,True,10,1000000,0.19279150661843514,0.19854681600421095,0.7086134300303621,-0.3505776325643051,0.5499252910354232,0.7338452603908792,0.6839745635711147,-0.35057763256430563,0.9889172068718345,9.95167557066537,534,2964,169360,0
rel_strength_126d,True,10,1000000,0.23857362648806135,0.2218722449530324,0.830653516058603,-0.3825237609904164,0.6236831559701163,0.9295490409979812,0.7285146796473719,-0.38252376099041674,0.9851502209814174,9.95167557066537,510,2964,169582,0
low_atr_pct,True,10,1000000,0.1280510053578876,0.16041851589964254,0.47711882294641506,-0.24965636511514988,0.5129090351805218,0.5341984681434038,0.40980585590325286,-0.2496563651151501,0.9909542534527811,9.95167557066537,630,2964,165584,0
adx,True,10,2500000,0.1931482639741502,0.1986783995451917,0.7098200880375808,-0.3505496699606667,0.5509868658436401,0.7356981170476636,0.6844666541472704,-0.35054966996066694,0.9891167028325929,9.95167557066537,534,2964,169360,0
rel_strength_126d,True,10,2500000,0.23876223648554418,0.2219186303074574,0.8312292866886806,-0.38257264290589565,0.6240964713838003,0.9305335172260779,0.7285681943591689,-0.38257264290589565,0.9850368482793872,9.95167557066537,510,2964,169582,0
low_atr_pct,True,10,2500000,0.1285528951450139,0.16060111027363794,0.4796042630121113,-0.250261953193456,0.5136733470854066,0.538538578143323,0.4099448849462094,-0.25026195319345634,0.9913711313666821,9.95167557066537,630,2964,165584,0
adx,True,15,500000,0.21674759068528093,0.18754822768836624,0.847566066699399,-0.3054176835488456,0.7096759695337562,0.8192291872005211,0.8887592590952739,-0.305417683548846,0.9839857016879796,14.84701311316173,795,2964,145400,0
rel_strength_126d,True,15,500000,0.23881185389649895,0.20496907829298547,0.8823812034493471,-0.3370918701633948,0.7084473849243007,0.9275587933877636,0.8388554329371324,-0.33709187016339515,0.9843940667727761,14.84701311316173,778,2964,145330,0
low_atr_pct,True,15,500000,0.13614798630471836,0.16031483216988168,0.5231141005879812,-0.2778352471916634,0.4900313681611364,0.6879139542550902,0.3191681928189048,-0.270501941484653,0.9829269466388408,14.84701311316173,948,2964,141018,0
adx,True,15,1000000,0.21656112906965053,0.18763399768061334,0.8464238596625596,-0.305741276480061,0.7083149895979898,0.8209244752767372,0.8841506849569025,-0.3057412764800611,0.9847428364683125,14.84701311316173,795,2964,145400,0
rel_strength_126d,True,15,1000000,0.23875668041186393,0.20485142090505765,0.8825469438051143,-0.33719237891559695,0.7080725880570018,0.9277319542284839,0.8391786432422431,-0.33719237891559684,0.9849651647763799,14.84701311316173,778,2964,145330,0
low_atr_pct,True,15,1000000,0.13734601058489915,0.1604815191131569,0.5294730398988821,-0.27237287208489747,0.5042573055590095,0.6979609223015947,0.32012399581998546,-0.27067545978727625,0.9840227191576306,14.84701311316173,948,2964,141018,0
adx,True,15,2500000,0.21662567395730536,0.187604633626543,0.8468158201678495,-0.30604066873629143,0.7078329649840328,0.8209792351260858,0.884940987810453,-0.30604066873629143,0.9849884228795678,14.84701311316173,795,2964,145400,0
rel_strength_126d,True,15,2500000,0.23861176303760967,0.20479151251186595,0.8821604751824998,-0.33726954472069726,0.707480905918176,0.9268689655987145,0.8395042864769945,-0.33726954472069726,0.9850963021837799,14.84701311316173,778,2964,145330,0
low_atr_pct,True,15,2500000,0.13765732999000435,0.16066563292104,0.5307947111493632,-0.270996122938147,0.5079678945127333,0.7015950284592755,0.318385819456363,-0.2709961229381471,0.9848147648449093,14.84701311316173,948,2964,141018,0
adx,True,20,500000,0.2149149590161059,0.1809720588704906,0.8630920431252361,-0.2951903180005516,0.7280555828247195,0.8330061524391575,0.9066217108440073,-0.2951903180005512,0.9768567873576317,19.587421078193298,1085,2964,122652,52
rel_strength_126d,True,20,500000,0.22828759341294935,0.19048412797391578,0.8883621916592932,-0.2933134418044665,0.7783059378681125,0.8903695671554928,0.8945820078090598,-0.2933134418044664,0.9764868717613974,19.599320058280718,1050,2964,123808,3
low_atr_pct,True,20,500000,0.13630114642431113,0.1549676093412394,0.5365577658987004,-0.2614484742262376,0.521330816053516,0.6155804141123351,0.44026211415991295,-0.2614484742262373,0.9767363214348659,19.589849441476446,1279,2964,117828,42
adx,True,20,1000000,0.2162864250057861,0.18104256078308445,0.8692276579349093,-0.298582768358887,0.7243767823393502,0.8454118016894386,0.9049137598638975,-0.298582768358887,0.9772014630069801,19.58135016998543,1086,2964,121378,77
rel_strength_126d,True,20,1000000,0.22675849862523378,0.19080256292809578,0.8804939099018451,-0.2931234917758796,0.7735937411615303,0.8781784278552167,0.8913360975801002,-0.2931234917758795,0.977148568984006,19.595677513355998,1050,2964,123662,18
low_atr_pct,True,20,1000000,0.13758157255555603,0.15537452995929,0.5429994813378507,-0.2616095055645189,0.5259043330962806,0.6330488726471158,0.4323410606527307,-0.2616095055645189,0.9780762153411128,19.595920349684313,1280,2964,118548,17
adx,True,20,2500000,0.21741634693023326,0.18074734799871317,0.8756204862203982,-0.2976033395908806,0.7305574837604931,0.8493499198115128,0.9143913615614125,-0.29760333959088114,0.9776358527998095,19.595434677027683,1086,2964,123666,19
rel_strength_126d,True,20,2500000,0.22565400739395836,0.19022730948069871,0.8777128497149334,-0.29291799350258707,0.7703658102245103,0.8736681348145998,0.891052095635562,-0.29291799350258707,0.9771515791533948,19.59276347741622,1049,2964,123396,30
low_atr_pct,True,20,2500000,0.1381953320252194,0.1556275233647964,0.5459251060796071,-0.2612359008939831,0.5290058967863799,0.6368324797204028,0.4336392457953336,-0.26123590089398296,0.978153739861238,19.595920349684313,1281,2964,118554,17
