fill_vacancies,K,seed,sharpe,cagr,maxdd
False,10,0,0.800119243079578,0.19847853032691942,-0.27811188226468186
False,10,1,0.6408847406795166,0.1649832611257982,-0.2617667881803679
False,10,2,0.8278554774277624,0.20379827066026834,-0.2652138766949187
False,10,3,0.7785730426305463,0.19459247824585524,-0.2742358159847669
False,10,4,0.7305458522324442,0.18396762843219516,-0.2696100672260534
False,10,5,0.7906107877164789,0.1954284859588098,-0.26366199244039634
False,10,6,0.8389746781523385,0.20577215781916847,-0.2804976617202162
False,10,7,0.7548283177381943,0.18886456702646393,-0.257561142344378
False,10,8,0.8298374718898079,0.20524613196467634,-0.2819667681336596
False,10,9,0.713393826157011,0.17971489809011043,-0.2772095859884791
False,10,10,0.7053036008669997,0.17778670530933227,-0.29897339038197956
False,10,11,0.7891886717396897,0.19686353724362626,-0.27758755858100315
False,10,12,0.7055718709974997,0.17827868900575883,-0.3028293796932565
False,10,13,0.6870952747708418,0.1747301254386988,-0.2727999366926872
False,10,14,0.7433229504719254,0.18543686181199903,-0.25487371728933816
False,10,15,0.7814688023224726,0.19083884515759597,-0.2684827676958337
False,10,16,0.7899756286138016,0.19418643427524973,-0.2740427304946995
False,10,17,0.7294423693601944,0.1834274747654958,-0.2495509278396567
False,10,18,0.7904920611120256,0.1935739724832759,-0.26310933680951765
False,10,19,0.8737713570282366,0.2119195042239972,-0.2636571813129479
False,10,20,0.7748099135842015,0.19169108829986392,-0.2772980902778972
False,10,21,0.7977800383989312,0.19758741872609775,-0.24518393305646158
False,10,22,0.7470546467431152,0.1863766198349437,-0.27630461432306364
False,10,23,0.8005834952904749,0.19875965642011773,-0.2692369999999916
False,10,24,0.7187096611275804,0.18043617388927347,-0.2816740565494288
False,10,25,0.667362055102529,0.17023748212600665,-0.2467561517683997
False,10,26,0.7234332059287254,0.182771858879484,-0.24753754831378494
False,10,27,0.8393741979241802,0.20673365918813658,-0.2801109610195591
False,10,28,0.7705504903121323,0.19119083272313864,-0.27767005523221766
False,10,29,0.7824738661042613,0.1916283275890056,-0.257302922708337
False,15,0,0.7453236400991364,0.1799293513900706,-0.2708485019138762
False,15,1,0.8172224170789153,0.1933953321293247,-0.2760238833168456
False,15,2,0.8060827857686715,0.1914710431402038,-0.26804701153902133
False,15,3,0.8533776093265524,0.20039705092622473,-0.2654956557800531
False,15,4,0.8270195264279114,0.1952046059544219,-0.2733258247312772
False,15,5,0.8191937442830947,0.19362243997835038,-0.2755789744418716
False,15,6,0.8492850221395659,0.200018074680415,-0.2706820860030812
False,15,7,0.8214458761719665,0.19505606708562473,-0.2628476887555604
False,15,8,0.8687646558327896,0.20329511444602066,-0.26985285962522454
False,15,9,0.8320272707077123,0.1962893878310641,-0.2754349868231242
False,15,10,0.8469332614852975,0.1998243184925299,-0.2758050768881327
False,15,11,0.8433385045406299,0.19931327368719232,-0.2662836490522146
False,15,12,0.792304503838509,0.18790072708914463,-0.26630626569873284
False,15,13,0.8142076403411967,0.1919761698392517,-0.2683838829979597
False,15,14,0.7995729466421554,0.189483512454111,-0.2704170771307858
False,15,15,0.7238820172775645,0.17489871717526806,-0.2521859341462056
False,15,16,0.867224543408466,0.2024216489755688,-0.2781689904994121
False,15,17,0.8570660972464471,0.20223520817719653,-0.2758749805188313
False,15,18,0.8185757501857166,0.19406042025716808,-0.27405363043659814
False,15,19,0.8761090637139038,0.20465074157822394,-0.2685937746786048
False,15,20,0.8428439183704203,0.19783610715348243,-0.2675249259300442
False,15,21,0.7856174131365056,0.18721573599167707,-0.2691597905355152
False,15,22,0.8221666407492083,0.19505248541372544,-0.27551058086279334
False,15,23,0.8265496403577074,0.19427878314270575,-0.2704646832382466
False,15,24,0.8161560097025822,0.19430885755483995,-0.27280002274142523
False,15,25,0.8409244865188671,0.19902216928511218,-0.27342505128243677
False,15,26,0.7917861353630229,0.18857928663908297,-0.2757757304436317
False,15,27,0.7784247142220058,0.18548839607945156,-0.2590314953309003
False,15,28,0.8489554531637653,0.20138894825121723,-0.2679165466982655
False,15,29,0.7828232947491974,0.1881130625593912,-0.27886407613966946
False,20,0,0.8361209284031667,0.18934177350551717,-0.27309858011271326
False,20,1,0.8698320333402001,0.19606038367688905,-0.2810775590842838
False,20,2,0.8418884352570286,0.1902432838983965,-0.2764840355580943
False,20,3,0.8165399552726881,0.18482373387271345,-0.2595462293578509
False,20,4,0.812473226579426,0.18425313876650473,-0.2757160901757685
False,20,5,0.8281668493945966,0.1876270680218619,-0.2685948644043292
False,20,6,0.7750617671772629,0.17757206932578207,-0.26191821545126526
False,20,7,0.8617142576528443,0.19332013265463543,-0.2705308985919497
False,20,8,0.8086880071865592,0.18432990623109768,-0.2588815997183991
False,20,9,0.8314215101054409,0.18806099691584843,-0.27204265002227035
False,20,10,0.8846913640687141,0.19878069482556837,-0.2728226563426924
False,20,11,0.8363943122104055,0.1892520739762844,-0.2755567807477656
False,20,12,0.8783882929023202,0.19815352004750264,-0.2755776765735426
False,20,13,0.8292037971602662,0.18789411007589196,-0.2780724691255816
False,20,14,0.8182037569114875,0.18574139162937753,-0.2734134016807349
False,20,15,0.7973955122548174,0.18262433349459695,-0.28286510051345515
False,20,16,0.8448711948837208,0.19070682640585268,-0.2716561598481939
False,20,17,0.8786815156256064,0.19779319769332315,-0.2779517549404087
False,20,18,0.9027160979589547,0.20130482049007248,-0.2712197464323721
False,20,19,0.8865122773855657,0.198590801639414,-0.27807243618799693
False,20,20,0.8582981229454032,0.19275798524192944,-0.27452480561323156
False,20,21,0.7934794030987604,0.18106167853393362,-0.2693451722265193
False,20,22,0.8269460526053063,0.18730924596650067,-0.25697546579611763
False,20,23,0.9237715554247443,0.2063532304400515,-0.27614952459061004
False,20,24,0.891658951615976,0.19966616876920407,-0.2656753811953463
False,20,25,0.8584142533074599,0.19331048013735352,-0.2677572114553043
False,20,26,0.8615798061607082,0.19407947575085793,-0.2681134418336052
False,20,27,0.8204156483133448,0.18574901095819163,-0.27508971056405795
False,20,28,0.8544179472983375,0.19291293230627282,-0.2707731878633799
False,20,29,0.8384467346778423,0.19007678190417243,-0.26823384878219614
True,10,0,0.7639685096949883,0.20422992761098024,-0.33072540328943967
True,10,1,0.6515067857617598,0.17649483358668916,-0.317532628250908
True,10,2,0.8420712455210918,0.22374565237427424,-0.29141914119927836
True,10,3,0.7819143207471309,0.2092759466274572,-0.3262751268080327
True,10,4,0.6446067552392533,0.1775334693310362,-0.3376181414105194
True,10,5,0.6787247442469742,0.18211205535091257,-0.33602261549951395
True,10,6,0.6065307248216051,0.16937579072623632,-0.3324552070155047
True,10,7,0.7139082279680045,0.19428257465004295,-0.3075320324855205
True,10,8,0.7157346925133553,0.19262830269424303,-0.31627078559758315
True,10,9,0.7118179232391753,0.19374387138243043,-0.3374685870789953
True,10,10,0.7252823422051708,0.19696353843970105,-0.3415949792130637
True,10,11,0.662667871386938,0.17957167699674947,-0.40178798198982313
True,10,12,0.6899319107590351,0.19103430322178472,-0.3164091284562969
True,10,13,0.7072278689108262,0.19063995168131664,-0.3706215860409834
True,10,14,0.6305304079557826,0.17309536489820387,-0.3242674804856378
True,10,15,0.5252953233896452,0.1477649299026944,-0.34747720876573573
True,10,16,0.7387617624101529,0.20032239595390977,-0.2937178724506
True,10,17,0.5147534621293385,0.14635489211820518,-0.4032931485016823
True,10,18,0.6787996480090813,0.18336245001694862,-0.3745523651729049
True,10,19,0.7666398648992873,0.20405301100606588,-0.3130359943799449
True,10,20,0.6519383593766017,0.18007199317061495,-0.388648542385327
True,10,21,0.6687810137992568,0.1808749491545789,-0.32978054521249145
True,10,22,0.6742877353232128,0.1833189684777463,-0.32545351924845256
True,10,23,0.6468085521457203,0.17718566296230964,-0.37819811535023007
True,10,24,0.6775845101539398,0.18287506915778762,-0.3050265035409727
True,10,25,0.6826045856102727,0.18556429015322906,-0.34921534498175266
True,10,26,0.7178874345896042,0.19338363514321655,-0.33999283272971315
True,10,27,0.5642848344661177,0.15547894218833003,-0.3188319353287129
True,10,28,0.6350164302328292,0.1759837940901965,-0.37967692615730864
True,10,29,0.7368798986296339,0.2002358558905013,-0.32338534791722784
True,15,0,0.6149539341384387,0.16574897104341924,-0.32192465106700296
True,15,1,0.7304930957527163,0.1907697795604133,-0.35620984878740203
True,15,2,0.8883207397576082,0.22724570470997185,-0.30118742071043625
True,15,3,0.6738188614385245,0.17696566726723306,-0.28950828140270224
True,15,4,0.7388607388420145,0.19528932755531514,-0.3088388469224952
True,15,5,0.6600856219882817,0.1728278490465205,-0.2900162750798435
True,15,6,0.8154872182905716,0.20834002040539112,-0.29876967963418155
True,15,7,0.6723621195716551,0.17826703335209126,-0.29944949428996626
True,15,8,0.7115091022800542,0.18753196192631938,-0.3077576366968743
True,15,9,0.7735971786487948,0.20032698410777328,-0.31715891904958693
True,15,10,0.8448402819835736,0.21413499479201792,-0.29924820091557847
True,15,11,0.6924036609007496,0.17882166853252635,-0.29691324117634377
True,15,12,0.8672634608446346,0.221467021351323,-0.3089527855948928
True,15,13,0.7109304998020369,0.18513569979354094,-0.3038742190567344
True,15,14,0.8254561872561994,0.21118394587492806,-0.3009539047409977
True,15,15,0.7742361598098461,0.19952576760092056,-0.2857368408749872
True,15,16,0.8327852139010773,0.21153313954487585,-0.3216450612448838
True,15,17,0.7459981877460936,0.1923088384739695,-0.302085871723198
True,15,18,0.7898171363688407,0.20532590642426984,-0.3284056288612427
True,15,19,0.6023489757787132,0.16143783294585012,-0.3088283137893788
True,15,20,0.7081114951786758,0.18544267617617827,-0.31314783963427706
True,15,21,0.7700484375304375,0.2009925810029951,-0.3075714947030632
True,15,22,0.8984115071293975,0.23135602737336725,-0.31593106262085446
True,15,23,0.6235313017119503,0.16653198745125097,-0.3291255875958321
True,15,24,0.707019525829395,0.18504122127996947,-0.3258593075664533
True,15,25,0.7839422843089141,0.2022174581516063,-0.35094724425220003
True,15,26,0.8559580151809161,0.22021305019180493,-0.30717381748478423
True,15,27,0.6403017138185371,0.17091414265491234,-0.34399251130496955
True,15,28,0.7107712611214678,0.18670233396767855,-0.31005555360749526
True,15,29,0.6706689896187755,0.1775618168611539,-0.32826105981270726
True,20,0,0.7685146102292093,0.19337865362141504,-0.2921157966275556
True,20,1,0.7079336535715488,0.18071767756911683,-0.2753836826081434
True,20,2,0.7600515998183617,0.1916726725681681,-0.3302016969829441
True,20,3,0.7638707193321326,0.19207574906495117,-0.292064489969067
True,20,4,0.7814378073803552,0.19495220432404992,-0.2941715638817515
True,20,5,0.7279973379432113,0.1848932288579479,-0.3121744574647233
True,20,6,0.7608987791981646,0.19102154358639978,-0.28063567580529036
True,20,7,0.6724419296219262,0.17368073132341388,-0.3345732222914053
True,20,8,0.6525473588113757,0.16790448015390846,-0.2922911425424032
True,20,9,0.7993283417727044,0.19755249225199267,-0.2879866842374036
True,20,10,0.7303832848955466,0.185076918898186,-0.29478207291119596
True,20,11,0.7486739631861384,0.18769414688572605,-0.29450111360148823
True,20,12,0.8197360805320167,0.2037011620457161,-0.2729725768086182
True,20,13,0.8006486809313804,0.200439365528561,-0.28951464527589643
True,20,14,0.6523737605195218,0.16759920494440794,-0.30161561474618204
True,20,15,0.7396233863712275,0.18618742693582857,-0.2857568532149163
True,20,16,0.7442373721192165,0.18804514157900387,-0.3015568936522106
True,20,17,0.745445145841576,0.18693033292670092,-0.3018675737814489
True,20,18,0.7628548683061166,0.19086032576685996,-0.2744168078678877
True,20,19,0.6292081844128172,0.1641457745199919,-0.3144295027267848
True,20,20,0.6695480526203668,0.17224151748945182,-0.2773721574212312
True,20,21,0.7515236160210991,0.19040223290000835,-0.3103152849233304
True,20,22,0.8685148396583298,0.21483024911117954,-0.29769805885267
True,20,23,0.6948594014442825,0.1769343302466857,-0.28698868310373604
True,20,24,0.7859930627919385,0.19518064826636272,-0.27523141744514246
True,20,25,0.6735910076124442,0.1721182993406114,-0.28922033183935814
True,20,26,0.7105942850966311,0.18119709724515576,-0.3125942752538442
True,20,27,0.734478227768369,0.18442809653972603,-0.3163226066218473
True,20,28,0.8501801527077135,0.20947395102869049,-0.265537890843508
True,20,29,0.710708328691263,0.17938392854661767,-0.2790329562139212
