,momentum_12_1_rank,momentum_12_1_pct,lowvol_rank,ann_vol_pct
VEDL,1,71.6,97,36.2
SHRIRAMFIN,2,71.5,96,36.1
DIVISLAB,3,64.2,37,24.3
AUROPHARMA,4,52.4,52,25.9
TITAN,5,47.3,34,23.8
ABB,6,45.0,86,30.7
ADANIPOWER,7,39.4,94,35.6
TORNTPHARM,8,38.2,19,22.2
INDUSINDBK,9,38.2,77,29.2
BAJAJ-AUTO,10,37.3,35,23.9
HINDALCO,11,34.2,74,28.9
CUMMINSIND,12,27.6,73,28.6
SIEMENS,13,27.1,87,30.9
BOSCHLTD,14,26.1,76,29.2
COFORGE,15,25.5,102,38.7
ADANIPORTS,16,23.0,81,29.5
NESTLEIND,17,22.5,8,20.8
ASHOKLEY,18,22.2,98,36.8
GRASIM,19,20.6,28,23.4
TVSMOTOR,20,20.6,60,27.2
SUNPHARMA,21,20.3,4,19.6
APOLLOHOSP,22,18.0,6,19.6
ADANIENT,23,17.6,99,36.8
SBIN,24,17.6,29,23.4
ZYDUSLIFE,25,16.7,30,23.6
JSWSTEEL,26,16.7,41,24.4
CHOLAFIN,27,16.2,90,33.3
MARICO,28,15.9,1,18.5
BIOCON,29,15.2,50,25.3
COALINDIA,30,15.2,27,23.3
TECHM,31,14.9,62,27.5
PERSISTENT,32,14.6,92,34.5
POLYCAB,33,14.0,84,30.6
TATASTEEL,34,12.1,53,26.2
AXISBANK,35,11.9,45,24.8
UNITDSPR,36,11.4,36,24.2
EICHERMOT,37,11.0,59,26.7
JINDALSTEL,38,10.2,70,28.3
LUPIN,39,9.7,7,19.9
LT,40,9.5,49,25.2
PNB,41,8.6,61,27.3
PIDILITIND,42,8.1,22,22.7
ASIANPAINT,43,7.9,38,24.3
BAJFINANCE,44,7.6,85,30.7
ICICIBANK,45,6.8,5,19.6
CANBK,46,6.3,69,28.3
KOTAKBANK,47,6.2,16,21.7
LODHA,48,4.2,101,38.0
HAL,49,3.5,65,28.0
GAIL,50,3.1,47,25.2
HEROMOTOCO,51,2.9,58,26.6
ONGC,52,2.6,33,23.8
BEL,53,1.6,48,25.2
NTPC,54,0.0,2,19.3
NAUKRI,55,-0.3,88,31.3
BHARTIARTL,56,-1.3,11,21.0
POWERGRID,57,-1.9,9,20.8
BPCL,58,-2.9,79,29.5
SBILIFE,59,-3.0,13,21.3
GODREJPROP,60,-3.3,95,35.7
HCLTECH,61,-3.4,75,28.9
BANKBARODA,62,-3.7,63,27.6
RELIANCE,63,-4.2,12,21.1
BAJAJFINSV,64,-4.2,43,24.5
IOC,65,-4.7,55,26.4
TATAPOWER,66,-5.2,14,21.6
MUTHOOTFIN,67,-5.2,100,37.1
ULTRACEMCO,68,-5.3,26,23.3
CIPLA,69,-5.4,10,21.0
BERGEPAINT,70,-5.5,67,28.3
DLF,71,-5.7,83,30.4
M&M,72,-6.6,57,26.5
DRREDDY,73,-6.7,31,23.6
SRF,74,-8.7,80,29.5
PFC,75,-8.9,68,28.3
TATACONSUM,76,-8.9,25,22.9
MPHASIS,77,-9.2,78,29.3
RECLTD,78,-10.6,66,28.1
BAJAJHLDNG,79,-11.0,72,28.5
TRENT,80,-11.0,93,35.0
PAGEIND,81,-11.4,42,24.5
MRF,82,-11.5,23,22.7
INDIGO,83,-12.4,91,34.1
BRITANNIA,84,-13.5,3,19.4
VOLTAS,85,-14.8,89,31.3
COLPAL,86,-16.4,44,24.6
TCS,87,-18.4,71,28.3
MARUTI,88,-19.4,32,23.7
ICICIPRULI,89,-19.8,56,26.5
HINDUNILVR,90,-20.1,18,21.9
ICICIGI,91,-21.0,51,25.8
SHREECEM,92,-21.0,21,22.5
INFY,93,-21.8,82,30.2
DABUR,94,-22.4,24,22.8
HAVELLS,95,-23.0,40,24.4
HDFCBANK,96,-24.0,17,21.8
WIPRO,97,-25.2,46,25.1
GODREJCP,98,-25.4,54,26.4
AMBUJACEM,99,-28.7,64,27.8
HDFCLIFE,100,-29.3,39,24.3
IRCTC,101,-31.3,20,22.2
ITC,102,-32.1,15,21.6
