period,pullback,target,stop,sessions,trades,setup_sessions,und_mean,und_win,und_ci_lo,opt_mean,opt_win,opt_ci_lo,opt_pnl_sum_rs
6M,0.0,0.02,0.01,127,103,93,-0.0024873780627406527,0.3592233009708738,-0.004571625820219956,-0.04313415124933261,0.2912621359223301,-0.0705605629059601,-258421.47339574643
1Y,0.0,0.02,0.01,248,185,168,-0.0014532396923686802,0.372972972972973,-0.0031438491130531656,-0.03859463722965724,0.31891891891891894,-0.057147491935111774,-401488.6546952124
6M,0.0,0.02,0.015,127,103,93,-0.0023511197929736846,0.4368932038834951,-0.004857710309439219,-0.04065893416449586,0.36893203883495146,-0.07201205890611523,-244616.91139086874
1Y,0.0,0.02,0.015,248,185,168,-0.0010501993344476798,0.4540540540540541,-0.0030182578524084206,-0.03466142480261083,0.4,-0.055930087963571726,-354766.79766221717
6M,0.0,0.02,,127,103,93,-0.00294294905275118,0.47572815533980584,-0.005877108474367871,-0.045087415005884895,0.3883495145631068,-0.07952742930094205,-268910.6729783556
1Y,0.0,0.02,,248,185,168,-0.0007413512138794436,0.5135135135135135,-0.0030938972094942726,-0.03060788523144194,0.4486486486486487,-0.05400048927962416,-304188.40148228325
6M,0.0,0.03,0.01,127,103,93,-0.001955086906296008,0.3592233009708738,-0.004267933334764432,-0.03637683970806756,0.2912621359223301,-0.06672296993462992,-218804.38276351336
1Y,0.0,0.03,0.01,248,185,168,-0.0006446609819686628,0.3621621621621622,-0.002608714191155991,-0.029227398207596386,0.3081081081081081,-0.050830430935309645,-290025.79422376456
6M,0.0,0.03,0.015,127,103,93,-0.00154182983819244,0.4368932038834951,-0.004301846109498057,-0.031163004278750073,0.36893203883495146,-0.06563910355955649,-186215.80973042146
1Y,0.0,0.03,0.015,248,185,168,-0.00010655500480986819,0.44324324324324327,-0.002385870054482247,-0.02423742544386959,0.3891891891891892,-0.04893781846546116,-218500.80890843863
6M,0.0,0.03,,127,103,93,-0.0020365717193291583,0.47572815533980584,-0.005340922005282376,-0.034800767086617904,0.3883495145631068,-0.07289344365175311,-203240.25227850417
1Y,0.0,0.03,,248,185,168,0.0003642422978554207,0.5081081081081081,-0.002261983136627785,-0.0177148930923054,0.44324324324324327,-0.04385839491400309,-165902.63287025163
6M,0.01,0.02,0.01,127,62,59,-0.0001536103323070468,0.3870967741935484,-0.0029170395177549086,-0.022699209900513936,0.3387096774193548,-0.05709831967151713,-64496.2255819743
1Y,0.01,0.02,0.01,248,117,109,0.00046972702859896605,0.4358974358974359,-0.0017678427971578987,-0.01805365214542663,0.358974358974359,-0.04178548526252146,-161003.491420357
6M,0.01,0.02,0.015,127,62,59,-0.0005951530780085249,0.4032258064516129,-0.0037130646273977022,-0.025064235481003096,0.3548387096774194,-0.06247461808695807,-79801.89846549697
1Y,0.01,0.02,0.015,248,117,109,-0.00015954236675226784,0.46153846153846156,-0.0027173840270097666,-0.02352389683532384,0.38461538461538464,-0.04994924460038724,-210704.37393317287
6M,0.01,0.02,,127,62,59,-0.0019128991855666124,0.4032258064516129,-0.005634973434943502,-0.036026497970014414,0.3548387096774194,-0.07884218946940236,-118922.65593207376
1Y,0.01,0.02,,248,117,109,-0.00011800441018979537,0.5128205128205128,-0.0030025878803669487,-0.021079485337362543,0.4358974358974359,-0.050011941971714435,-193813.0230322615
6M,0.01,0.03,0.01,127,62,59,-0.0005375393100023758,0.3548387096774194,-0.0035567748181794955,-0.02498943326488155,0.3064516129032258,-0.06392679053680908,-75483.11252707068
1Y,0.01,0.03,0.01,248,117,109,0.0005175651276545037,0.4017094017094017,-0.0021070864219816954,-0.017036925049658206,0.3162393162393162,-0.04551382707279524,-144805.2895365349
6M,0.01,0.03,0.015,127,62,59,-0.0003858908946915179,0.4032258064516129,-0.0037025775943002655,-0.02233523716650872,0.3387096774193548,-0.06416328422131912,-70871.37415224538
1Y,0.01,0.03,0.015,248,117,109,0.0006474145407532765,0.46153846153846156,-0.0022565901546845227,-0.01558265209128152,0.36752136752136755,-0.045447937963745626,-145791.16130672957
6M,0.01,0.03,,127,62,59,-0.0017036370022496053,0.4032258064516129,-0.005615936734982498,-0.033297499655520035,0.3387096774193548,-0.07996171316189474,-109992.13161882218
1Y,0.01,0.03,,248,117,109,0.00035193153927215735,0.5042735042735043,-0.0027738583629180395,-0.016434708817430647,0.41025641025641024,-0.04834884732556966,-157042.4754010278
6M,0.02,0.02,0.01,127,27,27,-0.0014781699902980312,0.4074074074074074,-0.005568379680960042,-0.029804035142231903,0.37037037037037035,-0.08241430721615774,-53710.70029279405
1Y,0.02,0.02,0.01,248,59,55,-0.0011479504331334098,0.3898305084745763,-0.00419781814261099,-0.03128378832382345,0.3559322033898305,-0.06175564997618476,-160105.1580043366
6M,0.02,0.02,0.015,127,27,27,-0.0019108040846907528,0.4444444444444444,-0.006487315989295195,-0.029752927866503905,0.4074074074074074,-0.0857209203138473,-56191.12497349134
1Y,0.02,0.02,0.015,248,59,55,0.0005745722352050712,0.4915254237288136,-0.00292177172449552,-0.011847841718372163,0.4576271186440678,-0.04557902050192021,-91112.09964033996
6M,0.02,0.02,,127,27,27,-0.0019162182700711366,0.4444444444444444,-0.006921535910753604,-0.028628597734336854,0.4074074074074074,-0.08608887189575908,-53853.903732713814
1Y,0.02,0.02,,248,59,55,0.0002708525816937999,0.5254237288135594,-0.0034907675586386172,-0.01215226154445035,0.4915254237288136,-0.048033910360860105,-94918.78028814464
6M,0.02,0.03,0.01,127,27,27,-0.00278236007301133,0.37037037037037035,-0.0065172320097617005,-0.048292841920850337,0.3333333333333333,-0.09340526826629188,-77714.1831714812
1Y,0.02,0.03,0.01,248,59,55,-0.0016463087704135092,0.3559322033898305,-0.0047551018040697815,-0.040820504958952744,0.3220338983050847,-0.07059913398696195,-185124.92171626125
6M,0.02,0.03,0.015,127,27,27,-0.0034001793525892366,0.4074074074074074,-0.007809988587782625,-0.05042607596324061,0.37037037037037035,-0.10275329689017043,-83083.14368374637
1Y,0.02,0.03,0.015,248,59,55,5.206485029036685e-05,0.4576271186440678,-0.0036252004577029115,-0.02121214986478866,0.423728813559322,-0.0560337361915418,-117446.083214868
6M,0.02,0.03,,127,27,27,-0.0037336470994840695,0.4074074074074074,-0.008577397066342446,-0.0529558411068644,0.37037037037037035,-0.10938070699130036,-85578.03592657842
1Y,0.02,0.03,,248,59,55,-0.0005315679014414876,0.4915254237288136,-0.004354481156962852,-0.024213548163179152,0.4576271186440678,-0.06100436045282814,-132093.172637921
