n,mean,median,win,pf,ci_lo,ci_hi,sum,worst,best,period,metric,spec,sessions
62,-0.0001536103323070468,-0.0028730716232605027,0.3870967741935484,0.9697140425162528,-0.0029170395177549086,0.0028866280771648227,-0.009523840603036902,-0.01100000000000001,0.03904127945639424,6M,underlying_net,primary,
62,-0.022699209900513936,-0.05891611508585179,0.3387096774193548,0.6841521208140917,-0.05709831967151713,0.01570094497221304,-1.4073510138318641,-0.24378640956105696,0.5526498397754775,6M,option_return_on_premium,primary,
62,-1040.2617029350693,-3132.271850610199,0.3387096774193548,0.7267647179797129,-2848.1608536066133,977.2325063209523,-64496.2255819743,-10225.069891417274,31434.403757174172,6M,option_pnl_rs_per_lot,primary,
117,0.00046972702859896605,-0.0024483507735312262,0.4358974358974359,1.0909521568189244,-0.0017678427971578987,0.0027363488411266726,0.05495806234607903,-0.01100000000000012,0.03904127945639424,1Y,underlying_net,primary,
117,-0.01805365214542663,-0.05544284275356601,0.358974358974359,0.7221996228653572,-0.04178548526252146,0.007036564925488408,-2.1122773010149154,-0.24378640956105696,0.5526498397754775,1Y,option_return_on_premium,primary,
117,-1376.0982172680085,-2279.0817912984307,0.358974358974359,0.678294972643404,-2883.29232707444,170.6716550519772,-161003.491420357,-17388.621391505425,31434.403757174172,1Y,option_pnl_rs_per_lot,primary,
202,0.0004289438353468046,-0.0007692622709126731,0.4752475247524752,1.094931808549169,-0.0011368648545087843,0.0020340111537996497,0.08664665474005452,-0.01100000000000012,0.03904127945639424,2Y,underlying_net,primary,
202,-0.00824344237686083,-0.030669628845613972,0.4207920792079208,0.878438788011206,-0.030482052225918987,0.014562305975443007,-1.6651753601258878,-0.36028984091247424,0.5818348325811209,2Y,option_return_on_premium,primary,
202,-822.6688097985042,-977.2673424338515,0.4207920792079208,0.7215423449467929,-1781.7777953338868,127.01349411507798,-166179.09957929785,-17388.621391505425,31434.403757174172,2Y,option_pnl_rs_per_lot,primary,
117,0.00046972702859896605,-0.0024483507735312262,0.4358974358974359,1.0909521568189244,-0.0017678427971578987,0.0027363488411266726,0.05495806234607903,-0.01100000000000012,0.03904127945639424,1Y,underlying_net,conservative(primary),248.0
117,-0.01805365214542663,-0.05544284275356601,0.358974358974359,0.7221996228653572,-0.04178548526252146,0.007036564925488408,-2.1122773010149154,-0.24378640956105696,0.5526498397754775,1Y,option_return_on_premium,conservative(primary),248.0
117,0.002218836321486068,6.0249780178046365e-05,0.5042735042735043,1.5028622266001166,-7.966196405992537e-06,0.004385747788298138,0.25960384961386995,-0.01100000000000012,0.019000000000000017,1Y,underlying_net,optimistic_intrabar,248.0
117,-0.0020980118787138195,-0.02566553355870053,0.42735042735042733,0.9631171170180888,-0.02553779833216047,0.021907942056064843,-0.24546738980951688,-0.24378640956105696,0.35628422524120373,1Y,option_return_on_premium,optimistic_intrabar,248.0
117,7.526075167622988e-05,-0.01100000000000001,0.37606837606837606,1.0101068332513128,-0.0027213944233236737,0.0028270194658644586,0.008805507946118896,-0.033560335416810694,0.03904127945639424,1Y,underlying_net,carry_overnight,248.0
117,-0.023856579495240327,-0.0991718236346674,0.37606837606837606,0.746816715206556,-0.055595623760417406,0.007290780628075971,-2.7912198009431184,-0.3667149428760245,0.5526498397754775,1Y,option_return_on_premium,carry_overnight,248.0
117,-0.00011800441018979537,0.00014671199479032813,0.5128205128205128,0.982380396876542,-0.0030025878803669487,0.0027720997200546996,-0.013806515992206059,-0.06585194754396806,0.03904127945639424,1Y,underlying_net,no_stop,248.0
117,-0.021079485337362543,-0.023595555460052726,0.4358974358974359,0.7162351176079681,-0.050011941971714435,0.007786056742712563,-2.4662997844714174,-0.5144853592755794,0.5526498397754775,1Y,option_return_on_premium,no_stop,248.0
241,-0.003522058545275015,-0.01100000000000001,0.2821576763485477,0.5451708245098472,-0.00500985701748857,-0.001941592506029011,-0.8488161094112786,-0.01100000000000012,0.0316866314499592,1Y,underlying_net,enter_on_break(no pullback),248.0
241,-0.05448224117708087,-0.10736926905711747,0.26141078838174275,0.4242558390139828,-0.07190209912289486,-0.03639402408664515,-13.13022012367649,-0.261257228827112,0.4370513202426742,1Y,option_return_on_premium,enter_on_break(no pullback),248.0
89,0.000432042793981334,-0.0024483507735312262,0.449438202247191,1.0820718383816532,-0.0021354215247249616,0.0030857060919903053,0.03845180866433873,-0.01100000000000012,0.03904127945639424,1Y,underlying_net,break_buffer_0.3%,248.0
89,-0.022208528573026975,-0.05544284275356601,0.3595505617977528,0.6740614385606064,-0.050161367157568346,0.0075448483402432735,-1.9765590429994007,-0.24378640956105696,0.5526498397754775,1Y,option_return_on_premium,break_buffer_0.3%,248.0
117,0.00046972702859896605,-0.0024483507735312262,0.4358974358974359,1.0909521568189244,-0.0017678427971578987,0.0027363488411266726,0.05495806234607903,-0.01100000000000012,0.03904127945639424,1Y,underlying_net,zero_spread_zero_cost,248.0
117,0.013609233250050114,-0.024813526282929675,0.452991452991453,1.285114699441485,-0.01085907814803413,0.03948557956914675,1.5922802902558635,-0.21830330969103273,0.6022655935349143,1Y,option_return_on_premium,zero_spread_zero_cost,248.0
117,0.00046972702859896605,-0.0024483507735312262,0.4358974358974359,1.0909521568189244,-0.0017678427971578987,0.0027363488411266726,0.05495806234607903,-0.01100000000000012,0.03904127945639424,1Y,underlying_net,spread_3%/side,248.0
117,-0.04710037989112637,-0.08338070538836376,0.3333333333333333,0.4282276807241536,-0.07013187476128474,-0.022752017485896187,-5.510744447261786,-0.2661717772900513,0.5067278033524163,1Y,option_return_on_premium,spread_3%/side,248.0
117,0.00046972702859896605,-0.0024483507735312262,0.4358974358974359,1.0909521568189244,-0.0017678427971578987,0.0027363488411266726,0.05495806234607903,-0.01100000000000012,0.03904127945639424,1Y,underlying_net,IV x0.8,248.0
117,-0.01274356586668858,-0.05780799405269099,0.36752136752136755,0.8312819341616714,-0.04260250872760522,0.019017455217223558,-1.4909972064025638,-0.29294991125698044,0.7164068849831178,1Y,option_return_on_premium,IV x0.8,248.0
117,0.00046972702859896605,-0.0024483507735312262,0.4358974358974359,1.0909521568189244,-0.0017678427971578987,0.0027363488411266726,0.05495806234607903,-0.01100000000000012,0.03904127945639424,1Y,underlying_net,IV x1.25,248.0
117,-0.021811940468994467,-0.05123378000311609,0.3504273504273504,0.6136966277826441,-0.04075994865344907,-0.0018546419656883801,-2.5519970348723526,-0.2029183995307454,0.4279458940518129,1Y,option_return_on_premium,IV x1.25,248.0
62,-0.0001536103323070468,-0.0028730716232605027,0.3870967741935484,0.9697140425162528,-0.0029170395177549086,0.0028866280771648227,-0.009523840603036902,-0.01100000000000001,0.03904127945639424,6M,underlying_net,conservative(primary),127.0
62,-0.022699209900513936,-0.05891611508585179,0.3387096774193548,0.6841521208140917,-0.05709831967151713,0.01570094497221304,-1.4073510138318641,-0.24378640956105696,0.5526498397754775,6M,option_return_on_premium,conservative(primary),127.0
62,0.0004908851603317569,-0.0017173078373062802,0.41935483870967744,1.104063711516097,-0.0022375276063850815,0.0033428325020964564,0.030434879940568926,-0.01100000000000001,0.019000000000000017,6M,underlying_net,optimistic_intrabar,127.0
62,-0.013854662889232256,-0.046462266320582625,0.3709677419354839,0.7920853704582762,-0.04764090735747871,0.02164849112666622,-0.8589890991323998,-0.24378640956105696,0.3363078253458851,6M,option_return_on_premium,optimistic_intrabar,127.0
62,-0.00046576371898013964,-0.01100000000000001,0.3709677419354839,0.941053369197099,-0.0043197842330626336,0.003513593903884764,-0.028877350576768657,-0.028691858241411627,0.03904127945639424,6M,underlying_net,carry_overnight,127.0
62,-0.023814291186381616,-0.1148052141698594,0.3709677419354839,0.7806323375739882,-0.0736991599057564,0.028077597954176556,-1.4764860535556603,-0.3667149428760245,0.5526498397754775,6M,option_return_on_premium,carry_overnight,127.0
62,-0.0019128991855666124,-0.001254398726102778,0.4032258064516129,0.7257091252056916,-0.005634973434943502,0.0018826648562749412,-0.11859974950512997,-0.04169254106750986,0.03904127945639424,6M,underlying_net,no_stop,127.0
62,-0.036026497970014414,-0.0365697876446812,0.3548387096774194,0.5839882312795217,-0.07884218946940236,0.00826595932375859,-2.2336428741408936,-0.5144853592755794,0.5526498397754775,6M,option_return_on_premium,no_stop,127.0
127,-0.003399691134651848,-0.01100000000000001,0.2992125984251969,0.5417673870078185,-0.00535422841278355,-0.0012376179965018811,-0.4317607741007847,-0.01100000000000012,0.019000000000000017,6M,underlying_net,enter_on_break(no pullback),127.0
127,-0.05420632408959832,-0.1257929135369907,0.2755905511811024,0.4605975242905789,-0.07993948673111025,-0.026187930719915944,-6.884203159378987,-0.261257228827112,0.4370513202426742,6M,option_return_on_premium,enter_on_break(no pullback),127.0
46,-0.0008798566840367887,-0.004980125393637124,0.3695652173913043,0.8425561676188654,-0.004164935106400639,0.0028475775134195725,-0.04047340746569228,-0.01100000000000001,0.03904127945639424,6M,underlying_net,break_buffer_0.3%,127.0
46,-0.03252182260992848,-0.07692628007883615,0.30434782608695654,0.5912312795003902,-0.07302753151870453,0.013830794522453236,-1.4960038400567102,-0.24378640956105696,0.5526498397754775,6M,option_return_on_premium,break_buffer_0.3%,127.0
62,-0.0001536103323070468,-0.0028730716232605027,0.3870967741935484,0.9697140425162528,-0.0029170395177549086,0.0028866280771648227,-0.009523840603036902,-0.01100000000000001,0.03904127945639424,6M,underlying_net,zero_spread_zero_cost,127.0
62,0.008884815136298374,-0.02839755700926333,0.41935483870967744,1.165500311539112,-0.026574270049855703,0.04847376797132507,0.5508585384504993,-0.21830330969103273,0.6022655935349143,6M,option_return_on_premium,zero_spread_zero_cost,127.0
62,-0.0001536103323070468,-0.0028730716232605027,0.3870967741935484,0.9697140425162528,-0.0029170395177549086,0.0028866280771648227,-0.009523840603036902,-0.01100000000000001,0.03904127945639424,6M,underlying_net,spread_3%/side,127.0
62,-0.05160955048916428,-0.08675930436612475,0.3064516129032258,0.4248888628898467,-0.08499182430086692,-0.014344582782771073,-3.1997921303281855,-0.2661717772900513,0.5067278033524163,6M,option_return_on_premium,spread_3%/side,127.0
62,-0.0001536103323070468,-0.0028730716232605027,0.3870967741935484,0.9697140425162528,-0.0029170395177549086,0.0028866280771648227,-0.009523840603036902,-0.01100000000000001,0.03904127945639424,6M,underlying_net,IV x0.8,127.0
62,-0.01813686628425202,-0.06484406958833144,0.3387096774193548,0.78350572929226,-0.06161582179118152,0.03054637827821431,-1.1244857096236252,-0.29294991125698044,0.7164068849831178,6M,option_return_on_premium,IV x0.8,127.0
62,-0.0001536103323070468,-0.0028730716232605027,0.3870967741935484,0.9697140425162528,-0.0029170395177549086,0.0028866280771648227,-0.009523840603036902,-0.01100000000000001,0.03904127945639424,6M,underlying_net,IV x1.25,127.0
62,-0.02577668515375528,-0.05532170365596875,0.3225806451612903,0.5855635791461512,-0.0530592506856003,0.004564848268729155,-1.5981544795328273,-0.2029183995307454,0.4279458940518129,6M,option_return_on_premium,IV x1.25,127.0
