session,side,break_time,entry_time,entry,exit_time,exit,reason,ret,prev_level,gross_rs,cost_rs,net_rs,period
2026-04-13,SELL,2026-04-13 09:30:00+05:30,2026-04-13 21:30:00+05:30,270511.32363687735,2026-04-13 21:30:00+05:30,273216.4368732461,stop,-0.010000000000000009,267832.99369987857,-2705.11323636875,256.4090589095019,-2961.522295278252,6M
2026-04-15,BUY,2026-04-15 09:30:00+05:30,2026-04-15 14:30:00+05:30,283622.164708089,2026-04-15 19:30:00+05:30,289294.60800225084,target,0.020000000000000018,286487.0350586758,5672.443294161814,266.8977317664712,5405.545562395343,6M
2026-04-16,BUY,2026-04-16 09:30:00+05:30,2026-04-16 13:30:00+05:30,287759.2713160384,2026-04-16 17:30:00+05:30,284881.678602878,stop,-0.010000000000000009,290665.930622261,-2877.592713160382,270.2074170528307,-3147.800130213213,6M
2026-04-21,SELL,2026-04-21 09:30:00+05:30,2026-04-21 11:30:00+05:30,286961.44088631374,2026-04-21 19:30:00+05:30,281222.2120685875,target,0.019999999999999907,284120.23850130074,5739.228817726253,269.56915270905097,5469.659665017201,6M
2026-04-24,SELL,2026-04-24 11:30:00+05:30,2026-04-24 12:30:00+05:30,272140.3368841756,2026-04-24 16:30:00+05:30,274861.74025301734,stop,-0.010000000000000009,269445.8781031442,-2721.4033688417403,257.71226950734047,-2979.1156383490807,6M
2026-04-29,BUY,2026-04-29 09:30:00+05:30,2026-04-29 12:30:00+05:30,268982.39973584405,2026-04-29 17:30:00+05:30,266292.5757384856,stop,-0.010000000000000009,271699.3936725698,-2689.8239973584423,255.18591978867525,-2945.0099171471174,6M
2026-04-30,BUY,2026-04-30 16:30:00+05:30,2026-04-30 18:30:00+05:30,269420.7041731826,2026-04-30 22:30:00+05:30,271432.09760139155,time,0.007465623083354522,272142.12542745715,2011.3934282089467,255.5365633385461,1755.8568648704006,6M
2026-05-01,BUY,2026-05-01 09:30:00+05:30,2026-05-01 12:30:00+05:30,269649.8990060267,2026-05-01 17:30:00+05:30,275042.8969861472,target,0.020000000000000018,272373.6353596229,5392.997980120534,255.71991920482137,5137.278060915713,6M
2026-05-04,SELL,2026-05-04 15:30:00+05:30,2026-05-04 16:30:00+05:30,271557.8471547696,2026-05-04 19:30:00+05:30,274273.4256263173,stop,-0.010000000000000009,268869.15559878177,-2715.578471547691,257.24627772381564,-2972.824749271507,6M
2026-05-07,BUY,2026-05-07 09:30:00+05:30,2026-05-07 20:30:00+05:30,283073.8565123172,2026-05-07 21:30:00+05:30,294408.4959077261,target_gap,0.04004127945639424,285933.18839628,11334.639395408914,266.4590852098538,11068.18031019906,6M
2026-05-12,BUY,2026-05-12 09:30:00+05:30,2026-05-12 11:30:00+05:30,315950.85042240197,2026-05-12 11:30:00+05:30,312791.34191817796,stop,-0.010000000000000009,319142.2731539414,-3159.50850422401,292.7606803379216,-3452.2691845619315,6M
2026-05-18,SELL,2026-05-18 09:30:00+05:30,2026-05-18 16:30:00+05:30,284821.7504653862,2026-05-18 16:30:00+05:30,287669.96797004004,stop,-0.010000000000000009,282001.73313404573,-2848.217504653847,267.857400372309,-3116.0749050261556,6M
2026-05-20,BUY,2026-05-20 19:30:00+05:30,2026-05-20 20:30:00+05:30,283782.86539920064,2026-05-20 22:30:00+05:30,283801.27355114074,time,6.486703104569003e-05,286649.3589890916,18.408151940093376,267.02629231936055,-248.61814037926717,6M
2026-05-27,BUY,2026-05-27 09:30:00+05:30,2026-05-27 10:30:00+05:30,281275.7739082569,2026-05-27 11:30:00+05:30,278463.01616917434,stop,-0.010000000000000009,284116.94334167364,-2812.757739082561,265.02061912660554,-3077.7783582091665,6M
2026-05-28,SELL,2026-05-28 09:30:00+05:30,2026-05-28 18:30:00+05:30,274881.1456802873,2026-05-28 20:30:00+05:30,277629.9571370902,stop,-0.010000000000000009,272159.5501785023,-2748.811456802883,259.9049165442299,-3008.716373347113,6M
2026-05-29,BUY,2026-05-29 20:30:00+05:30,2026-05-29 21:30:00+05:30,278634.276441515,2026-05-29 22:30:00+05:30,277369.9180692217,time,-0.004537698622153141,281562.6682039891,-1264.3583722932963,262.907421153212,-1527.2657934465083,6M
2026-06-01,SELL,2026-06-01 18:30:00+05:30,2026-06-01 22:30:00+05:30,276923.38091536186,2026-06-01 22:30:00+05:30,277157.5305600925,time,-0.0008455394555586526,274181.56526273454,-234.14964473061264,261.5387047322895,-495.6883494629021,6M
2026-06-02,BUY,2026-06-02 10:30:00+05:30,2026-06-02 19:30:00+05:30,277774.3910764392,2026-06-02 22:30:00+05:30,277096.3483485178,time,-0.002440983581293521,280580.1930065042,-678.0427279213909,262.2195128611513,-940.2622407825422,6M
2026-06-04,SELL,2026-06-04 10:30:00+05:30,2026-06-04 16:30:00+05:30,273403.9298446663,2026-06-04 16:30:00+05:30,276137.96914311295,stop,-0.010000000000000009,270696.96024224383,-2734.0392984466744,258.72314387573306,-2992.7624423224074,6M
2026-06-08,SELL,2026-06-08 09:30:00+05:30,2026-06-08 17:30:00+05:30,253808.88405601183,2026-06-08 22:30:00+05:30,253186.37376012513,time,0.002452673389278681,251295.9248079325,622.5102958866919,243.04710724480947,379.4631886418824,6M
2026-06-10,SELL,2026-06-10 09:30:00+05:30,2026-06-10 11:30:00+05:30,239499.18412733052,2026-06-10 13:30:00+05:30,234709.2004447839,target,0.020000000000000018,237127.90507656487,4789.983682546619,231.5993473018644,4558.384335244755,6M
2026-06-11,SELL,2026-06-11 17:30:00+05:30,2026-06-11 18:30:00+05:30,235901.43041676265,2026-06-11 21:30:00+05:30,238260.44472093027,stop,-0.010000000000000009,233565.772689864,-2359.01430416762,228.72114433341014,-2587.73544850103,6M
2026-06-12,BUY,2026-06-12 09:30:00+05:30,2026-06-12 12:30:00+05:30,244024.94796567742,2026-06-12 20:30:00+05:30,248905.44692499097,target,0.020000000000000018,246489.8464299772,4880.498959313554,235.21995837254195,4645.279000941012,6M
2026-06-16,SELL,2026-06-16 09:30:00+05:30,2026-06-16 13:30:00+05:30,257729.51452688995,2026-06-16 22:30:00+05:30,256533.25560916867,time,0.004641528619324875,255177.7371553366,1196.2589177212794,246.18361162151197,950.0753060997674,6M
2026-06-22,SELL,2026-06-22 09:30:00+05:30,2026-06-22 10:30:00+05:30,242002.38917834387,2026-06-22 11:30:00+05:30,237162.341394777,target,0.020000000000000018,239606.32591915235,4840.047783566872,233.6019113426751,4606.445872224196,6M
2026-06-24,SELL,2026-06-24 09:30:00+05:30,2026-06-24 11:30:00+05:30,227132.80466588275,2026-06-24 15:30:00+05:30,222590.1485725651,target,0.020000000000000018,224883.9650157255,4542.656093317666,221.7062437327062,4320.94984958496,6M
2026-06-25,SELL,2026-06-25 11:30:00+05:30,2026-06-25 13:30:00+05:30,208890.0224065611,2026-06-25 17:30:00+05:30,210978.9226306267,stop,-0.010000000000000009,206732.32687425564,-2088.900224065612,207.1120179252489,-2296.0122419908607,6M
2026-06-26,BUY,2026-06-26 17:30:00+05:30,2026-06-26 18:30:00+05:30,212877.4993669362,2026-06-26 19:30:00+05:30,217135.0493542749,target,0.020000000000000018,215027.7771383194,4257.549987338716,210.30199949354895,4047.2479878451672,6M
2026-06-26,SELL,2026-06-26 09:30:00+05:30,2026-06-26 11:30:00+05:30,207932.03885753948,2026-06-26 11:30:00+05:30,210011.35924611488,stop,-0.010000000000000009,205873.30579954403,-2079.3203885754046,206.3456310860316,-2285.666019661436,6M
2026-06-30,SELL,2026-06-30 09:30:00+05:30,2026-06-30 11:30:00+05:30,213065.91705547826,2026-06-30 11:30:00+05:30,215196.57622603304,stop,-0.010000000000000009,210956.3535202755,-2130.659170554776,210.45273364438262,-2341.1119041991587,6M
2026-07-06,BUY,2026-07-06 09:30:00+05:30,2026-07-06 17:30:00+05:30,227986.37170064202,2026-07-06 22:30:00+05:30,229707.6846947899,time,0.007550069687534133,230289.26434408285,1721.3129941478837,222.38909736051363,1498.92389678737,6M
2026-07-08,SELL,2026-07-08 09:30:00+05:30,2026-07-08 10:30:00+05:30,225339.50974011258,2026-07-08 13:30:00+05:30,220832.71954531033,target,0.020000000000000018,223108.42548525997,4506.790194802248,220.27160779209007,4286.518587010158,6M
2026-07-17,SELL,2026-07-17 09:30:00+05:30,2026-07-17 19:30:00+05:30,208920.63058915435,2026-07-17 22:30:00+05:30,208681.0587960986,time,0.0011467119947903281,206852.10949421223,239.5717930557439,207.1365044713235,32.43528858442042,6M
2026-07-27,BUY,2026-07-27 09:30:00+05:30,2026-07-27 17:30:00+05:30,218650.06651125374,2026-07-27 22:30:00+05:30,217443.27836957268,time,-0.005519267205980727,220858.65304167045,-1206.788141681056,214.920053209003,-1421.708194890059,6M
2026-07-29,BUY,2026-07-29 10:30:00+05:30,2026-07-29 17:30:00+05:30,211883.08028755905,2026-07-29 22:30:00+05:30,214577.7460868064,time,0.012717701647485313,214023.3134217768,2694.665799247363,209.50646423004724,2485.1593350173157,6M
2026-07-29,SELL,2026-07-29 19:30:00+05:30,2026-07-29 21:30:00+05:30,212324.8336028637,2026-07-29 21:30:00+05:30,214448.08193889234,stop,-0.010000000000000009,210222.60752758782,-2123.248336028628,209.859866882291,-2333.108202910919,6M
2026-07-31,SELL,2026-07-31 18:30:00+05:30,2026-07-31 22:30:00+05:30,213002.20346722164,2026-07-31 22:30:00+05:30,213702.7424950199,time,-0.003288881600260307,210893.2707596254,-700.5390277982515,210.4017627737773,-910.9407905720288,6M
2026-08-03,SELL,2026-08-03 18:30:00+05:30,2026-08-03 21:30:00+05:30,212643.79319790902,2026-08-03 22:30:00+05:30,212675.23806008158,time,-0.0001478757583264212,210538.4091068406,-31.444862172560534,210.11503455832724,-241.55989673088777,6M
2026-08-11,BUY,2026-08-11 09:30:00+05:30,2026-08-11 10:30:00+05:30,238430.50486768057,2026-08-11 22:30:00+05:30,238290.051127366,time,-0.0005890762190539078,240838.89380573796,-140.4537403145805,230.74440389414445,-371.19814420872495,6M
2026-08-12,BUY,2026-08-12 11:30:00+05:30,2026-08-12 21:30:00+05:30,240587.20821045266,2026-08-12 22:30:00+05:30,241116.97868124786,time,0.002201989352367262,243017.38203076026,529.7704707951925,232.46976656836213,297.30070422683036,6M
2026-08-14,BUY,2026-08-14 19:30:00+05:30,2026-08-14 21:30:00+05:30,239709.6070871357,2026-08-14 22:30:00+05:30,239222.1918384797,time,-0.002033357171533079,242130.91624963202,-487.41524865600513,231.76768566970856,-719.1829343257136,6M
2026-08-14,SELL,2026-08-14 09:30:00+05:30,2026-08-14 14:30:00+05:30,239135.88251069665,2026-08-14 18:30:00+05:30,241527.2413358036,stop,-0.010000000000000009,236768.20050564024,-2391.3588251069596,231.30870600855732,-2622.667531115517,6M
2026-08-19,SELL,2026-08-19 09:30:00+05:30,2026-08-19 17:30:00+05:30,237096.92622817296,2026-08-19 17:30:00+05:30,239467.89549045468,stop,-0.010000000000000009,234749.43190908214,-2370.969262281724,229.67754098253837,-2600.646803264262,6M
2026-08-24,SELL,2026-08-24 10:30:00+05:30,2026-08-24 16:30:00+05:30,256556.51857346683,2026-08-24 22:30:00+05:30,252970.32349727428,time,0.01397818732547862,254016.3550232345,3586.1950761925546,245.24521485877347,3340.949861333781,6M
2026-08-26,BUY,2026-08-26 09:30:00+05:30,2026-08-26 18:30:00+05:30,251282.1284175947,2026-08-26 20:30:00+05:30,248769.30713341877,stop,-0.010000000000000009,253820.33173494416,-2512.8212841759378,241.02570273407576,-2753.8469869100136,6M
2026-08-28,BUY,2026-08-28 11:30:00+05:30,2026-08-28 19:30:00+05:30,257347.8368952831,2026-08-28 19:30:00+05:30,254774.35852633027,stop,-0.010000000000000009,259947.30999523547,-2573.4783689528413,245.8782695162265,-2819.3566384690675,6M
2026-08-31,SELL,2026-08-31 09:30:00+05:30,2026-08-31 15:30:00+05:30,249503.73056597562,2026-08-31 22:30:00+05:30,246125.1452417602,time,0.013541221674527315,247033.39659997585,3378.5853242154117,239.6029844527805,3138.982339762631,6M
2026-09-02,SELL,2026-09-02 09:30:00+05:30,2026-09-02 18:30:00+05:30,239838.18297086848,2026-09-02 19:30:00+05:30,242236.56480057718,stop,-0.010000000000000009,237463.54749590938,-2398.381829708698,231.8705463766948,-2630.252376085393,6M
2026-09-04,SELL,2026-09-04 17:30:00+05:30,2026-09-04 18:30:00+05:30,242860.25044910732,2026-09-04 22:30:00+05:30,242369.28459574992,time,0.002021598233755806,240455.69351396765,490.96585335739655,234.28820035928587,256.6776529981107,6M
2026-09-08,BUY,2026-09-08 09:30:00+05:30,2026-09-08 11:30:00+05:30,244680.55521116266,2026-09-08 22:30:00+05:30,244906.14615065287,time,0.0009219814761967093,247152.07597087137,225.5909394902119,235.74444416893013,-10.153504678718235,6M
2026-09-09,BUY,2026-09-09 10:30:00+05:30,2026-09-09 15:30:00+05:30,245046.0126944301,2026-09-09 18:30:00+05:30,249946.93294831872,target,0.020000000000000018,247521.2249438688,4900.920253888617,236.0368101555441,4664.883443733072,6M
2026-09-11,SELL,2026-09-11 09:30:00+05:30,2026-09-11 17:30:00+05:30,239681.5492132322,2026-09-11 17:30:00+05:30,242078.36470536454,stop,-0.010000000000000009,237308.46456755663,-2396.8154921323294,231.74523937058578,-2628.560731502915,6M
2026-09-14,SELL,2026-09-14 14:30:00+05:30,2026-09-14 20:30:00+05:30,235099.47502432103,2026-09-14 22:30:00+05:30,236715.79075808707,time,-0.006875029106716779,232771.7574498228,-1616.3157337660377,228.07958001945684,-1844.3953137854946,6M
2026-09-15,BUY,2026-09-15 17:30:00+05:30,2026-09-15 19:30:00+05:30,235826.53550435652,2026-09-15 22:30:00+05:30,236886.36350248117,time,0.004494099851223288,238208.62172157224,1059.827998124645,228.66122840348524,831.1667697211599,6M
2026-09-17,SELL,2026-09-17 09:30:00+05:30,2026-09-17 17:30:00+05:30,241573.18928687627,2026-09-17 17:30:00+05:30,243988.92117974503,stop,-0.010000000000000009,239181.37553156065,-2415.73189286876,233.258551429501,-2648.990444298261,6M
2026-09-21,SELL,2026-09-21 12:30:00+05:30,2026-09-21 16:30:00+05:30,247643.87962398416,2026-09-21 22:30:00+05:30,245313.58141130008,time,0.009409876053558586,245191.96002374668,2330.2982126840798,238.11510369918733,2092.1831089848924,6M
2026-09-23,BUY,2026-09-23 09:30:00+05:30,2026-09-23 12:30:00+05:30,244595.6397477678,2026-09-23 16:30:00+05:30,242149.6833502901,stop,-0.010000000000000009,247066.30277552304,-2445.956397477683,235.67651179821425,-2681.632909275897,6M
2026-09-25,BUY,2026-09-25 13:30:00+05:30,2026-09-25 19:30:00+05:30,237301.2224092431,2026-09-25 22:30:00+05:30,239028.18415537625,time,0.007277508849722114,239698.20445378093,1726.9617461331363,229.8409779273945,1497.1207682057418,6M
2026-09-30,BUY,2026-09-30 12:30:00+05:30,2026-09-30 14:30:00+05:30,226202.76746273477,2026-09-30 20:30:00+05:30,223940.73978810743,stop,-0.010000000000000009,228487.6439017523,-2262.027674627345,220.96221397018783,-2482.9898885975326,6M
2026-10-01,BUY,2026-10-01 17:30:00+05:30,2026-10-01 20:30:00+05:30,226617.77627317753,2026-10-01 22:30:00+05:30,226740.09015105508,time,0.000539736466790286,228906.84472038134,122.31387787754647,221.29422101854203,-98.98034314099556,6M
2026-10-02,BUY,2026-10-02 09:30:00+05:30,2026-10-02 19:30:00+05:30,226845.22718327394,2026-10-02 20:30:00+05:30,224576.7749114412,stop,-0.010000000000000009,229136.59311441812,-2268.4522718327353,221.47618174661915,-2489.9284535793545,6M
2026-10-06,SELL,2026-10-06 09:30:00+05:30,2026-10-06 16:30:00+05:30,229333.61361918395,2026-10-06 22:30:00+05:30,229726.41303911756,time,-0.0017127860749879265,227062.98378137025,-392.7994199336099,223.46689089534718,-616.2663108289571,6M
2025-10-10,SELL,2025-10-10 09:30:00+05:30,2025-10-10 10:30:00+05:30,162283.4655086233,2025-10-10 12:30:00+05:30,163906.30016370956,stop,-0.010000000000000009,160676.6985233894,-1622.834655086248,169.82677240689864,-1792.6614274931467,1Y
2025-10-14,BUY,2025-10-14 09:30:00+05:30,2025-10-14 10:30:00+05:30,171217.99040692917,2025-10-14 11:30:00+05:30,169505.81050285988,stop,-0.010000000000000009,172947.46505750422,-1712.1799040692858,176.97439232554333,-1889.154296394829,1Y
2025-10-14,SELL,2025-10-14 11:30:00+05:30,2025-10-14 12:30:00+05:30,171288.33356372063,2025-10-14 12:30:00+05:30,173001.21689935785,stop,-0.010000000000000009,168223.72239628778,-1712.8833356372197,177.0306668509765,-1889.9140024881963,1Y
2025-10-16,BUY,2025-10-16 09:30:00+05:30,2025-10-16 10:30:00+05:30,174961.684722332,2025-10-16 18:30:00+05:30,178460.91841677864,target,0.020000000000000018,176728.974467002,3499.2336944466515,179.9693477778656,3319.264346668786,1Y
2025-10-22,SELL,2025-10-22 16:30:00+05:30,2025-10-22 17:30:00+05:30,161526.13111493408,2025-10-22 18:30:00+05:30,163141.39242608342,stop,-0.010000000000000009,159926.86249003373,-1615.261311149341,169.22090489194727,-1784.4822160412882,1Y
2025-10-24,SELL,2025-10-24 09:30:00+05:30,2025-10-24 18:30:00+05:30,163956.6689436047,2025-10-24 22:30:00+05:30,163782.8339213985,time,0.0010602497801780464,162333.3355877274,173.83502220618539,171.16533515488376,2.669687051301622,1Y
2025-10-27,SELL,2025-10-27 16:30:00+05:30,2025-10-27 17:30:00+05:30,162043.1017224628,2025-10-27 19:30:00+05:30,158802.23968801353,target,0.020000000000000018,160438.71457669584,3240.8620344492665,169.63448137797025,3071.2275530712964,1Y
2025-10-28,SELL,2025-10-28 13:30:00+05:30,2025-10-28 16:30:00+05:30,158311.4267117192,2025-10-28 18:30:00+05:30,159894.5409788364,stop,-0.010000000000000009,156743.98684328631,-1583.1142671171983,166.64914136937534,-1749.7634084865736,1Y
2025-10-31,BUY,2025-10-31 11:30:00+05:30,2025-10-31 21:30:00+05:30,165116.85127542587,2025-10-31 22:30:00+05:30,165394.98931017533,time,0.0016844921193748252,166784.69825800593,278.138034749456,172.0934810203407,106.04455372911528,1Y
2025-11-06,BUY,2025-11-06 09:30:00+05:30,2025-11-06 22:30:00+05:30,162658.6700965575,2025-11-06 22:30:00+05:30,163634.97635100686,time,0.006002177774291351,164301.6869662197,976.3062544493587,170.126936077246,806.1793183721127,1Y
2025-11-07,BUY,2025-11-07 13:30:00+05:30,2025-11-07 19:30:00+05:30,164554.18727589987,2025-11-07 22:30:00+05:30,164498.2099365707,time,-0.0003401757211763945,166216.35078373723,-55.9773393291689,171.6433498207199,-227.6206891498888,1Y
2025-11-13,BUY,2025-11-13 09:30:00+05:30,2025-11-13 19:30:00+05:30,180919.8741948726,2025-11-13 22:30:00+05:30,181876.70281559898,time,0.005288687188096164,182747.34767158848,956.8286207263882,184.73589935589808,772.0927213704902,1Y
2025-11-19,BUY,2025-11-19 09:30:00+05:30,2025-11-19 22:30:00+05:30,171259.96896923252,2025-11-19 22:30:00+05:30,172827.80171891305,time,0.00915469481348663,172989.8676456894,1567.8327496805287,177.007975175386,1390.8247745051426,1Y
2025-11-21,SELL,2025-11-21 09:30:00+05:30,2025-11-21 21:30:00+05:30,172515.06110190658,2025-11-21 22:30:00+05:30,172764.9234240993,time,-0.0014483507735312262,170806.99119000652,-249.86232219272642,178.01204888152526,-427.8743710742517,1Y
2025-11-26,BUY,2025-11-26 09:30:00+05:30,2025-11-26 11:30:00+05:30,177453.0169325312,2025-11-26 13:30:00+05:30,181002.07727118183,target,0.020000000000000018,179245.4716490214,3549.0603386506264,181.96241354602498,3367.0979251046015,1Y
2025-12-03,BUY,2025-12-03 09:30:00+05:30,2025-12-03 10:30:00+05:30,202923.24709929668,2025-12-03 18:30:00+05:30,206981.71204128262,target,0.020000000000000018,204972.97686797645,4058.4649419859343,202.33859767943736,3856.126344306497,1Y
2025-12-04,SELL,2025-12-04 10:30:00+05:30,2025-12-04 11:30:00+05:30,202477.24267772265,2025-12-04 14:30:00+05:30,198427.6978241682,target,0.020000000000000018,200472.5175026957,4049.5448535544565,201.98179414217813,3847.5630594122786,1Y
2025-12-05,BUY,2025-12-05 11:30:00+05:30,2025-12-05 14:30:00+05:30,202790.63150178568,2025-12-05 20:30:00+05:30,206846.4441318214,target,0.020000000000000018,204839.02171897545,4055.8126300357108,202.23250520142855,3853.5801248342823,1Y
2025-12-09,SELL,2025-12-09 10:30:00+05:30,2025-12-09 13:30:00+05:30,203786.98466028433,2025-12-09 14:30:00+05:30,205824.85450688718,stop,-0.010000000000000009,201769.29174285577,-2037.8698466028436,203.02958772822748,-2240.899434331071,1Y
2025-12-12,BUY,2025-12-12 13:30:00+05:30,2025-12-12 20:30:00+05:30,222037.4925590356,2025-12-12 20:30:00+05:30,219817.11763344525,stop,-0.010000000000000009,224280.2955141774,-2220.374925590353,217.62999404722848,-2438.0049196375817,1Y
2025-12-16,SELL,2025-12-16 09:30:00+05:30,2025-12-16 13:30:00+05:30,221633.06714367782,2025-12-16 19:30:00+05:30,223849.39781511461,stop,-0.010000000000000009,219438.68034027508,-2216.3306714367936,217.30645371494228,-2433.6371251517357,1Y
2025-12-18,SELL,2025-12-18 19:30:00+05:30,2025-12-18 21:30:00+05:30,229572.72534178852,2025-12-18 22:30:00+05:30,227275.5149453884,time,0.010006460449428545,227299.72806117675,2297.210396400129,223.65818027343082,2073.552216126698,1Y
2025-12-23,BUY,2025-12-23 09:30:00+05:30,2025-12-23 20:30:00+05:30,238039.88163669736,2025-12-23 21:30:00+05:30,242800.6792694313,target,0.020000000000000018,240444.3248855529,4760.797632733942,230.4319053093579,4530.365727424584,1Y
2025-12-29,BUY,2025-12-29 09:30:00+05:30,2025-12-29 11:30:00+05:30,263555.9404381169,2025-12-29 11:30:00+05:30,260920.38103373573,stop,-0.010000000000000009,266218.1216546635,-2635.5594043811725,250.84475235049354,-2886.4041567316663,1Y
2025-12-29,SELL,2025-12-29 16:30:00+05:30,2025-12-29 17:30:00+05:30,257726.05992547653,2025-12-29 18:30:00+05:30,260303.3205247313,stop,-0.010000000000000009,255174.31675789756,-2577.260599254776,246.18084794038123,-2823.4414471951573,1Y
2026-01-02,BUY,2026-01-02 10:30:00+05:30,2026-01-02 20:30:00+05:30,251439.63180051322,2026-01-02 21:30:00+05:30,248925.23548250808,stop,-0.010000000000000009,253979.42606112445,-2514.396318005136,241.15170544041058,-2755.5480234455467,1Y
2026-01-07,SELL,2026-01-07 18:30:00+05:30,2026-01-07 21:30:00+05:30,271074.17555456737,2026-01-07 22:30:00+05:30,269818.2906918226,time,0.004632993387051587,268390.2728263043,1255.8848627447733,256.8593404436539,999.0255223011194,1Y
2026-01-15,SELL,2026-01-15 09:30:00+05:30,2026-01-15 12:30:00+05:30,312352.4134581479,2026-01-15 14:30:00+05:30,315475.9375927294,stop,-0.010000000000000009,309259.8153050969,-3123.524134581501,289.88193076651834,-3413.4060653480196,1Y
2026-01-16,BUY,2026-01-16 10:30:00+05:30,2026-01-16 11:30:00+05:30,316999.84492368787,2026-01-16 11:30:00+05:30,313829.846474451,stop,-0.009999999999999898,320201.8635592807,-3169.998449236853,293.5998759389503,-3463.5983251758034,1Y
2026-01-21,BUY,2026-01-21 14:30:00+05:30,2026-01-21 17:30:00+05:30,332839.4386440242,2026-01-21 20:30:00+05:30,329511.04425758397,stop,-0.009999999999999898,336201.453175782,-3328.3943864402245,306.2715509152194,-3634.665937355444,1Y
2026-01-21,SELL,2026-01-21 20:30:00+05:30,2026-01-21 21:30:00+05:30,330682.9045340706,2026-01-21 22:30:00+05:30,329123.37158834224,time,0.0047160978821257915,326400.742622093,1559.532945728337,304.54632362725647,1254.9866221010805,1Y
2026-01-27,SELL,2026-01-27 19:30:00+05:30,2026-01-27 20:30:00+05:30,378476.7658745122,2026-01-27 20:30:00+05:30,382261.5335332573,stop,-0.010000000000000009,374729.4711628834,-3784.7676587451133,342.7814126996098,-4127.549071444723,1Y
2026-01-28,BUY,2026-01-28 09:30:00+05:30,2026-01-28 14:30:00+05:30,397524.94567826384,2026-01-28 18:30:00+05:30,405475.44459182915,target,0.020000000000000018,401540.3491699635,7950.498913565301,358.0199565426111,7592.47895702269,1Y
2026-01-29,BUY,2026-01-29 09:30:00+05:30,2026-01-29 20:30:00+05:30,407142.5105986519,2026-01-29 20:30:00+05:30,403071.08549266536,stop,-0.010000000000000009,411255.0612107595,-4071.4251059865346,365.7140084789215,-4437.139114465456,1Y
2026-01-29,SELL,2026-01-29 20:30:00+05:30,2026-01-29 21:30:00+05:30,397949.73838341894,2026-01-29 21:30:00+05:30,401929.23576725315,stop,-0.010000000000000009,394009.64196378115,-3979.497383834212,358.35979070673517,-4337.857174540947,1Y
2026-02-04,BUY,2026-02-04 11:30:00+05:30,2026-02-04 14:30:00+05:30,307148.7893548893,2026-02-04 15:30:00+05:30,313291.76514198707,target,0.020000000000000018,310251.3023786761,6142.975787097763,285.71903148391146,5857.256755613851,1Y
2026-02-12,SELL,2026-02-12 17:30:00+05:30,2026-02-12 18:30:00+05:30,288423.5596949635,2026-02-12 19:30:00+05:30,291307.79529191315,stop,-0.010000000000000009,285567.8808861025,-2884.235596949642,270.7388477559708,-3154.9744447056128,1Y
2026-02-19,BUY,2026-02-19 09:30:00+05:30,2026-02-19 19:30:00+05:30,271290.24526035733,2026-02-19 20:30:00+05:30,276716.05016556446,target,0.020000000000000018,274030.55076803773,5425.804905207129,257.0321962082859,5168.772708998843,1Y
2026-02-24,BUY,2026-02-24 10:30:00+05:30,2026-02-24 18:30:00+05:30,304931.17044527095,2026-02-24 18:30:00+05:30,301881.8587408182,stop,-0.01000000000000012,308011.2832780515,-3049.3117044527316,283.9449363562168,-3333.2566408089483,1Y
2026-03-02,BUY,2026-03-02 09:30:00+05:30,2026-03-02 19:30:00+05:30,329412.54695381044,2026-03-02 19:30:00+05:30,326118.42148427234,stop,-0.010000000000000009,332739.9464179903,-3294.125469538092,303.5300375630484,-3597.6555071011408,1Y
2026-03-02,SELL,2026-03-02 19:30:00+05:30,2026-03-02 20:30:00+05:30,319412.6300478112,2026-03-02 21:30:00+05:30,313024.37744685495,target,0.020000000000000018,314758.1298515712,6388.2526009562425,295.53010403824896,6092.722496917993,1Y
2026-03-03,SELL,2026-03-03 10:30:00+05:30,2026-03-03 11:30:00+05:30,309335.1691475399,2026-03-03 12:30:00+05:30,302034.20495933265,target_gap,0.02360211484625918,306272.4447005345,7300.964188207232,287.46813531803195,7013.4960528892,1Y
2026-03-05,SELL,2026-03-05 10:30:00+05:30,2026-03-05 14:30:00+05:30,298508.7769939589,2026-03-05 18:30:00+05:30,292538.60145407973,target,0.020000000000000018,295553.24454847415,5970.1755398791865,278.80702159516716,5691.368518284019,1Y
2026-03-06,BUY,2026-03-06 20:30:00+05:30,2026-03-06 21:30:00+05:30,298149.29254041525,2026-03-06 22:30:00+05:30,299002.02281157306,time,0.002860078130295207,301160.901555975,852.7302711578086,278.51943403233224,574.2108371254764,1Y
2026-03-09,BUY,2026-03-09 11:30:00+05:30,2026-03-09 12:30:00+05:30,298548.7928640031,2026-03-09 16:30:00+05:30,295563.30493536306,stop,-0.010000000000000009,302476.39955849946,-2985.487928640039,278.8390342912025,-3264.3269629312417,1Y
2026-03-16,SELL,2026-03-16 12:30:00+05:30,2026-03-16 18:30:00+05:30,286455.73832500726,2026-03-16 18:30:00+05:30,289320.29570825736,stop,-0.010000000000000009,283619.54289604677,-2864.557383250096,269.16459066000584,-3133.721973910102,1Y
2026-03-17,BUY,2026-03-17 09:30:00+05:30,2026-03-17 11:30:00+05:30,287963.939137631,2026-03-17 15:30:00+05:30,285084.2997462547,stop,-0.009999999999999898,290872.6657955868,-2879.6393913762877,270.3711513101048,-3150.0105426863925,1Y
2026-03-23,SELL,2026-03-23 09:30:00+05:30,2026-03-23 16:30:00+05:30,250100.14077883784,2026-03-23 17:30:00+05:30,242169.26062539377,target_gap,0.03171081842955581,247623.90176122557,7930.880153444072,240.08011262307028,7690.800040821002,1Y
2026-03-24,BUY,2026-03-24 12:30:00+05:30,2026-03-24 13:30:00+05:30,252256.81420599352,2026-03-24 16:30:00+05:30,249734.2460639336,stop,-0.010000000000000009,254804.86283433688,-2522.5681420599285,241.80545136479483,-2764.3735934247234,1Y
2026-03-27,BUY,2026-03-27 20:30:00+05:30,2026-03-27 21:30:00+05:30,258893.91968365054,2026-03-27 22:30:00+05:30,256304.98048681405,stop,-0.010000000000000009,261803.97406138942,-2588.9391968364944,247.11513574692046,-2836.0543325834146,1Y
2026-03-30,BUY,2026-03-30 18:30:00+05:30,2026-03-30 19:30:00+05:30,256338.95665106096,2026-03-30 22:30:00+05:30,256827.41148829006,time,0.0019055037268251862,262506.1422353826,488.45483722910285,245.07116532084876,243.3836719082541,1Y
2026-03-31,BUY,2026-03-31 09:30:00+05:30,2026-03-31 10:30:00+05:30,260285.5950784109,2026-03-31 12:30:00+05:30,265491.3069799791,target,0.020000000000000018,262914.74250344536,5205.7119015681965,248.22847606272873,4957.4834255054675,1Y
2026-04-01,BUY,2026-04-01 17:30:00+05:30,2026-04-01 18:30:00+05:30,269753.7139817289,2026-04-01 22:30:00+05:30,273288.6728212915,time,0.013104393586966578,272497.42654604575,3534.958839562605,255.80297118538311,3279.155868377222,1Y
2026-04-06,BUY,2026-04-06 13:30:00+05:30,2026-04-06 19:30:00+05:30,259719.2513020978,2026-04-06 22:30:00+05:30,261158.52899198176,time,0.005541667329888478,262342.6780829271,1439.277689883951,247.77540104167826,1191.5022888422727,1Y
2026-04-09,SELL,2026-04-09 09:30:00+05:30,2026-04-09 18:30:00+05:30,268847.07679820486,2026-04-09 21:30:00+05:30,271535.5475661869,stop,-0.010000000000000009,266185.22455267806,-2688.4707679820713,255.0776614385639,-2943.5484294206353,1Y
2026-04-13,SELL,2026-04-13 09:30:00+05:30,2026-04-13 21:30:00+05:30,270511.32363687735,2026-04-13 21:30:00+05:30,273216.4368732461,stop,-0.010000000000000009,267832.99369987857,-2705.11323636875,256.4090589095019,-2961.522295278252,1Y
2026-04-15,BUY,2026-04-15 09:30:00+05:30,2026-04-15 14:30:00+05:30,283622.164708089,2026-04-15 19:30:00+05:30,289294.60800225084,target,0.020000000000000018,286487.0350586758,5672.443294161814,266.8977317664712,5405.545562395343,1Y
2026-04-16,BUY,2026-04-16 09:30:00+05:30,2026-04-16 13:30:00+05:30,287759.2713160384,2026-04-16 17:30:00+05:30,284881.678602878,stop,-0.010000000000000009,290665.930622261,-2877.592713160382,270.2074170528307,-3147.800130213213,1Y
2026-04-21,SELL,2026-04-21 09:30:00+05:30,2026-04-21 11:30:00+05:30,286961.44088631374,2026-04-21 19:30:00+05:30,281222.2120685875,target,0.019999999999999907,284120.23850130074,5739.228817726253,269.56915270905097,5469.659665017201,1Y
2026-04-24,SELL,2026-04-24 11:30:00+05:30,2026-04-24 12:30:00+05:30,272140.3368841756,2026-04-24 16:30:00+05:30,274861.74025301734,stop,-0.010000000000000009,269445.8781031442,-2721.4033688417403,257.71226950734047,-2979.1156383490807,1Y
2026-04-29,BUY,2026-04-29 09:30:00+05:30,2026-04-29 12:30:00+05:30,268982.39973584405,2026-04-29 17:30:00+05:30,266292.5757384856,stop,-0.010000000000000009,271699.3936725698,-2689.8239973584423,255.18591978867525,-2945.0099171471174,1Y
2026-04-30,BUY,2026-04-30 16:30:00+05:30,2026-04-30 18:30:00+05:30,269420.7041731826,2026-04-30 22:30:00+05:30,271432.09760139155,time,0.007465623083354522,272142.12542745715,2011.3934282089467,255.5365633385461,1755.8568648704006,1Y
2026-05-01,BUY,2026-05-01 09:30:00+05:30,2026-05-01 12:30:00+05:30,269649.8990060267,2026-05-01 17:30:00+05:30,275042.8969861472,target,0.020000000000000018,272373.6353596229,5392.997980120534,255.71991920482137,5137.278060915713,1Y
2026-05-04,SELL,2026-05-04 15:30:00+05:30,2026-05-04 16:30:00+05:30,271557.8471547696,2026-05-04 19:30:00+05:30,274273.4256263173,stop,-0.010000000000000009,268869.15559878177,-2715.578471547691,257.24627772381564,-2972.824749271507,1Y
2026-05-07,BUY,2026-05-07 09:30:00+05:30,2026-05-07 20:30:00+05:30,283073.8565123172,2026-05-07 21:30:00+05:30,294408.4959077261,target_gap,0.04004127945639424,285933.18839628,11334.639395408914,266.4590852098538,11068.18031019906,1Y
2026-05-12,BUY,2026-05-12 09:30:00+05:30,2026-05-12 11:30:00+05:30,315950.85042240197,2026-05-12 11:30:00+05:30,312791.34191817796,stop,-0.010000000000000009,319142.2731539414,-3159.50850422401,292.7606803379216,-3452.2691845619315,1Y
2026-05-18,SELL,2026-05-18 09:30:00+05:30,2026-05-18 16:30:00+05:30,284821.7504653862,2026-05-18 16:30:00+05:30,287669.96797004004,stop,-0.010000000000000009,282001.73313404573,-2848.217504653847,267.857400372309,-3116.0749050261556,1Y
2026-05-20,BUY,2026-05-20 19:30:00+05:30,2026-05-20 20:30:00+05:30,283782.86539920064,2026-05-20 22:30:00+05:30,283801.27355114074,time,6.486703104569003e-05,286649.3589890916,18.408151940093376,267.02629231936055,-248.61814037926717,1Y
2026-05-27,BUY,2026-05-27 09:30:00+05:30,2026-05-27 10:30:00+05:30,281275.7739082569,2026-05-27 11:30:00+05:30,278463.01616917434,stop,-0.010000000000000009,284116.94334167364,-2812.757739082561,265.02061912660554,-3077.7783582091665,1Y
2026-05-28,SELL,2026-05-28 09:30:00+05:30,2026-05-28 18:30:00+05:30,274881.1456802873,2026-05-28 20:30:00+05:30,277629.9571370902,stop,-0.010000000000000009,272159.5501785023,-2748.811456802883,259.9049165442299,-3008.716373347113,1Y
2026-05-29,BUY,2026-05-29 20:30:00+05:30,2026-05-29 21:30:00+05:30,278634.276441515,2026-05-29 22:30:00+05:30,277369.9180692217,time,-0.004537698622153141,281562.6682039891,-1264.3583722932963,262.907421153212,-1527.2657934465083,1Y
2026-06-01,SELL,2026-06-01 18:30:00+05:30,2026-06-01 22:30:00+05:30,276923.38091536186,2026-06-01 22:30:00+05:30,277157.5305600925,time,-0.0008455394555586526,274181.56526273454,-234.14964473061264,261.5387047322895,-495.6883494629021,1Y
2026-06-02,BUY,2026-06-02 10:30:00+05:30,2026-06-02 19:30:00+05:30,277774.3910764392,2026-06-02 22:30:00+05:30,277096.3483485178,time,-0.002440983581293521,280580.1930065042,-678.0427279213909,262.2195128611513,-940.2622407825422,1Y
2026-06-04,SELL,2026-06-04 10:30:00+05:30,2026-06-04 16:30:00+05:30,273403.9298446663,2026-06-04 16:30:00+05:30,276137.96914311295,stop,-0.010000000000000009,270696.96024224383,-2734.0392984466744,258.72314387573306,-2992.7624423224074,1Y
2026-06-08,SELL,2026-06-08 09:30:00+05:30,2026-06-08 17:30:00+05:30,253808.88405601183,2026-06-08 22:30:00+05:30,253186.37376012513,time,0.002452673389278681,251295.9248079325,622.5102958866919,243.04710724480947,379.4631886418824,1Y
2026-06-10,SELL,2026-06-10 09:30:00+05:30,2026-06-10 11:30:00+05:30,239499.18412733052,2026-06-10 13:30:00+05:30,234709.2004447839,target,0.020000000000000018,237127.90507656487,4789.983682546619,231.5993473018644,4558.384335244755,1Y
2026-06-11,SELL,2026-06-11 17:30:00+05:30,2026-06-11 18:30:00+05:30,235901.43041676265,2026-06-11 21:30:00+05:30,238260.44472093027,stop,-0.010000000000000009,233565.772689864,-2359.01430416762,228.72114433341014,-2587.73544850103,1Y
2026-06-12,BUY,2026-06-12 09:30:00+05:30,2026-06-12 12:30:00+05:30,244024.94796567742,2026-06-12 20:30:00+05:30,248905.44692499097,target,0.020000000000000018,246489.8464299772,4880.498959313554,235.21995837254195,4645.279000941012,1Y
2026-06-16,SELL,2026-06-16 09:30:00+05:30,2026-06-16 13:30:00+05:30,257729.51452688995,2026-06-16 22:30:00+05:30,256533.25560916867,time,0.004641528619324875,255177.7371553366,1196.2589177212794,246.18361162151197,950.0753060997674,1Y
2026-06-22,SELL,2026-06-22 09:30:00+05:30,2026-06-22 10:30:00+05:30,242002.38917834387,2026-06-22 11:30:00+05:30,237162.341394777,target,0.020000000000000018,239606.32591915235,4840.047783566872,233.6019113426751,4606.445872224196,1Y
2026-06-24,SELL,2026-06-24 09:30:00+05:30,2026-06-24 11:30:00+05:30,227132.80466588275,2026-06-24 15:30:00+05:30,222590.1485725651,target,0.020000000000000018,224883.9650157255,4542.656093317666,221.7062437327062,4320.94984958496,1Y
2026-06-25,SELL,2026-06-25 11:30:00+05:30,2026-06-25 13:30:00+05:30,208890.0224065611,2026-06-25 17:30:00+05:30,210978.9226306267,stop,-0.010000000000000009,206732.32687425564,-2088.900224065612,207.1120179252489,-2296.0122419908607,1Y
2026-06-26,BUY,2026-06-26 17:30:00+05:30,2026-06-26 18:30:00+05:30,212877.4993669362,2026-06-26 19:30:00+05:30,217135.0493542749,target,0.020000000000000018,215027.7771383194,4257.549987338716,210.30199949354895,4047.2479878451672,1Y
2026-06-26,SELL,2026-06-26 09:30:00+05:30,2026-06-26 11:30:00+05:30,207932.03885753948,2026-06-26 11:30:00+05:30,210011.35924611488,stop,-0.010000000000000009,205873.30579954403,-2079.3203885754046,206.3456310860316,-2285.666019661436,1Y
2026-06-30,SELL,2026-06-30 09:30:00+05:30,2026-06-30 11:30:00+05:30,213065.91705547826,2026-06-30 11:30:00+05:30,215196.57622603304,stop,-0.010000000000000009,210956.3535202755,-2130.659170554776,210.45273364438262,-2341.1119041991587,1Y
2026-07-06,BUY,2026-07-06 09:30:00+05:30,2026-07-06 17:30:00+05:30,227986.37170064202,2026-07-06 22:30:00+05:30,229707.6846947899,time,0.007550069687534133,230289.26434408285,1721.3129941478837,222.38909736051363,1498.92389678737,1Y
2026-07-08,SELL,2026-07-08 09:30:00+05:30,2026-07-08 10:30:00+05:30,225339.50974011258,2026-07-08 13:30:00+05:30,220832.71954531033,target,0.020000000000000018,223108.42548525997,4506.790194802248,220.27160779209007,4286.518587010158,1Y
2026-07-17,SELL,2026-07-17 09:30:00+05:30,2026-07-17 19:30:00+05:30,208920.63058915435,2026-07-17 22:30:00+05:30,208681.0587960986,time,0.0011467119947903281,206852.10949421223,239.5717930557439,207.1365044713235,32.43528858442042,1Y
2026-07-27,BUY,2026-07-27 09:30:00+05:30,2026-07-27 17:30:00+05:30,218650.06651125374,2026-07-27 22:30:00+05:30,217443.27836957268,time,-0.005519267205980727,220858.65304167045,-1206.788141681056,214.920053209003,-1421.708194890059,1Y
2026-07-29,BUY,2026-07-29 10:30:00+05:30,2026-07-29 17:30:00+05:30,211883.08028755905,2026-07-29 22:30:00+05:30,214577.7460868064,time,0.012717701647485313,214023.3134217768,2694.665799247363,209.50646423004724,2485.1593350173157,1Y
2026-07-29,SELL,2026-07-29 19:30:00+05:30,2026-07-29 21:30:00+05:30,212324.8336028637,2026-07-29 21:30:00+05:30,214448.08193889234,stop,-0.010000000000000009,210222.60752758782,-2123.248336028628,209.859866882291,-2333.108202910919,1Y
2026-07-31,SELL,2026-07-31 18:30:00+05:30,2026-07-31 22:30:00+05:30,213002.20346722164,2026-07-31 22:30:00+05:30,213702.7424950199,time,-0.003288881600260307,210893.2707596254,-700.5390277982515,210.4017627737773,-910.9407905720288,1Y
2026-08-03,SELL,2026-08-03 18:30:00+05:30,2026-08-03 21:30:00+05:30,212643.79319790902,2026-08-03 22:30:00+05:30,212675.23806008158,time,-0.0001478757583264212,210538.4091068406,-31.444862172560534,210.11503455832724,-241.55989673088777,1Y
2026-08-11,BUY,2026-08-11 09:30:00+05:30,2026-08-11 10:30:00+05:30,238430.50486768057,2026-08-11 22:30:00+05:30,238290.051127366,time,-0.0005890762190539078,240838.89380573796,-140.4537403145805,230.74440389414445,-371.19814420872495,1Y
2026-08-12,BUY,2026-08-12 11:30:00+05:30,2026-08-12 21:30:00+05:30,240587.20821045266,2026-08-12 22:30:00+05:30,241116.97868124786,time,0.002201989352367262,243017.38203076026,529.7704707951925,232.46976656836213,297.30070422683036,1Y
2026-08-14,BUY,2026-08-14 19:30:00+05:30,2026-08-14 21:30:00+05:30,239709.6070871357,2026-08-14 22:30:00+05:30,239222.1918384797,time,-0.002033357171533079,242130.91624963202,-487.41524865600513,231.76768566970856,-719.1829343257136,1Y
2026-08-14,SELL,2026-08-14 09:30:00+05:30,2026-08-14 14:30:00+05:30,239135.88251069665,2026-08-14 18:30:00+05:30,241527.2413358036,stop,-0.010000000000000009,236768.20050564024,-2391.3588251069596,231.30870600855732,-2622.667531115517,1Y
2026-08-19,SELL,2026-08-19 09:30:00+05:30,2026-08-19 17:30:00+05:30,237096.92622817296,2026-08-19 17:30:00+05:30,239467.89549045468,stop,-0.010000000000000009,234749.43190908214,-2370.969262281724,229.67754098253837,-2600.646803264262,1Y
2026-08-24,SELL,2026-08-24 10:30:00+05:30,2026-08-24 16:30:00+05:30,256556.51857346683,2026-08-24 22:30:00+05:30,252970.32349727428,time,0.01397818732547862,254016.3550232345,3586.1950761925546,245.24521485877347,3340.949861333781,1Y
2026-08-26,BUY,2026-08-26 09:30:00+05:30,2026-08-26 18:30:00+05:30,251282.1284175947,2026-08-26 20:30:00+05:30,248769.30713341877,stop,-0.010000000000000009,253820.33173494416,-2512.8212841759378,241.02570273407576,-2753.8469869100136,1Y
2026-08-28,BUY,2026-08-28 11:30:00+05:30,2026-08-28 19:30:00+05:30,257347.8368952831,2026-08-28 19:30:00+05:30,254774.35852633027,stop,-0.010000000000000009,259947.30999523547,-2573.4783689528413,245.8782695162265,-2819.3566384690675,1Y
2026-08-31,SELL,2026-08-31 09:30:00+05:30,2026-08-31 15:30:00+05:30,249503.73056597562,2026-08-31 22:30:00+05:30,246125.1452417602,time,0.013541221674527315,247033.39659997585,3378.5853242154117,239.6029844527805,3138.982339762631,1Y
2026-09-02,SELL,2026-09-02 09:30:00+05:30,2026-09-02 18:30:00+05:30,239838.18297086848,2026-09-02 19:30:00+05:30,242236.56480057718,stop,-0.010000000000000009,237463.54749590938,-2398.381829708698,231.8705463766948,-2630.252376085393,1Y
2026-09-04,SELL,2026-09-04 17:30:00+05:30,2026-09-04 18:30:00+05:30,242860.25044910732,2026-09-04 22:30:00+05:30,242369.28459574992,time,0.002021598233755806,240455.69351396765,490.96585335739655,234.28820035928587,256.6776529981107,1Y
2026-09-08,BUY,2026-09-08 09:30:00+05:30,2026-09-08 11:30:00+05:30,244680.55521116266,2026-09-08 22:30:00+05:30,244906.14615065287,time,0.0009219814761967093,247152.07597087137,225.5909394902119,235.74444416893013,-10.153504678718235,1Y
2026-09-09,BUY,2026-09-09 10:30:00+05:30,2026-09-09 15:30:00+05:30,245046.0126944301,2026-09-09 18:30:00+05:30,249946.93294831872,target,0.020000000000000018,247521.2249438688,4900.920253888617,236.0368101555441,4664.883443733072,1Y
2026-09-11,SELL,2026-09-11 09:30:00+05:30,2026-09-11 17:30:00+05:30,239681.5492132322,2026-09-11 17:30:00+05:30,242078.36470536454,stop,-0.010000000000000009,237308.46456755663,-2396.8154921323294,231.74523937058578,-2628.560731502915,1Y
2026-09-14,SELL,2026-09-14 14:30:00+05:30,2026-09-14 20:30:00+05:30,235099.47502432103,2026-09-14 22:30:00+05:30,236715.79075808707,time,-0.006875029106716779,232771.7574498228,-1616.3157337660377,228.07958001945684,-1844.3953137854946,1Y
2026-09-15,BUY,2026-09-15 17:30:00+05:30,2026-09-15 19:30:00+05:30,235826.53550435652,2026-09-15 22:30:00+05:30,236886.36350248117,time,0.004494099851223288,238208.62172157224,1059.827998124645,228.66122840348524,831.1667697211599,1Y
2026-09-17,SELL,2026-09-17 09:30:00+05:30,2026-09-17 17:30:00+05:30,241573.18928687627,2026-09-17 17:30:00+05:30,243988.92117974503,stop,-0.010000000000000009,239181.37553156065,-2415.73189286876,233.258551429501,-2648.990444298261,1Y
2026-09-21,SELL,2026-09-21 12:30:00+05:30,2026-09-21 16:30:00+05:30,247643.87962398416,2026-09-21 22:30:00+05:30,245313.58141130008,time,0.009409876053558586,245191.96002374668,2330.2982126840798,238.11510369918733,2092.1831089848924,1Y
2026-09-23,BUY,2026-09-23 09:30:00+05:30,2026-09-23 12:30:00+05:30,244595.6397477678,2026-09-23 16:30:00+05:30,242149.6833502901,stop,-0.010000000000000009,247066.30277552304,-2445.956397477683,235.67651179821425,-2681.632909275897,1Y
2026-09-25,BUY,2026-09-25 13:30:00+05:30,2026-09-25 19:30:00+05:30,237301.2224092431,2026-09-25 22:30:00+05:30,239028.18415537625,time,0.007277508849722114,239698.20445378093,1726.9617461331363,229.8409779273945,1497.1207682057418,1Y
2026-09-30,BUY,2026-09-30 12:30:00+05:30,2026-09-30 14:30:00+05:30,226202.76746273477,2026-09-30 20:30:00+05:30,223940.73978810743,stop,-0.010000000000000009,228487.6439017523,-2262.027674627345,220.96221397018783,-2482.9898885975326,1Y
2026-10-01,BUY,2026-10-01 17:30:00+05:30,2026-10-01 20:30:00+05:30,226617.77627317753,2026-10-01 22:30:00+05:30,226740.09015105508,time,0.000539736466790286,228906.84472038134,122.31387787754647,221.29422101854203,-98.98034314099556,1Y
2026-10-02,BUY,2026-10-02 09:30:00+05:30,2026-10-02 19:30:00+05:30,226845.22718327394,2026-10-02 20:30:00+05:30,224576.7749114412,stop,-0.010000000000000009,229136.59311441812,-2268.4522718327353,221.47618174661915,-2489.9284535793545,1Y
2026-10-06,SELL,2026-10-06 09:30:00+05:30,2026-10-06 16:30:00+05:30,229333.61361918395,2026-10-06 22:30:00+05:30,229726.41303911756,time,-0.0017127860749879265,227062.98378137025,-392.7994199336099,223.46689089534718,-616.2663108289571,1Y
2024-10-15,SELL,2024-10-15 10:30:00+05:30,2024-10-15 19:30:00+05:30,102219.66917320304,2024-10-15 19:30:00+05:30,103241.86586493507,stop,-0.010000000000000009,101207.59324079509,-1022.1966917320242,121.77573533856244,-1143.9724270705867,prior year (Oct24-Oct25)
2024-10-17,SELL,2024-10-17 09:30:00+05:30,2024-10-17 16:30:00+05:30,103921.85449508234,2024-10-17 22:30:00+05:30,103125.39116485835,time,0.007664060019845875,102892.92524265578,796.4633302239963,123.13748359606588,673.3258466279304,prior year (Oct24-Oct25)
2024-10-25,SELL,2024-10-25 13:30:00+05:30,2024-10-25 18:30:00+05:30,109426.74999688767,2024-10-25 19:30:00+05:30,110521.01749685654,stop,-0.010000000000000009,108343.31682860164,-1094.2674999688752,127.54139999751014,-1221.8088999663853,prior year (Oct24-Oct25)
2024-11-11,SELL,2024-11-11 09:30:00+05:30,2024-11-11 15:30:00+05:30,102957.61726483375,2024-11-11 18:30:00+05:30,100898.46491953707,target,0.020000000000000018,101938.23491567698,2059.1523452966794,122.366093811867,1936.7862514848125,prior year (Oct24-Oct25)
2024-11-12,SELL,2024-11-12 10:30:00+05:30,2024-11-12 18:30:00+05:30,100359.02677726783,2024-11-12 22:30:00+05:30,100007.45780642469,time,0.003503112596173308,99365.37304679984,351.5689708431455,120.28722142181427,231.28174942133126,prior year (Oct24-Oct25)
2024-11-13,BUY,2024-11-13 09:30:00+05:30,2024-11-13 22:30:00+05:30,99459.3542172216,2024-11-13 22:30:00+05:30,99885.23509288969,time,0.0042819589873663855,100463.9941588097,425.88087566809554,119.56748337377728,306.31339229431825,prior year (Oct24-Oct25)
2024-11-21,BUY,2024-11-21 10:30:00+05:30,2024-11-21 19:30:00+05:30,100863.92217070764,2024-11-21 22:30:00+05:30,100924.51893919904,time,0.0006007774354526152,101882.74966738145,60.59676849140669,120.69113773656612,-60.09436924515943,prior year (Oct24-Oct25)
2024-11-22,BUY,2024-11-22 12:30:00+05:30,2024-11-22 18:30:00+05:30,101236.37104092445,2024-11-22 22:30:00+05:30,102038.01140306577,time,0.007918501561234859,102258.96064739843,801.6403621413192,120.98909683273956,680.6512653085797,prior year (Oct24-Oct25)
2024-11-27,BUY,2024-11-27 11:30:00+05:30,2024-11-27 20:30:00+05:30,98915.69046667035,2024-11-27 21:30:00+05:30,97926.53356200365,stop,-0.010000000000000009,99914.83885522258,-989.1569046666991,119.13255237333628,-1108.2894570400354,prior year (Oct24-Oct25)
2024-11-27,SELL,2024-11-27 20:30:00+05:30,2024-11-27 21:30:00+05:30,99047.00492018201,2024-11-27 22:30:00+05:30,99424.27029496776,time,-0.0038089528814100326,98066.3415051307,-377.26537478575483,119.2376039361456,-496.50297872190043,prior year (Oct24-Oct25)
2024-12-02,BUY,2024-12-02 18:30:00+05:30,2024-12-02 19:30:00+05:30,100263.88781472946,2024-12-02 22:30:00+05:30,100973.5758885421,time,0.007078202224952701,101276.65435831259,709.6880738126347,120.21111025178357,589.4769635608511,prior year (Oct24-Oct25)
2024-12-04,BUY,2024-12-04 10:30:00+05:30,2024-12-04 11:30:00+05:30,102084.1829242551,2024-12-04 18:30:00+05:30,101063.34109501255,stop,-0.010000000000000009,103115.33628712637,-1020.8418292425486,121.66734633940409,-1142.5091755819526,prior year (Oct24-Oct25)
2024-12-06,SELL,2024-12-06 18:30:00+05:30,2024-12-06 19:30:00+05:30,103683.55616677893,2024-12-06 22:30:00+05:30,103059.3379378072,time,0.006020416853446342,101931.19943332954,624.2182289717312,122.94684493342315,501.271384038308,prior year (Oct24-Oct25)
2024-12-12,BUY,2024-12-12 10:30:00+05:30,2024-12-12 14:30:00+05:30,107304.25304002147,2024-12-12 19:30:00+05:30,106231.21050962126,stop,-0.010000000000000009,108388.13438386007,-1073.0425304002129,125.84340243201719,-1198.88593283223,prior year (Oct24-Oct25)
2024-12-27,BUY,2024-12-27 09:30:00+05:30,2024-12-27 15:30:00+05:30,99244.38797097618,2024-12-27 22:30:00+05:30,98671.28332416578,time,-0.005774680649731079,100246.85653633958,-573.1046468104032,119.39551037678095,-692.5001571871842,prior year (Oct24-Oct25)
2025-01-06,BUY,2025-01-06 16:30:00+05:30,2025-01-06 19:30:00+05:30,99450.24657306299,2025-01-06 20:30:00+05:30,101439.25150452425,target,0.020000000000000018,100454.79451824544,1989.0049314612552,119.5601972584504,1869.4447342028047,prior year (Oct24-Oct25)
2025-01-06,SELL,2025-01-06 10:30:00+05:30,2025-01-06 13:30:00+05:30,100027.42988230211,2025-01-06 16:30:00+05:30,101027.70418112513,stop,-0.010000000000000009,99037.05928940803,-1000.2742988230166,120.0219439058417,-1120.2962427288583,prior year (Oct24-Oct25)
2025-01-07,BUY,2025-01-07 18:30:00+05:30,2025-01-07 20:30:00+05:30,101267.30747053243,2025-01-07 22:30:00+05:30,101593.26593074475,time,0.0032187926030042835,102290.20956619437,325.95846021232137,121.01384597642594,204.94461423589541,prior year (Oct24-Oct25)
2025-01-08,BUY,2025-01-08 19:30:00+05:30,2025-01-08 22:30:00+05:30,101536.794152572,2025-01-08 22:30:00+05:30,101501.29963065719,time,-0.0003495730016990217,102562.4183359313,-35.49452191480668,121.2294353220576,-156.7239572368643,prior year (Oct24-Oct25)
2025-01-10,BUY,2025-01-10 13:30:00+05:30,2025-01-10 18:30:00+05:30,102475.97629677171,2025-01-10 19:30:00+05:30,104525.49582270715,target,0.020000000000000018,103511.08716845627,2049.519525935437,121.98078103741737,1927.5387448980196,prior year (Oct24-Oct25)
2025-01-22,BUY,2025-01-22 09:30:00+05:30,2025-01-22 19:30:00+05:30,104199.39243954554,2025-01-22 22:30:00+05:30,104666.7130238008,time,0.004484868609252013,105251.9115550965,467.3205842552561,123.35951395163643,343.9610703036197,prior year (Oct24-Oct25)
2025-01-31,BUY,2025-01-31 09:30:00+05:30,2025-01-31 19:30:00+05:30,108400.76718931785,2025-01-31 22:30:00+05:30,107806.6451215647,time,-0.0054807920936162935,109495.7244336544,-594.1220677531528,126.72061375145428,-720.8426815046071,prior year (Oct24-Oct25)
2025-02-03,BUY,2025-02-03 19:30:00+05:30,2025-02-03 20:30:00+05:30,108645.37682321193,2025-02-03 20:30:00+05:30,107558.92305497981,stop,-0.010000000000000009,109742.80487193125,-1086.4537682321243,126.91630145856955,-1213.3700696906938,prior year (Oct24-Oct25)
2025-02-03,SELL,2025-02-03 09:30:00+05:30,2025-02-03 17:30:00+05:30,108513.89469928591,2025-02-03 19:30:00+05:30,109599.03364627877,stop,-0.010000000000000009,107439.49970226327,-1085.1389469928545,126.81111575942873,-1211.9500627522832,prior year (Oct24-Oct25)
2025-02-05,BUY,2025-02-05 13:30:00+05:30,2025-02-05 18:30:00+05:30,110347.74995754221,2025-02-05 22:30:00+05:30,111171.02871515992,time,0.0074607661500527556,111462.37369448709,823.278757617707,128.27819996603375,695.0005576516733,prior year (Oct24-Oct25)
2025-02-07,BUY,2025-02-07 09:30:00+05:30,2025-02-07 18:30:00+05:30,109571.59706009396,2025-02-07 20:30:00+05:30,111763.02900129584,target,0.020000000000000018,110678.38086878178,2191.4319412018813,127.65727764807518,2063.774663553806,prior year (Oct24-Oct25)
2025-02-13,BUY,2025-02-13 09:30:00+05:30,2025-02-13 19:30:00+05:30,109027.84855718752,2025-02-13 22:30:00+05:30,109342.62485099361,time,0.0028871182727316924,110152.96568026456,314.7762938060914,127.22227884575003,187.5540149603414,prior year (Oct24-Oct25)
2025-02-14,BUY,2025-02-14 09:30:00+05:30,2025-02-14 21:30:00+05:30,109449.75788924092,2025-02-14 22:30:00+05:30,109899.37293087768,time,0.004107958302582482,110555.31099923326,449.61504163676,127.55980631139275,322.0552353253672,prior year (Oct24-Oct25)
2025-02-19,BUY,2025-02-19 13:30:00+05:30,2025-02-19 19:30:00+05:30,111008.82978369312,2025-02-19 22:30:00+05:30,110945.75205276311,time,-0.000568222645468075,112130.13109463951,-63.07773093000287,128.8070638269545,-191.88479475695738,prior year (Oct24-Oct25)
2025-02-20,BUY,2025-02-20 15:30:00+05:30,2025-02-20 18:30:00+05:30,111564.92148981197,2025-02-20 22:30:00+05:30,111819.82045155224,time,0.002284759029419048,112691.83988869896,254.89896174026944,129.25193719184958,125.64702454841986,prior year (Oct24-Oct25)
2025-02-25,SELL,2025-02-25 17:30:00+05:30,2025-02-25 19:30:00+05:30,109355.17600333232,2025-02-25 20:30:00+05:30,107168.07248326567,target,0.020000000000000018,108272.45148844784,2187.103520066652,127.48414080266586,2059.619379263986,prior year (Oct24-Oct25)
2025-02-27,BUY,2025-02-27 13:30:00+05:30,2025-02-27 14:30:00+05:30,107446.59267801353,2025-02-27 18:30:00+05:30,109595.52453157381,target,0.020000000000000018,108531.91179597327,2148.9318535602797,125.95727414241082,2022.9745794178689,prior year (Oct24-Oct25)
2025-02-27,SELL,2025-02-27 19:30:00+05:30,2025-02-27 20:30:00+05:30,107859.18175952786,2025-02-27 22:30:00+05:30,108052.32200072712,time,-0.001790670372688874,106791.26906883947,-193.14024119926034,126.28734540762228,-319.42758660688264,prior year (Oct24-Oct25)
2025-03-03,BUY,2025-03-03 09:30:00+05:30,2025-03-03 10:30:00+05:30,106188.06566738765,2025-03-03 17:30:00+05:30,108311.82698073541,target,0.020000000000000018,107260.67239130066,2123.761313347757,124.95045253391012,1998.810860813847,prior year (Oct24-Oct25)
2025-03-04,BUY,2025-03-04 13:30:00+05:30,2025-03-04 16:30:00+05:30,108232.51889992431,2025-03-04 20:30:00+05:30,107150.19371092507,stop,-0.010000000000000009,109325.77666659022,-1082.325188999239,126.58601511993945,-1208.9112041191784,prior year (Oct24-Oct25)
2025-03-05,BUY,2025-03-05 10:30:00+05:30,2025-03-05 18:30:00+05:30,108543.83380746913,2025-03-05 20:30:00+05:30,110714.71048361852,target,0.020000000000000018,109640.23616916074,2170.87667614939,126.83506704597531,2044.0416091034144,prior year (Oct24-Oct25)
2025-03-06,BUY,2025-03-06 09:30:00+05:30,2025-03-06 15:30:00+05:30,110095.3381512022,2025-03-06 22:30:00+05:30,111446.0048285178,time,0.012268155037233663,111207.41227394162,1350.666677315603,128.07627052096177,1222.5904067946412,prior year (Oct24-Oct25)
2025-03-07,SELL,2025-03-07 18:30:00+05:30,2025-03-07 19:30:00+05:30,110617.64398208665,2025-03-07 22:30:00+05:30,110045.9648310753,time,0.005168064789952798,109522.41978424421,571.6791510113544,128.49411518566933,443.1850358256851,prior year (Oct24-Oct25)
2025-03-14,BUY,2025-03-14 09:30:00+05:30,2025-03-14 18:30:00+05:30,115105.4164546137,2025-03-14 22:30:00+05:30,115205.3980563498,time,0.0008686090091645227,116268.09742890274,99.98160173610086,132.08433316369099,-32.10273142759013,prior year (Oct24-Oct25)
2025-03-26,BUY,2025-03-26 11:30:00+05:30,2025-03-26 22:30:00+05:30,112390.3171831223,2025-03-26 22:30:00+05:30,113049.2124771253,time,0.005862562812501304,113525.57291224475,658.8952940029994,129.91225374649784,528.9830402565016,prior year (Oct24-Oct25)
2025-03-28,BUY,2025-03-28 09:30:00+05:30,2025-03-28 19:30:00+05:30,115317.7704825776,2025-03-28 22:30:00+05:30,114668.04017495687,time,-0.0056342600529109,116482.59644704808,-649.7303076207318,132.25421638606207,-781.9845240067939,prior year (Oct24-Oct25)
2025-04-08,BUY,2025-04-08 19:30:00+05:30,2025-04-08 20:30:00+05:30,100125.84743299831,2025-04-08 21:30:00+05:30,99124.58895866833,stop,-0.010000000000000009,101490.66603172143,-1001.2584743299813,120.10067794639866,-1121.35915227638,prior year (Oct24-Oct25)
2025-04-09,BUY,2025-04-09 12:30:00+05:30,2025-04-09 13:30:00+05:30,100489.0729455406,2025-04-09 22:30:00+05:30,102498.85440445141,target,0.020000000000000018,101504.11408640465,2009.7814589108166,120.39125835643249,1889.3902005543841,prior year (Oct24-Oct25)
2025-04-10,BUY,2025-04-10 09:30:00+05:30,2025-04-10 13:30:00+05:30,102193.40828700208,2025-04-10 22:30:00+05:30,102677.45545039258,time,0.004736579115074413,103225.66493636573,484.0471633904963,121.75472662960166,362.2924367608946,prior year (Oct24-Oct25)
2025-04-14,BUY,2025-04-14 13:30:00+05:30,2025-04-14 18:30:00+05:30,105955.39710090317,2025-04-14 22:30:00+05:30,106908.15239864634,time,0.008992041215567737,107025.65363727593,952.7552977431769,124.76431768072254,827.9909800624544,prior year (Oct24-Oct25)
2025-04-21,BUY,2025-04-21 10:30:00+05:30,2025-04-21 22:30:00+05:30,106633.76051543152,2025-04-21 22:30:00+05:30,107063.31878217861,time,0.004028351477719072,107710.86920750659,429.55826674708806,125.30700841234523,304.25125833474283,prior year (Oct24-Oct25)
2025-04-22,SELL,2025-04-22 12:30:00+05:30,2025-04-22 16:30:00+05:30,107569.88365923203,2025-04-22 21:30:00+05:30,108645.58249582435,stop,-0.010000000000000009,106504.83530617032,-1075.698836592317,126.05590692738562,-1201.7547435197027,prior year (Oct24-Oct25)
2025-04-25,BUY,2025-04-25 10:30:00+05:30,2025-04-25 16:30:00+05:30,109320.47650903088,2025-04-25 18:30:00+05:30,108227.27174394057,stop,-0.010000000000000009,110424.72374649585,-1093.2047650903114,127.45638120722471,-1220.661146297536,prior year (Oct24-Oct25)
2025-05-01,SELL,2025-05-01 12:30:00+05:30,2025-05-01 13:30:00+05:30,105751.47437759695,2025-05-01 16:30:00+05:30,103636.44489004501,target,0.020000000000000018,104704.43007682866,2115.0294875519467,124.60117950207757,1990.428308049869,prior year (Oct24-Oct25)
2025-05-05,BUY,2025-05-05 18:30:00+05:30,2025-05-05 19:30:00+05:30,105724.11860245853,2025-05-05 20:30:00+05:30,104666.87741643394,stop,-0.010000000000000009,106847.14561136613,-1057.241186024592,124.57929488196683,-1181.820480906559,prior year (Oct24-Oct25)
2025-05-05,SELL,2025-05-05 20:30:00+05:30,2025-05-05 21:30:00+05:30,105595.8840748129,2025-05-05 22:30:00+05:30,105596.67102312583,time,-7.452452525313902e-06,104550.38027209198,-0.786948312932509,124.47670725985033,-125.26365557278284,prior year (Oct24-Oct25)
2025-05-07,BUY,2025-05-07 09:30:00+05:30,2025-05-07 15:30:00+05:30,107667.86437108763,2025-05-07 19:30:00+05:30,106591.18572737675,stop,-0.010000000000000009,108755.41855665417,-1076.6786437108822,126.1342914968701,-1202.8129352077522,prior year (Oct24-Oct25)
2025-05-08,SELL,2025-05-08 11:30:00+05:30,2025-05-08 13:30:00+05:30,107220.75358419686,2025-05-08 19:30:00+05:30,108292.96112003883,stop,-0.010000000000000009,106149.53151265599,-1072.207535841968,125.7766028673575,-1197.9841387093254,prior year (Oct24-Oct25)
2025-05-13,BUY,2025-05-13 09:30:00+05:30,2025-05-13 17:30:00+05:30,107574.61334626419,2025-05-13 22:30:00+05:30,108690.38462681253,time,0.010372068705065907,108661.22560228706,1115.771280548346,126.05969067701136,989.7115898713348,prior year (Oct24-Oct25)
2025-05-15,SELL,2025-05-15 09:30:00+05:30,2025-05-15 20:30:00+05:30,107351.05273885402,2025-05-15 22:30:00+05:30,107630.3059046713,time,-0.0026013081259352866,106288.17102856834,-279.2531658172811,125.88084219108322,-405.13400800836433,prior year (Oct24-Oct25)
2025-05-19,BUY,2025-05-19 13:30:00+05:30,2025-05-19 19:30:00+05:30,106685.13541058537,2025-05-19 22:30:00+05:30,106863.99504553214,time,0.0016765187976601759,107762.76304099533,178.8596349467698,125.3481083284683,53.5115266183015,prior year (Oct24-Oct25)
2025-05-20,SELL,2025-05-20 09:30:00+05:30,2025-05-20 15:30:00+05:30,107695.83190614037,2025-05-20 19:30:00+05:30,108772.79022520178,stop,-0.010000000000000009,106629.53654073304,-1076.9583190614067,126.1566655249123,-1203.114984586319,prior year (Oct24-Oct25)
2025-05-22,BUY,2025-05-22 09:30:00+05:30,2025-05-22 15:30:00+05:30,110205.73859681896,2025-05-22 15:30:00+05:30,109103.68121085077,stop,-0.010000000000000009,111318.92787557471,-1102.05738596819,128.16459087745517,-1230.221976845645,prior year (Oct24-Oct25)
2025-05-22,SELL,2025-05-22 15:30:00+05:30,2025-05-22 18:30:00+05:30,110437.40783374036,2025-05-22 22:30:00+05:30,110222.04930824152,time,0.0019500505283776004,109343.96815221818,215.35852549884294,128.3499262669923,87.00859923185064,prior year (Oct24-Oct25)
2025-05-28,BUY,2025-05-28 09:30:00+05:30,2025-05-28 20:30:00+05:30,109231.4866407325,2025-05-28 22:30:00+05:30,109180.53922676656,time,-0.00046641692366145016,110334.83499063889,-50.94741396594327,127.38518931258601,-178.3326032785293,prior year (Oct24-Oct25)
2025-05-29,BUY,2025-05-29 15:30:00+05:30,2025-05-29 19:30:00+05:30,109478.60794215609,2025-05-29 22:30:00+05:30,110102.72373051701,time,0.005700801280654533,110584.45246682432,624.1157883609267,127.58288635372487,496.5329020072018,prior year (Oct24-Oct25)
2025-06-10,BUY,2025-06-10 15:30:00+05:30,2025-06-10 19:30:00+05:30,120642.65831565092,2025-06-10 22:30:00+05:30,121061.4242438182,time,0.003471126498817867,121861.27102591001,418.76592816728225,136.51412665252073,282.2518015147615,prior year (Oct24-Oct25)
2025-06-12,SELL,2025-06-12 12:30:00+05:30,2025-06-12 18:30:00+05:30,120344.44357170594,2025-06-12 22:30:00+05:30,119799.93699419961,time,0.0045245676605076834,119152.91442743162,544.5065775063267,136.27555485736474,408.231022648962,prior year (Oct24-Oct25)
2025-06-16,BUY,2025-06-16 11:30:00+05:30,2025-06-16 19:30:00+05:30,120045.43946204029,2025-06-16 22:30:00+05:30,120436.42736642412,time,0.0032569992340896192,121258.01965862655,390.98790438383,136.03635156963225,254.95155281419778,prior year (Oct24-Oct25)
2025-06-18,BUY,2025-06-18 09:30:00+05:30,2025-06-18 19:30:00+05:30,122994.13803912068,2025-06-18 22:30:00+05:30,123042.91855075446,time,0.0003966084271289638,124236.50306981886,48.780511633784045,138.39531043129654,-89.61479879751249,prior year (Oct24-Oct25)
2025-07-02,SELL,2025-07-02 09:30:00+05:30,2025-07-02 19:30:00+05:30,120942.34294992876,2025-07-02 22:30:00+05:30,121227.37000121684,time,-0.002356718452247053,119744.89400983046,-285.02705128808157,136.753874359943,-421.78092564802455,prior year (Oct24-Oct25)
2025-07-08,BUY,2025-07-08 09:30:00+05:30,2025-07-08 19:30:00+05:30,121130.62204080865,2025-07-08 22:30:00+05:30,121825.95612258752,time,0.00574036581389481,122354.1636775845,695.3340817788703,136.90449763264692,558.4295841462234,prior year (Oct24-Oct25)
2025-07-14,BUY,2025-07-14 09:30:00+05:30,2025-07-14 20:30:00+05:30,127939.30763925675,2025-07-14 22:30:00+05:30,128257.11455317243,time,0.002484044347119463,129231.62387803712,317.8069139156869,142.35144611140538,175.4554678042815,prior year (Oct24-Oct25)
2025-07-16,SELL,2025-07-16 19:30:00+05:30,2025-07-16 20:30:00+05:30,126909.9239557967,2025-07-16 22:30:00+05:30,126427.55492993626,time,0.0038008771168158706,125653.39005524425,482.3690258604329,141.52793916463736,340.8410866957955,prior year (Oct24-Oct25)
2025-07-17,SELL,2025-07-17 17:30:00+05:30,2025-07-17 19:30:00+05:30,126427.25944382392,2025-07-17 22:30:00+05:30,127243.77684899126,time,-0.006458396778980635,125175.50439982566,-816.5174051673384,141.14180755505913,-957.6592127223976,prior year (Oct24-Oct25)
2025-07-23,BUY,2025-07-23 09:30:00+05:30,2025-07-23 21:30:00+05:30,131002.16138350507,2025-07-23 22:30:00+05:30,131545.008657842,time,0.00414380395410241,132325.415538894,542.8472743369348,144.80172910680406,398.04554523013076,prior year (Oct24-Oct25)
2025-07-25,BUY,2025-07-25 12:30:00+05:30,2025-07-25 15:30:00+05:30,130072.93634375541,2025-07-25 19:30:00+05:30,128772.20698031786,stop,-0.010000000000000009,131386.80438763174,-1300.7293634375528,144.05834907500434,-1444.7877125125572,prior year (Oct24-Oct25)
2025-08-01,SELL,2025-08-01 17:30:00+05:30,2025-08-01 18:30:00+05:30,124833.28881835131,2025-08-01 22:30:00+05:30,124229.43692784276,time,0.00483726653542893,122558.85181154031,603.8518905085512,139.86663105468105,463.98525945387007,prior year (Oct24-Oct25)
2025-08-08,BUY,2025-08-08 12:30:00+05:30,2025-08-08 22:30:00+05:30,129465.89720200776,2025-08-08 22:30:00+05:30,129392.40527909303,time,-0.0005676546836118623,130773.63353738158,-73.49192291473446,143.5727177616062,-217.06464067634067,prior year (Oct24-Oct25)
2025-08-12,SELL,2025-08-12 19:30:00+05:30,2025-08-12 20:30:00+05:30,128480.0740555384,2025-08-12 22:30:00+05:30,128249.55549541765,time,0.0017941969742413244,127207.99411439445,230.5185601207486,142.78405924443072,87.73450087631787,prior year (Oct24-Oct25)
2025-08-20,SELL,2025-08-20 09:30:00+05:30,2025-08-20 17:30:00+05:30,126363.44387097236,2025-08-20 22:30:00+05:30,126928.75194369827,time,-0.004473667822025629,125112.32066432908,-565.3080727259076,141.0907550967779,-706.3988278226855,prior year (Oct24-Oct25)
2025-08-26,BUY,2025-08-26 09:30:00+05:30,2025-08-26 14:30:00+05:30,130125.48757193553,2025-08-26 22:30:00+05:30,130305.10889999449,time,0.0013803700674679398,131439.88643629852,179.62132805895817,144.10039005754845,35.52093800140972,prior year (Oct24-Oct25)
2025-09-05,BUY,2025-09-05 10:30:00+05:30,2025-09-05 17:30:00+05:30,140280.43984316147,2025-09-05 22:30:00+05:30,141168.9212489519,time,0.006333608639834454,141697.4139829914,888.4814057904296,152.2243518745292,736.2570539159003,prior year (Oct24-Oct25)
2025-09-08,SELL,2025-09-08 09:30:00+05:30,2025-09-08 12:30:00+05:30,141345.6096773478,2025-09-08 19:30:00+05:30,142759.06577412126,stop,-0.010000000000000009,139946.14819539385,-1413.4560967734724,153.07648774187822,-1566.5325845153507,prior year (Oct24-Oct25)
2025-09-11,SELL,2025-09-11 10:30:00+05:30,2025-09-11 17:30:00+05:30,142241.54389396863,2025-09-11 21:30:00+05:30,143663.95933290833,stop,-0.010000000000000009,140833.21177620656,-1422.4154389397008,153.79323511517492,-1576.2086740548757,prior year (Oct24-Oct25)
2025-09-16,BUY,2025-09-16 11:30:00+05:30,2025-09-16 20:30:00+05:30,145109.91971463116,2025-09-16 22:30:00+05:30,145360.73185676473,time,0.0017284286465515386,146575.67647942543,250.81214213356725,156.08793577170493,94.72420636186231,prior year (Oct24-Oct25)
2025-10-02,BUY,2025-10-02 18:30:00+05:30,2025-10-02 19:30:00+05:30,162060.27147112196,2025-10-02 19:30:00+05:30,160439.66875641074,stop,-0.010000000000000009,164033.7076710452,-1620.6027147112181,169.64821717689756,-1790.2509318881157,prior year (Oct24-Oct25)
2025-10-07,SELL,2025-10-07 12:30:00+05:30,2025-10-07 15:30:00+05:30,165442.89206709134,2025-10-07 20:30:00+05:30,162134.0342257495,target,0.02000000000000013,163804.8436307835,3308.8578413418436,172.35431365367307,3136.5035276881704,prior year (Oct24-Oct25)
2025-10-09,BUY,2025-10-09 17:30:00+05:30,2025-10-09 18:30:00+05:30,166757.89945684012,2025-10-09 19:30:00+05:30,165090.32046227172,stop,-0.010000000000000009,168442.3226836769,-1667.5789945684082,173.4063195654721,-1840.9853141338804,prior year (Oct24-Oct25)
2025-10-09,SELL,2025-10-09 11:30:00+05:30,2025-10-09 14:30:00+05:30,166540.39192335398,2025-10-09 17:30:00+05:30,168205.7958425875,stop,-0.010000000000000009,164891.47715183563,-1665.403919233533,173.2323135386832,-1838.6362327722163,prior year (Oct24-Oct25)
