resolution,pullback,target,rule,sessions,trades,setup_sessions,win,und_net_pct,mic_net_rs_total,mic_net_rs_per_trade,target_hits,stops,opt_ret_mean,opt_pnl_total_rs
5m,0.0,0.02,conservative,49,49,42,0.3673469387755102,-0.002158246971660544,-24952.419121503728,-509.23304329599443,6,25,-0.04093618080371856,-92317.31465998624
5m,0.0,0.02,optimistic,49,49,42,0.3673469387755102,-0.002158246971660544,-24952.419121503728,-509.23304329599443,6,25,-0.04093618080371856,-92317.31465998624
5m,0.0,0.03,conservative,49,49,42,0.3673469387755102,-0.0019551384210400443,-22411.090573660087,-457.3691953808181,2,25,-0.038915335123629685,-84600.22789490601
5m,0.0,0.03,optimistic,49,49,42,0.3673469387755102,-0.0019551384210400443,-22411.090573660087,-457.3691953808181,2,25,-0.038915335123629685,-84600.22789490601
5m,0.01,0.02,conservative,49,25,24,0.32,-0.0021181608882576697,-11912.271135326795,-476.4908454130718,2,10,-0.052063719726023326,-46009.69653497598
5m,0.01,0.02,optimistic,49,25,24,0.32,-0.0021181608882576697,-11912.271135326795,-476.4908454130718,2,10,-0.052063719726023326,-46009.69653497598
5m,0.01,0.03,conservative,49,25,24,0.32,-0.0013181608882576689,-6987.626275900259,-279.5050510360104,2,10,-0.037802982797024966,-31308.67870234455
5m,0.01,0.03,optimistic,49,25,24,0.32,-0.0013181608882576689,-6987.626275900259,-279.5050510360104,2,10,-0.037802982797024966,-31308.67870234455
5m,0.02,0.02,conservative,49,10,10,0.6,0.0012586297331168006,3428.0235039749705,342.80235039749704,1,3,-0.006935988062745776,3200.347948306014
5m,0.02,0.02,optimistic,49,10,10,0.6,0.0012586297331168006,3428.0235039749705,342.80235039749704,1,3,-0.006935988062745776,3200.347948306014
5m,0.02,0.03,conservative,49,10,10,0.5,-0.001741370266883202,-4214.427409884968,-421.44274098849684,0,4,-0.04793449699639781,-16873.3505744176
5m,0.02,0.03,optimistic,49,10,10,0.5,-0.001741370266883202,-4214.427409884968,-421.44274098849684,0,4,-0.04793449699639781,-16873.3505744176
15m,0.0,0.02,conservative,49,48,42,0.3541666666666667,-0.001611262736807004,-18009.948305135946,-375.20725635699887,7,24,-0.033571057441535455,-74137.57981258357
15m,0.0,0.02,optimistic,49,48,42,0.3541666666666667,-0.001611262736807004,-18009.948305135946,-375.20725635699887,7,24,-0.033571057441535455,-74137.57981258357
15m,0.0,0.03,conservative,49,48,42,0.3541666666666667,-0.0011966926093639728,-13023.734637056776,-271.32780493868285,3,24,-0.028427670673729383,-59580.26750428245
15m,0.0,0.03,optimistic,49,48,42,0.3541666666666667,-0.0011966926093639728,-13023.734637056776,-271.32780493868285,3,24,-0.028427670673729383,-59580.26750428245
15m,0.01,0.02,conservative,49,25,24,0.32,-0.0021181608882576697,-11912.271135326795,-476.4908454130718,2,10,-0.051968424089470694,-45927.28491280851
15m,0.01,0.02,optimistic,49,25,24,0.4,0.0002818391117423325,2998.6104479286855,119.94441791714742,4,8,-0.017605901188061174,-7126.1823396226555
15m,0.01,0.03,conservative,49,25,24,0.32,-0.0013181608882576689,-6987.626275900259,-279.5050510360104,2,10,-0.03770672058952395,-31226.10438603163
15m,0.01,0.03,optimistic,49,25,24,0.36,0.0002818391117423325,3306.2871999111057,132.25148799644424,3,9,-0.015345862175132043,-2749.1920335703253
15m,0.02,0.02,conservative,49,10,10,0.6,0.0012586297331168006,3428.0235039749705,342.80235039749704,1,3,-0.006937841918642546,3204.153043174105
15m,0.02,0.02,optimistic,49,10,10,0.6,0.0012586297331168006,3428.0235039749705,342.80235039749704,1,3,-0.006937841918642546,3204.153043174105
15m,0.02,0.03,conservative,49,10,10,0.5,-0.001741370266883202,-4214.427409884968,-421.44274098849684,0,4,-0.047937189276517855,-16872.437068598967
15m,0.02,0.03,optimistic,49,10,10,0.5,-0.001741370266883202,-4214.427409884968,-421.44274098849684,0,4,-0.047937189276517855,-16872.437068598967
1h (same days),0.0,0.02,conservative,49,46,42,0.3695652173913043,-0.0022194308400325245,-24236.01265208274,-526.8698402626683,7,24,-0.038320169599540155,-85512.08771144363
1h (same days),0.0,0.02,optimistic,49,46,42,0.3695652173913043,-0.0022194308400325245,-24236.01265208274,-526.8698402626683,7,24,-0.038320169599540155,-85512.08771144363
1h (same days),0.0,0.03,conservative,49,46,42,0.3695652173913043,-0.001790615268812067,-19285.543780759082,-419.25095175563223,3,24,-0.03276312647790305,-70899.5729759074
1h (same days),0.0,0.03,optimistic,49,46,42,0.3695652173913043,-0.001790615268812067,-19285.543780759082,-419.25095175563223,3,24,-0.03276312647790305,-70899.5729759074
1h (same days),0.01,0.02,conservative,49,25,24,0.32,-0.002478877001879929,-14141.344561831484,-565.6537824732593,1,10,-0.0574672114870508,-51755.46720279144
1h (same days),0.01,0.02,optimistic,49,25,24,0.4,-7.88770018799266e-05,769.5370214239967,30.78148085695987,3,8,-0.023139654493107033,-12978.29391527584
1h (same days),0.01,0.03,conservative,49,25,24,0.32,-0.0020788770018799283,-11690.88443488719,-467.6353773954876,1,10,-0.049078818783386484,-44037.26200917033
1h (same days),0.01,0.03,optimistic,49,25,24,0.36,-0.0004788770018799271,-1396.9709590758266,-55.87883836303306,2,9,-0.02672487560104087,-15569.156315792947
1h (same days),0.02,0.02,conservative,49,10,10,0.6,0.0013574984891873254,3679.890042369446,367.9890042369446,1,3,-0.005260306468402575,4015.1285583441213
1h (same days),0.02,0.02,optimistic,49,10,10,0.6,0.0022483879143590513,5823.7790456694665,582.3779045669467,2,3,0.010604700696692072,10139.737678914731
1h (same days),0.02,0.03,conservative,49,10,10,0.5,-0.001741370266883202,-4214.427409884968,-421.44274098849684,0,4,-0.04773971266531314,-16790.07319248028
1h (same days),0.02,0.03,optimistic,49,10,10,0.6,0.004248387914359053,10791.809022211866,1079.1809022211867,2,3,0.04451605979511115,25013.319591953372
