group,costs,scenario,n,win,mean,ci_lo,ci_hi,median,worst
ALL UC events,0.5%,A buy UC close -> sell next open,17314,0.7557467945015595,0.02112935238765978,0.020314248207472425,0.02195883267495603,0.026567997529707402,-0.4800246236105249
ALL UC events,0.5%,B buy UC close -> sell next close,17314,0.7216125678641562,0.018104909357349645,0.01713417601169128,0.01904982901673384,0.023949863071943914,-0.5298346700436191
ALL UC events,0.5%,C buy next open -> sell next close,9722,0.36957416169512447,-0.004346490229406853,-0.00543056483772926,-0.003276581867662242,-0.005,-0.2389449541284404
ALL UC events,1.0% (base),A buy UC close -> sell next open,17314,0.7374956682453506,0.01612935238765978,0.015314248207472422,0.016958832674956025,0.0215679975297074,-0.4850246236105249
ALL UC events,1.0% (base),B buy UC close -> sell next close,17314,0.7030726579646529,0.01310490935734964,0.012134176011691278,0.014049829016733836,0.018949863071943913,-0.5348346700436191
ALL UC events,1.0% (base),C buy next open -> sell next close,9722,0.3133100185147089,-0.009346490229406854,-0.010430564837729259,-0.00827658186766224,-0.01,-0.24394495412844042
ALL UC events,2.0%,A buy UC close -> sell next open,17314,0.5602980247198799,0.00612935238765978,0.005314248207472424,0.00695883267495603,0.011567997529707403,-0.4950246236105249
ALL UC events,2.0%,B buy UC close -> sell next close,17314,0.5335566593508144,0.003104909357349643,0.00213417601169128,0.004049829016733839,0.008949863071943915,-0.5448346700436191
ALL UC events,2.0%,C buy next open -> sell next close,9722,0.22958239045463896,-0.019346490229406852,-0.02043056483772926,-0.018276581867662244,-0.02,-0.2539449541284404
NOT locked (traded below UC),0.5%,A buy UC close -> sell next open,10831,0.7222786446311513,0.020173679772230554,0.019260947720049475,0.021082838918815273,0.02641273307576009,-0.4800246236105249
NOT locked (traded below UC),0.5%,B buy UC close -> sell next close,10831,0.6894100267749977,0.017665936949643756,0.0164479758630076,0.018825279771190796,0.027891926527125247,-0.5298346700436191
NOT locked (traded below UC),0.5%,C buy next open -> sell next close,7575,0.39524752475247527,-0.00462461380496191,-0.0059326033290537485,-0.0034389754425011338,-0.004583333333333268,-0.2389449541284404
NOT locked (traded below UC),1.0% (base),A buy UC close -> sell next open,10831,0.6983658018650171,0.015173679772230551,0.014260947720049474,0.016082838918815272,0.02141273307576009,-0.4850246236105249
NOT locked (traded below UC),1.0% (base),B buy UC close -> sell next close,10831,0.6672514079955683,0.012665936949643753,0.011447975863007597,0.013825279771190796,0.022891926527125246,-0.5348346700436191
NOT locked (traded below UC),1.0% (base),C buy next open -> sell next close,7575,0.3357095709570957,-0.00962461380496191,-0.010932603329053747,-0.008438975442501134,-0.009583333333333268,-0.24394495412844042
NOT locked (traded below UC),2.0%,A buy UC close -> sell next open,10831,0.5791708983473364,0.0051736797722305525,0.004260947720049476,0.006082838918815274,0.01141273307576009,-0.4950246236105249
NOT locked (traded below UC),2.0%,B buy UC close -> sell next close,10831,0.5559966762071831,0.002665936949643756,0.0014479758630075977,0.0038252797711907974,0.012891926527125248,-0.5448346700436191
NOT locked (traded below UC),2.0%,C buy next open -> sell next close,7575,0.24554455445544554,-0.01962461380496191,-0.02093260332905375,-0.018438975442501133,-0.01958333333333327,-0.2539449541284404
LOCKED all day,0.5%,A buy UC close -> sell next open,6483,0.8116612679315132,0.022725972794526043,0.02162400402661331,0.023804183076815956,0.028085752869682627,-0.4788829452485841
LOCKED all day,0.5%,B buy UC close -> sell next close,6483,0.7754126176153016,0.018838290530859197,0.017733305156414744,0.01996333630499595,0.01499529522465293,-0.4788829452485841
LOCKED all day,0.5%,C buy next open -> sell next close,2147,0.27899394503959013,-0.003365220511274784,-0.004601394222480691,-0.00214296909103712,-0.005,-0.14352813852813862
LOCKED all day,1.0% (base),A buy UC close -> sell next open,6483,0.8028690421101342,0.01772597279452604,0.016624004026613307,0.018804183076815955,0.023085752869682626,-0.4838829452485841
LOCKED all day,1.0% (base),B buy UC close -> sell next close,6483,0.7629184019743945,0.013838290530859198,0.01273330515641474,0.014963336304995946,0.009995295224652931,-0.4838829452485841
LOCKED all day,1.0% (base),C buy next open -> sell next close,2147,0.2342803912435957,-0.008365220511274784,-0.009601394222480691,-0.00714296909103712,-0.01,-0.14852813852813862
LOCKED all day,2.0%,A buy UC close -> sell next open,6483,0.5287675458892488,0.007725972794526043,0.006624004026613309,0.008804183076815957,0.013085752869682627,-0.4938829452485841
LOCKED all day,2.0%,B buy UC close -> sell next close,6483,0.4960666358167515,0.0038382905308592006,0.002733305156414742,0.004963336304995949,-4.704775347069007e-06,-0.4938829452485841
LOCKED all day,2.0%,C buy next open -> sell next close,2147,0.17326502095947835,-0.018365220511274784,-0.01960139422248069,-0.01714296909103712,-0.02,-0.1585281385281386
