strategy,family,cagr,vol,sharpe,sortino,maxdd,calmar,sharpe_is,cagr_is,maxdd_is,sharpe_oos,cagr_oos,maxdd_oos,calmar_oos,exposure,trades,win,avg_net,pf,avg_win,avg_loss,payoff,hold,trades_per_stock_yr,matched_bh_cagr,matched_bh_maxdd,matched_bh_calmar,p_null,null_median,null_p95,sharpe_cost0,sharpe_cost1,sharpe_cost2,sharpe_cost3,cagr_cost0,cagr_cost2,cagr_cost3,sharpe_half_a,sharpe_half_b,c1_is_oos_pos,c2_beats_random_timing,c3_cost_robust,c4_both_halves_pos,passes_screen,oos_sharpe_vs_bh,oos_calmar_vs_bh
BUY&HOLD equal-weight universe,benchmark,0.21433493886482413,0.1744252841450974,0.8858981003721954,1.2327290363396597,-0.3653307317338408,0.5866874047184631,0.9111209129022407,0.20740781249203377,-0.19691791254752167,0.861596893001723,0.2247305916036566,-0.36533073173384056,0.6151428612016759,,,,,,,,,,,,,,,,,,,,,,,,,,True,False,False,False,False,0.0,0.0
BUY&HOLD Nifty 50 price index,benchmark,0.09017753107958226,0.16432443413715134,0.25639286356771984,0.35426620352554206,-0.38439852452742107,0.23459385332044752,0.25318046279210427,0.08830464938615212,-0.27887577879139736,0.2617792780639151,0.09298659698424405,-0.3843985245274205,0.2419015450138935,,,,,,,,,,,,,,,,,,,,,,,,,,True,False,False,False,False,-0.5998176149378079,-0.37324131618778245
sma200_filter,trend filter,0.14869084184934334,0.10436128293613472,0.8400362186271755,1.1670057178898656,-0.14597224488977523,1.0186240676206695,0.7378139976032406,0.13290421962566734,-0.14597224488977523,0.976776050491184,0.17246580439483927,-0.11711154083875885,1.4726627551787839,0.6549761402563987,6361.0,0.19886810249960699,0.04511994261814639,3.0537458590712028,0.3373569013596392,-0.027423179989386655,12.301888456780118,38.5944033956925,3.719463201675183,0.16271700021603763,-0.25231070889458773,0.6449072293797041,0.18407960199004975,0.8017665514382384,0.871046767610876,0.9702561240637584,0.8401382576459093,0.710017518450742,0.5799079861145169,0.1639812515306429,0.13360005098489292,0.11870628902035674,0.8264014677185626,0.8094260368576235,True,False,True,True,False,0.11517915748946095,0.8575198939771079
ema_cross_10_30,EMA crossover,0.15261351659963673,0.09777096685739671,0.9256575710836972,1.2843523663543224,-0.1190995230216263,1.2813948597587994,0.8113951866252334,0.13319586309997877,-0.11681173732421202,1.072759045957999,0.18195808131891744,-0.1190995230216263,1.5277817803340588,0.5869696380399607,6715.0,0.3572598659717051,0.03410660654270605,2.1831048073881445,0.17615932890213198,-0.04485179960656707,3.927586639719563,34.590320178704395,3.9264573807968643,0.1523185592571663,-0.22821367384793145,0.6674383558570758,0.004975124378109453,0.7529523693836322,0.8451104079240339,1.0724179547170642,0.9257700105096917,0.7791122469890859,0.632461479161367,0.16882114592394082,0.13662932636758351,0.12086551284391822,0.927751041104132,0.8740363848194924,True,True,True,True,True,0.21116215295627594,0.9126389191323828
ema_cross_20_50,EMA crossover,0.15431907282801727,0.10155323113897793,0.9098123059340869,1.2654273852928302,-0.12160329103587009,1.269036976824063,0.8052722622389955,0.13695563994995763,-0.11314913760064016,1.0471978851604624,0.18050759796046933,-0.12160329103586953,1.4843973088460631,0.6132552468997292,3662.0,0.3754778809393774,0.07200919438412058,2.8988236222365793,0.29277956404877686,-0.06072331907845151,4.821534272040042,65.37356635718187,2.141278768202251,0.15634565310508353,-0.23760130107474398,0.6580168222896251,0.05970149253731343,0.8324598644466965,0.9129889569258434,0.9872880005068633,0.9099228206391327,0.8325516424636628,0.7551783624363022,0.16318421091855728,0.14552103394040405,0.13678958990260215,0.9478099262795655,0.8271718184241034,True,True,True,True,True,0.18560099215873938,0.8692544476443872
ema_cross_50_200,EMA crossover,0.1607066386400433,0.11528346188739066,0.8635529682253442,1.1913822823766538,-0.20431836235255807,0.7865501504105573,0.9275254054095544,0.16152293322552636,-0.15927764119137566,0.7881137435106259,0.1595725038597935,-0.20431836235255751,0.780999328804556,0.6996639191810399,1077.0,0.4103992571959146,0.2911334836984442,5.8251409999139865,0.8564105810902265,-0.102334984092371,8.368698042862853,227.93129062209843,0.6297534771583355,0.16951267048765373,-0.2678092970102136,0.6329603653796564,0.835820895522388,0.907639608182692,0.9732685180879596,0.8837786359617723,0.863657863818592,0.8435338760145575,0.823406881624124,0.16333363941295187,0.1580854940750427,0.1554701928313016,0.8859739882800333,0.8012417585461346,True,False,True,True,False,-0.07348314949109713,0.1658564676028801
ema_cross_20_50_adx,EMA crossover,0.15178956110870523,0.09501010751367726,0.9419806629631147,1.31651174599931,-0.10580313053858148,1.4346414925157118,0.8523057779469003,0.13716228474199976,-0.10054803563245074,1.0611968422120477,0.1737959346705864,-0.1058031305385817,1.6426350882615024,0.5628555899614555,2965.0,0.41517706576728497,0.08472579736917875,3.1042796928086043,0.30105073325143006,-0.06884744142612197,4.372722166799447,74.02731871838111,1.7337224324739693,0.14861558930559804,-0.21951916274935424,0.677005084404802,0.024875621890547265,0.8428867724219752,0.927869560189959,1.0091694145094678,0.9420950851515673,0.875008709263617,0.8079134415942334,0.15896243806449184,0.14466074030667975,0.1375757071248196,0.9433259410871544,0.8895435593975508,True,True,True,True,True,0.19959994921032465,1.0274922270598266
donchian_20_10,Donchian breakout,0.10812410623400415,0.07553708271984531,0.6378422811045494,0.8664833270950026,-0.09631513557832094,1.1226076315500844,0.5871838387132702,0.10012333412920316,-0.08700318473907165,0.7051320514835886,0.12008887082363162,-0.09631513557832072,1.2468328067293097,0.44021600921479753,6077.0,0.415665624485766,0.020430695808865425,1.6633647406029477,0.12324637517181466,-0.052707126233041024,2.3383247006655057,28.852887938127367,3.553400074922196,0.12966204215992172,-0.1740595551046893,0.7449291828991268,0.9502487562189055,0.722906452978655,0.8243301166840546,0.8090371587818236,0.6379197596691967,0.4667047433139596,0.2954449759061124,0.12217914367665683,0.09424377237642045,0.08053598694854691,0.6563954909809289,0.5763397373827888,True,False,True,True,False,-0.15646484151813445,0.6316899455276338
donchian_55_20,Donchian breakout,0.11183552427268495,0.07196326086550299,0.7134810963336572,0.9805985446218688,-0.08241157629308693,1.3570365876142845,0.6202223034159607,0.10094613141482922,-0.06921413305874913,0.8337735570219642,0.12815739962689943,-0.08241157629308649,1.55508977490157,0.41348661411040805,2961.0,0.4316109422492401,0.04598814964847899,2.125411086242565,0.20122653178279518,-0.07189340256046697,2.7989568530095754,54.44613306315434,1.7313835151957582,0.1255056033844324,-0.1638717896482479,0.7658768092655311,0.9303482587064676,0.8149087996175906,0.920296083793293,0.8015644623871503,0.7135677627289156,0.6255223136204604,0.5374397525247842,0.1187247942824241,0.10498826192009325,0.09818275359697659,0.682965284626288,0.692268179880612,True,False,True,True,False,-0.027823335979758834,0.939946913699894
donchian_100_50,Donchian breakout,0.13625889294932203,0.08668574329949487,0.8629891740273165,1.2013452178958188,-0.09833240656131381,1.3856967170264431,0.852534292445442,0.13107608015616257,-0.09833240656131381,0.8795503136211542,0.14401299301540216,-0.09430944840306332,1.5270261405825842,0.5101522336409919,1412.0,0.4780453257790368,0.14865560103785985,3.778818275110276,0.4228711547592837,-0.10249161573549301,4.125909731490776,136.70467422096317,0.8256377992085142,0.14049467914868985,-0.20023924912781288,0.7016340690481314,0.6019900497512438,0.8803105411455318,0.9707106727326429,0.8983073876546313,0.8630940011366044,0.8278692533575793,0.7926344211069261,0.13964513978681503,0.13288256669358378,0.12951613236152193,0.8550849294846286,0.818125775366081,True,False,True,True,False,0.01795342061943117,0.9118832793809083
supertrend_10_3,SuperTrend,0.13359470221989134,0.0932214754619571,0.7830244028583162,1.0764998311149547,-0.12422995577676388,1.0753823535118656,0.7248539503311769,0.12217207790244822,-0.11443727563604122,0.8607303865845257,0.15072948480459347,-0.12422995577676321,1.2133102991314668,0.5651966870608884,4921.0,0.42328794960373906,0.03876905804104683,2.047759869025468,0.17900559757672033,-0.0641600159028601,2.789986801869553,45.329607803292014,2.877452981519191,0.1489754445376179,-0.22036673701376008,0.6760341717466898,0.572139303482587,0.7892537743933923,0.8779872227129966,0.8954678812962168,0.7831195166640551,0.6707080384543959,0.5582533080055241,0.145231386543752,0.12207522311860997,0.11067177902243874,0.7838818189999565,0.7376426399708564,True,False,True,True,False,-0.0008665064171973214,0.5981674379297909
supertrend_20_3,SuperTrend,0.12623059403900783,0.09246773418096722,0.7163225242285441,0.981253860845599,-0.12562476457147254,1.0048225321623636,0.6447644003497127,0.11371954631799652,-0.1253278176188063,0.8095556983262017,0.1450134167045456,-0.12562476457147176,1.154337818655517,0.5603000792831605,5003.0,0.4263441934839097,0.035167795829122155,1.9326975436783285,0.17092589338090608,-0.06572837911093188,2.6004884905564003,44.241455126923846,2.9254007857225184,0.14822268964455665,-0.2185931070884891,0.6780757710926096,0.9303482587064676,0.782127759336485,0.8736969845127407,0.8315686859908373,0.7164095357714374,0.6011903559744944,0.48593260978689506,0.13798502321288542,0.11459651355183742,0.10308156029250437,0.7425077107111446,0.6499539197438973,True,False,True,True,False,-0.052041194675521374,0.5391949574538412
high52_trail3atr,52-wk high breakout,0.09971957774470797,0.048760230748639506,0.7936573923828769,1.0944895687850182,-0.052521888188792,1.8986289561080136,0.8209846946924977,0.09853600270698903,-0.05004865940093606,0.7617322270668503,0.10151162346251574,-0.052521888188793,1.93274893502736,0.2595750622048697,2315.0,0.4302375809935205,0.041113676147395216,2.1733740041319214,0.17700110327833068,-0.06149729991205264,2.8781930837851446,43.89719222462203,1.3536483747646673,0.10141075653577225,-0.10320495450177758,0.9826151954170531,0.5870646766169154,0.8129603956051256,0.9708994343206166,0.8951985160227721,0.7937537977755653,0.6921726385828749,0.5904802744856396,0.10505084448463542,0.09441371616603655,0.08913314013518181,0.7465163580516361,0.7594868047956199,True,False,True,True,False,-0.09986466593487275,1.3176060738256838
rsi2_oversold_10,RSI(2) mean reversion,0.06658929545710524,0.03631348852088621,0.18683703453348,0.2673243664750514,-0.0836568438464379,0.795981445096564,0.3057584389040261,0.06997236007931873,-0.045784654115260115,0.0431574264766074,0.06164203108649646,-0.08365684384643812,0.7368438522453415,0.11319042418984078,11603.0,0.6165646815478756,0.001587666293981226,1.132440968306797,0.022017794115872093,-0.031264015980194376,0.7042535459878306,3.9122640696371627,6.784614294770814,0.07826601066287764,-0.04314968535996233,1.8138257558535755,0.004975124378109453,-0.29287582605693907,-0.0741116011332439,0.8637156653172664,0.1868597295878653,-0.4930940701182541,-1.1734185859928055,0.09253666540754102,0.04125392359142799,0.016516214649208605,0.07448570978037615,0.2818382877984012,True,True,False,True,False,-0.8184394665251157,0.12170099104366561
rsi2_oversold_5,RSI(2) mean reversion,0.0682879348105856,0.023889352461786976,0.336681302302155,0.49691664199461366,-0.05138536958337292,1.3289373096711548,0.43034606800665604,0.06968456305328119,-0.021722515629429506,0.21972556849270994,0.0662578935580227,-0.05138536958337292,1.2894310986810955,0.06121258358389804,6217.0,0.6181437992600933,0.0026307571899318355,1.2238864788150376,0.023265078365820726,-0.030771810745595124,0.7560516525388757,3.9490107769020426,3.635262179659584,0.07000109141317634,-0.02116390625969422,3.307569526826459,0.004975124378109453,-0.24919297945863433,0.007815919723481895,0.8863424468302771,0.3367221989075051,-0.21735743396701795,-0.773469094613472,0.0821407278192483,0.05461089328608537,0.041107393335703346,0.13351461576852963,0.50763984001453,True,True,False,True,False,-0.6418713245090131,0.6742882374794196
rsi14_pullback_35_55,RSI(14) pullback,0.07867952797059052,0.037478566079759856,0.4907466021178556,0.6919618215710214,-0.12263623759245057,0.64156834484813,0.706357589991797,0.0823967280972524,-0.06392051873850135,0.28897448800818626,0.07324794842318094,-0.12263623759245024,0.5972781769985599,0.10303071100540023,1585.0,0.7141955835962145,0.020417821712340377,1.932265637431278,0.059254235720130985,-0.07663034750801052,0.7732476446611033,26.04479495268139,0.9267959714911437,0.07665233292541829,-0.03888345389304726,1.9713354975167077,0.7711442786069652,0.6153201987550889,0.8471174594491468,0.5795585667343645,0.4908062130020255,0.40187841499253035,0.31279729732841294,0.0821992079045677,0.07517112392571201,0.07167396018344174,0.39268670756663115,0.5495360786568805,True,False,True,True,False,-0.5726224049935368,-0.017864684203116044
xs_momentum_12-1_top10,Cross-sectional momentum,0.21918229771209874,0.2330993770926895,0.7322588860566555,1.0143082710316902,-0.4172336412520137,0.5253226874381163,0.880217462621322,0.23791843251268485,-0.25630574133275075,0.5797322870058178,0.19213438225314428,-0.41723364125201357,0.460495902671216,,,,,,,,,,,,,,0.32338308457711445,0.7419111709971382,0.8955052504750333,0.7855442342218307,0.7323478333859913,0.6789044115376329,0.6252536405292,0.23411138127139508,0.2044171889310067,0.1898144325574429,0.8007877610427676,0.7763667422683727,True,False,True,True,False,-0.28186460599590524,-0.15464695853045995
xs_momentum_12-1_top20,Cross-sectional momentum,0.2347728387755248,0.20435531380630656,0.8680857717570373,1.1990637172415926,-0.4031921102087973,0.5822852998138907,1.0885703948935335,0.25970339689124167,-0.2284426586184991,0.6456273635738534,0.19896859721073845,-0.4031921102087974,0.49348335984972624,,,,,,,,,,,,,,0.06467661691542288,0.7955570735348922,0.9279055976104293,0.919163115189335,0.8681912179489545,0.8169752646355867,0.7655492300523502,0.2474720843764051,0.22219125249367244,0.20972634127845025,0.9152444083801772,0.8748478208494512,True,True,True,True,True,-0.21596952942786962,-0.1216595013519497
xs_momentum_6-1_top10,Cross-sectional momentum,0.2115228660161832,0.2355820838733118,0.6995099952117625,0.9704266242550915,-0.43313495985321115,0.4883532515774483,0.8466234455044732,0.23385053577962633,-0.2452295420840125,0.5396750811579183,0.1793879688698079,-0.4331349598532114,0.41416183290908254,,,,,,,,,,,,,,0.3283582089552239,0.7266224942298578,0.8985544566310182,0.7740409981111864,0.6995949645403736,0.6247018383046574,0.5494698727243021,0.23254781961926185,0.19082395143299524,0.17044651808022682,0.730158159833722,0.6558412440457075,True,False,True,True,False,-0.32192181184380475,-0.2009810282925934
xs_momentum_12-1_top10_niftyRegime,Cross-sectional momentum,0.19585068149788243,0.18812856512873471,0.7509778178260278,1.050323735454489,-0.24412443736443046,0.8022575847477135,0.7010537675114983,0.17716752564778027,-0.2322648174581804,0.8182318235391072,0.22406508796579105,-0.24412443736443012,0.9178314567144527,,,,,,,,,,,,,,0.16417910447761194,0.6904232591279893,0.8746876111929718,0.8097502173694027,0.7510690389399782,0.6919578889573609,0.6324846056106682,0.20896767823624418,0.1828594868121758,0.16999304154897366,0.8924305137018247,0.8219781198155175,True,False,True,True,False,-0.04336506946261587,0.3026885955127767
xs_lowvol_top20,Low volatility,0.17837541463220297,0.13599356529715573,0.8651763318648579,1.2370296973398671,-0.24570181975840033,0.7259832866016226,1.0168405578004682,0.19075760709121714,-0.14225431265934407,0.6864795228570157,0.1604073177417269,-0.24570181975840077,0.6528536007566237,,,,,,,,,,,,,,0.04975124378109453,0.7967481257296966,0.896545199946698,0.9001029187804976,0.8652814246477377,0.8303477946726382,0.7953141972699908,0.183851043767286,0.17292254668093077,0.16749235558881614,0.8003830353549571,0.822995175986002,True,True,True,True,True,-0.1751173701447073,0.03771073955494775
