,price,above_200dma,ma50_over_200,mom_12_1_pct,vol_pct,ret_1y_pct,cagr_3y_pct,worst_dd_3y_pct,pos_years_of_5,turnover_cr,listed_3y,score
DIVISLAB,9361.0,True,True,64.16695925153348,24.2841145580091,64.97766028487439,35.86813323749267,-18.15841979390518,4,462.89854788,True,1.736842105263158
TORNTPHARM,4617.10009765625,True,True,38.223566964669246,22.205372815446854,29.872210934263244,36.772173856480464,-16.981829090723256,4,173.30962383657226,True,1.6842105263157894
AUROPHARMA,1645.0,True,True,52.36346948141348,25.944530826470057,50.98669114272602,23.93641480222133,-34.62233315597639,3,134.2562169223804,True,1.5789473684210527
ZYDUSLIFE,1112.0,True,True,16.716026357680903,23.570429319544377,12.186203276705164,21.594025802273652,-36.80529451590162,3,185.9001399555835,True,1.263157894736842
ICICIBANK,1349.0,True,True,6.782476251699565,19.602808146235798,0.9103751058092691,11.76044767014659,-18.36591786547912,5,1363.5177053132966,True,1.2105263157894737
TVSMOTOR,3839.39990234375,True,True,20.550132376226273,27.24616328636215,12.013593047630522,38.19428848868749,-26.209434781016817,5,297.57236688529787,True,1.1578947368421053
ABB,6770.0,True,True,45.01860592575899,30.699163201341385,32.065639240972345,16.539116085988013,-47.49908711828138,4,132.5067465375,True,1.1578947368421053
BOSCHLTD,43155.0,True,True,26.06867514787772,29.20557540355752,13.28461584605234,32.492916417085624,-32.51116119581453,5,112.1528805,True,1.1052631578947367
KOTAKBANK,435.0,True,True,6.153025540584145,21.657597950143344,9.397217347658081,6.432121018783055,-22.027624549375403,3,872.4775651802139,True,1.1052631578947367
SIEMENS,3639.0,True,True,27.08673600962779,30.919888912102955,17.766394789670372,17.79694000257792,-41.90319700257834,4,95.83028343004273,True,1.0
ADANIPORTS,1708.0,True,True,23.00756317564754,29.530609533294932,24.00219078629022,26.319845091588334,-33.77668944451003,5,393.14985042480345,True,0.9473684210526315
TECHM,1496.199951171875,True,True,14.939069846970842,27.475277497138755,9.95641348643126,9.026641567210847,-29.14996477053069,2,296.71389523633485,True,0.8947368421052632
PNB,115.29000091552734,True,True,8.630668761670046,27.344062848958313,8.339360435121378,22.71039424104535,-37.662914099717156,4,160.63345293618502,True,0.8421052631578948
GAIL,167.6999969482422,True,True,3.129312110689031,25.15845800707494,-1.7341742827450823,15.154772384112047,-39.52142407619418,4,117.68790740932783,True,0.736842105263158
COFORGE,1814.300048828125,True,True,25.528515443357456,38.67212239446091,17.698393642483445,19.649536537701028,-45.575312496008195,3,478.2411758186316,True,0.6842105263157895
ADANIENT,2596.0,True,True,17.605859581142024,36.79222968733113,3.4931564314049757,0.8312864092365979,-51.708112898317125,2,523.6651196805957,True,0.631578947368421
PERSISTENT,5468.0,True,True,14.550534396246473,34.490322760910594,13.061790988930632,24.039467248736845,-34.97526233047748,2,233.4775174675,True,0.5263157894736843
HAL,4647.39990234375,True,True,3.490693544650325,28.047707374225674,-0.9386596381247281,34.49214989577343,-44.51862676849186,5,356.5213871224341,True,0.5263157894736842
LODHA,1065.5999755859375,True,True,4.234030336912453,38.00897939438142,-7.440183181468518,11.03293297678476,-57.33485206459237,3,234.1434727832025,True,0.21052631578947373
