strategy,symbol,status,bars_in_state,last_close,atr_pct,avg_turnover_cr,exit_ref,exit_ref_label,liquid,dist_to_exit_%,rules_long_of_6
ema_cross_20_50_adx,DIVISLAB,HOLD,115,9361.0,2.3,462.9,8884.18,EMA50 level (exit when EMA20 closes below EMA50),True,5.4,6
ema_cross_20_50_adx,AUROPHARMA,HOLD,114,1645.0,2.22,134.3,1648.28,EMA50 level (exit when EMA20 closes below EMA50),True,-0.2,6
ema_cross_20_50_adx,KOTAKBANK,HOLD,47,435.0,2.26,872.5,409.91,EMA50 level (exit when EMA20 closes below EMA50),True,6.1,5
ema_cross_20_50_adx,ZYDUSLIFE,HOLD,103,1112.0,2.86,185.9,1141.13,EMA50 level (exit when EMA20 closes below EMA50),True,-2.6,4
ema_cross_20_50_adx,COALINDIA,HOLD,12,409.35,2.1,315.7,416.95,EMA50 level (exit when EMA20 closes below EMA50),True,-1.8,4
ema_cross_20_50_adx,ADANIPORTS,HOLD,11,1708.0,2.73,393.1,1744.64,EMA50 level (exit when EMA20 closes below EMA50),True,-2.1,4
ema_cross_20_50_adx,DRREDDY,HOLD,4,1180.0,2.18,274.6,1196.13,EMA50 level (exit when EMA20 closes below EMA50),True,-1.3,4
ema_cross_20_50_adx,BOSCHLTD,HOLD,121,43155.0,2.8,112.2,45725.19,EMA50 level (exit when EMA20 closes below EMA50),True,-5.6,3
ema_cross_20_50_adx,HAL,HOLD,118,4647.4,2.47,356.5,4743.96,EMA50 level (exit when EMA20 closes below EMA50),True,-2.0,3
ema_cross_20_50_adx,COFORGE,HOLD,91,1814.3,3.33,478.2,1780.23,EMA50 level (exit when EMA20 closes below EMA50),True,1.9,3
ema_cross_20_50_adx,DLF,HOLD,77,636.95,2.72,292.3,657.33,EMA50 level (exit when EMA20 closes below EMA50),True,-3.1,3
ema_cross_20_50_adx,PNB,HOLD,51,115.29,2.43,160.6,114.06,EMA50 level (exit when EMA20 closes below EMA50),True,1.1,3
ema_cross_20_50_adx,PERSISTENT,HOLD,49,5468.0,2.84,233.5,5410.92,EMA50 level (exit when EMA20 closes below EMA50),True,1.1,3
