,2010,2011,2012,2013,2014,2015,2016,2017,2018,2019,2020,2021,2022,2023,2024,2025,2026
BUY&HOLD equal-weight universe,0.4056777336067987,-0.1625178393690191,0.4861801186843282,0.1232797559822274,0.6242070139961189,0.0820627499815858,0.11762363757100092,0.4586986517131353,0.02544619254417535,0.13773933553971673,0.29954305675507387,0.45607293923152725,0.10422853094814388,0.4438076112938476,0.2302488566354841,0.11948792337224257,-0.05145019867290368
BUY&HOLD Nifty 50 price index,0.176866302473061,-0.2261108663907384,0.2576858215939726,0.0380260964157586,0.3495013505701903,-0.0719616431007275,0.049824830906769035,0.2766306247707697,0.0335465513144213,0.12879314338661363,0.15070798276215935,0.2573170609373341,0.032438429415144965,0.19477736298463766,0.09203427317985446,0.10123659498542481,-0.14972338159445897
sma200_filter,0.3286722102800339,-0.09718861494415543,0.22674618624809284,0.05351434796711585,0.5307366399096647,0.05232075107575973,0.04160395876213174,0.2890978102471997,-0.016965903695765117,0.054990453151667396,0.23902117514260035,0.40340635001437164,0.035043441649721396,0.34275519227567397,0.21241544046066885,0.03235693227929515,-0.02998226285092309
ema_cross_10_30,0.2901023223717223,-0.07750599044075612,0.2553855292912208,0.12282822815487293,0.4114445640416171,0.003369515371718146,0.12412208370786115,0.24082118670958286,0.011039684793949789,0.040607582842348666,0.39610227866937686,0.3044582760109804,0.05541196855828434,0.36107219404543955,0.1731230409144051,0.036980698122698774,-0.026345583706259612
ema_cross_20_50,0.29367616852012524,-0.06379403049943366,0.23009476812185592,0.07403264871328252,0.4579130318937161,0.03991644824663476,0.12254712548062674,0.2738524404903142,-0.004328113249718046,0.04333882975882841,0.27443064134861017,0.3460384480572032,0.03312881359316533,0.36148171788787353,0.20647780933424298,0.06787457812375286,-0.011487142726098742
ema_cross_50_200,0.36626353240428045,-0.07619731622064863,0.2471987193866132,0.06587937587606296,0.5249695823306713,0.0903658864454504,0.06488781488718565,0.3513530759357575,0.006280248165719815,0.10431822021855841,0.1039541945749427,0.41903293140250764,0.049177533564281006,0.33708507525663856,0.21766690566467317,0.05439560270104504,-0.03504634607493762
ema_cross_20_50_adx,0.27998614705479485,-0.048186548188764,0.2228408183334183,0.06840686983626854,0.4585889333215547,0.05057747761895648,0.11380368478400182,0.2611186271797781,0.007174200588324187,0.046267735621729145,0.25765225073468523,0.32256510758157364,0.03988446242564159,0.3369575263309621,0.20215042149976403,0.067408607078697,-0.0035854582413993308
donchian_20_10,0.1987657216051466,-0.06986356231570878,0.18540324715025513,0.08456384792974037,0.34913887826776224,0.003981365125184544,0.08983053024718979,0.15931988088832938,0.03508586978904504,0.021362807014340124,0.2908938204873708,0.2138197486479756,0.035399029747214206,0.2573929456621169,0.07223156534643227,0.007709468206603898,-0.022859726565025884
donchian_55_20,0.22791155213022152,-0.03774291590663914,0.14833458313880898,0.07807757523229819,0.3297651396326935,0.018845474710652566,0.08811292507289092,0.16567383596153795,0.002597282230245135,0.03683264263582364,0.20109218800729467,0.1997353118281937,0.020167806271649935,0.24228521068123454,0.17527170351932542,0.04277344318326137,0.010206243119540215
donchian_100_50,0.26167713702583306,-0.04653729810494589,0.16133167868721698,0.06523536431266574,0.44998984226920635,0.07956923653037551,0.09659902976925872,0.23224164227501065,0.007388723100654415,0.07906863587510848,0.16353605308649022,0.3025751377645971,0.0428901311194716,0.2644835092950777,0.18105809957357288,0.06348323951326429,-0.010165577995290387
supertrend_10_3,0.2635841732401145,-0.08510268498108087,0.2384346907542807,0.10490768277564277,0.38911822655754236,0.001685377015952616,0.09718707073978061,0.23300786698643017,0.022863682826391063,0.03816735818911088,0.4032418405525391,0.2636154236780315,0.012458267919914112,0.3079276706597911,0.10568679668114611,0.022719378027667103,-0.02635408727325428
supertrend_20_3,0.24739597368314659,-0.09220349205012168,0.24533328663729148,0.10629007735615481,0.3576973610503633,-0.01698496933816529,0.09751973725457752,0.21159229498834886,0.022980034582966713,0.03522686329401381,0.40103229702265675,0.23959273084497923,0.0040322338754379405,0.3032305880577759,0.1051251295063873,0.025879558286448168,-0.029795890656575397
high52_trail3atr,0.1898626385619535,0.019506343928185288,0.12633699367541085,0.06863051945489929,0.26939187762028105,0.02743645516541915,0.07993301792146679,0.12209759747211701,0.05530357166361499,0.04978865195598203,0.134669194329599,0.14923815642708527,0.03255307162600807,0.19074102314163355,0.11021069951281315,0.05694347089809537,0.022350030890255113
rsi2_oversold_10,0.10783148881720273,0.014652664827892181,0.08483465652706501,0.04578855579925101,0.12576508464745695,0.08526524349562559,0.03941298420859951,0.08195026924867732,0.04859807220576284,0.06949068709609696,0.031188846793136937,0.09782956787680264,0.05033269942142082,0.07084245691514979,0.08028004479696449,0.07069427284172436,0.017701464256323574
rsi2_oversold_5,0.09203053589058574,0.038328921538033356,0.07157076754763336,0.0571460300335056,0.10322778200015903,0.08258534624144431,0.05093583896400444,0.085717051271758,0.05086150472795903,0.06538257971719585,0.043707383457017634,0.10484408792195365,0.0560772154148752,0.058490681469052896,0.07956189356069898,0.07296724708832869,0.033708523882506114
rsi14_pullback_35_55,0.11620959967905664,0.04358138298864733,0.08031308673337101,0.08380938732057563,0.12324488862129512,0.08311379543922515,0.04797150810001982,0.10731947897661809,0.055312211470814,0.08521182340988775,0.03518283758348706,0.12243055705993111,0.08525095243916359,0.07614561236849027,0.06067220318488786,0.07733055187136939,0.040363409363748826
xs_momentum_12-1_top10,0.4079784448155963,-0.15843951580561222,0.49312913637809075,0.11419437880140215,0.8500019915184513,0.2894291827475326,0.13491403273170643,0.4879022972533025,-0.03466641769191592,0.09964914144400794,0.1876197465360978,0.47421524919754643,0.12460219996748001,0.5641037180279387,0.1771531210249897,0.02172677546121715,-0.11348303367656565
xs_momentum_12-1_top20,0.41205434080262604,-0.1129769221200303,0.6110305433366181,0.2416395757501255,0.6968489856904634,0.1902117949935862,0.07205969791524791,0.6148604937090059,-0.004814373967463315,0.1508971073729628,0.16973814633808737,0.5326134046611177,0.11783210155158153,0.5736930329104915,0.2604705467758801,-0.0025745491269697496,-0.13916111889881122
xs_momentum_6-1_top10,0.3857621276739438,-0.18884111352148336,0.4920830791037547,0.09830073944277018,0.9977030002811969,0.12253418570957875,0.10142062526414941,0.534941853927803,-0.11290726918188032,0.3165810634307409,0.21690990164641288,0.5989856479562399,0.01798036850375717,0.46485845315727725,0.3407298270786585,-0.027222124354400967,-0.19317202324410943
xs_momentum_12-1_top10_niftyRegime,0.4079784448155963,-0.11533939905456347,0.417725841940634,-0.001062248351862194,0.8500019915184513,0.122060429902479,0.15065805731815773,0.3015996874308995,-0.10386666732814276,0.037580520658666794,0.32747681441279863,0.47421524919754643,0.026267441837371397,0.4106415327398889,0.1771531210249897,0.15925695250586913,0.01564029762800634
xs_lowvol_top20,0.35245919858190056,-0.0993466046757624,0.38628273603291974,0.16066604814865615,0.57967971020409,0.10790448455019641,0.06327051056682009,0.30972634867494286,0.11908302892613598,0.06979488277887236,0.4477270404916718,0.2512714358796302,0.08698348926040556,0.31672418062688457,0.08558248032744209,0.0888197193030218,-0.10725014076272177
